2025-10-13 23:36:54,542 - INFO - Starting Alpaca trades data download...
2025-10-13 23:36:55,600 - INFO - Alpaca client initialized successfully
2025-10-13 23:36:55,611 - INFO - Trades database initialized
2025-10-13 23:36:55,612 - INFO - Date range: 2025-10-06 to 2025-10-13
2025-10-13 23:36:55,612 - ERROR - Error fetching activities: cannot import name 'GetAccountActivitiesRequest' from 'alpaca.trading.requests' (/Users/felixstrasser/Library/Python/3.9/lib/python/site-packages/alpaca/trading/requests.py)
2025-10-13 23:36:55,612 - ERROR - Error in download_trades: cannot import name 'GetAccountActivitiesRequest' from 'alpaca.trading.requests' (/Users/felixstrasser/Library/Python/3.9/lib/python/site-packages/alpaca/trading/requests.py)
2025-10-13 23:36:55,612 - ERROR - Error in main execution: cannot import name 'GetAccountActivitiesRequest' from 'alpaca.trading.requests' (/Users/felixstrasser/Library/Python/3.9/lib/python/site-packages/alpaca/trading/requests.py)
2025-10-13 23:37:04,331 - INFO - Starting Alpaca trades data download...
2025-10-13 23:37:05,318 - INFO - Alpaca client initialized successfully
2025-10-13 23:37:05,321 - INFO - Trades database initialized
2025-10-13 23:37:05,323 - INFO - Date range: 2025-10-06 to 2025-10-13
2025-10-13 23:37:05,323 - INFO - Fetching activities from Alpaca API...
2025-10-13 23:37:05,323 - ERROR - Error fetching activities: 'TradingClient' object has no attribute 'get_account_activities'
2025-10-13 23:37:05,323 - ERROR - Error in download_trades: 'TradingClient' object has no attribute 'get_account_activities'
2025-10-13 23:37:05,323 - ERROR - Error in main execution: 'TradingClient' object has no attribute 'get_account_activities'
2025-10-13 23:37:22,082 - INFO - Starting Alpaca trades data download...
2025-10-13 23:37:23,078 - INFO - Alpaca client initialized successfully
2025-10-13 23:37:23,082 - INFO - Trades database initialized
2025-10-13 23:37:23,083 - INFO - Date range: 2025-10-06 to 2025-10-13
2025-10-13 23:37:23,083 - INFO - Fetching activities from Alpaca API...
2025-10-13 23:37:23,660 - INFO - Successfully fetched 100 activities
2025-10-13 23:37:23,666 - INFO - Saved 0 new trades, skipped 100 existing trades
2025-10-13 23:37:23,668 - INFO - Download completed: 0 new trades saved, 100 existing trades skipped
2025-10-13 23:37:23,668 - INFO - Trades data download completed successfully
2025-10-13 23:39:51,187 - INFO - Starting Alpaca trades data download...
2025-10-13 23:39:52,202 - INFO - Alpaca client initialized successfully
2025-10-13 23:39:52,265 - INFO - Trades database initialized
2025-10-13 23:39:52,267 - INFO - Date range: 2025-10-06 to 2025-10-13
2025-10-13 23:39:52,267 - INFO - Fetching orders from Alpaca API...
2025-10-13 23:39:53,011 - INFO - Successfully fetched 500 orders
2025-10-13 23:39:53,012 - ERROR - Error saving order 761a442d-8572-4b3b-adfb-9b8992038b65: Error binding parameter 0 - probably unsupported type.
2025-10-13 23:39:53,012 - ERROR - Error saving order 20922ae9-a6d0-43aa-8e43-95e39c75d808: Error binding parameter 0 - probably unsupported type.
2025-10-13 23:39:53,012 - ERROR - Error saving order 63a423b8-4a85-4b2f-8f93-5f1bfc19eadc: Error binding parameter 0 - probably unsupported type.
2025-10-13 23:39:53,012 - ERROR - Error saving order b0bd9631-4cd5-404a-b1a3-3bd95dc4679b: Error binding parameter 0 - probably unsupported type.
2025-10-13 23:39:53,013 - ERROR - Error saving order 16fd29a5-f63d-4ec6-9858-896b959ffb7c: Error binding parameter 0 - probably unsupported type.
2025-10-13 23:39:53,013 - ERROR - Error saving order 5638e2f8-8523-48d0-8575-62e0bb31a897: Error binding parameter 0 - probably unsupported type.
2025-10-13 23:39:53,013 - ERROR - Error saving order aa48f460-4796-4587-bda8-d993d7abc0a9: Error binding parameter 0 - probably unsupported type.
2025-10-13 23:39:53,013 - ERROR - Error saving order ecd1d2b1-d087-4273-8b94-c2715d5d637a: Error binding parameter 0 - probably unsupported type.
2025-10-13 23:39:53,013 - ERROR - Error saving order c747229f-960f-436c-b77e-2a861789b176: Error binding parameter 0 - probably unsupported type.
2025-10-13 23:39:53,013 - ERROR - Error saving order 4381234c-4e7f-4da8-a01b-f980352ba454: Error binding parameter 0 - probably unsupported type.
2025-10-13 23:39:53,013 - ERROR - Error saving order c1889508-5f7d-4cc3-9556-6028428642a8: Error binding parameter 0 - probably unsupported type.
2025-10-13 23:39:53,013 - ERROR - Error saving order b4835af3-ae1d-4d55-8810-a50aaa8209f4: Error binding parameter 0 - probably unsupported type.
2025-10-13 23:39:53,014 - ERROR - Error saving order ba316385-86ff-4069-8cfd-aa7f94447976: Error binding parameter 0 - probably unsupported type.
2025-10-13 23:39:53,014 - ERROR - Error saving order 405d3902-edd2-4446-8935-963cd1e70071: Error binding parameter 0 - probably unsupported type.
2025-10-13 23:39:53,014 - ERROR - Error saving order 4b185dbc-f4bb-477a-ab37-9fa543ce499f: Error binding parameter 0 - probably unsupported type.
2025-10-13 23:39:53,014 - ERROR - Error saving order 4dac3165-5d0d-470b-ba2e-72d0d780933c: Error binding parameter 0 - probably unsupported type.
2025-10-13 23:39:53,014 - ERROR - Error saving order e53ea354-2e2a-48db-96dc-fdaa83853dc3: Error binding parameter 0 - probably unsupported type.
2025-10-13 23:39:53,014 - ERROR - Error saving order ff589f1a-173b-444d-b1bb-208696419e94: Error binding parameter 0 - probably unsupported type.
2025-10-13 23:39:53,014 - ERROR - Error saving order 82697024-f10e-4470-a35d-fedf3ce6362d: Error binding parameter 0 - probably unsupported type.
2025-10-13 23:39:53,014 - ERROR - Error saving order fa795e33-70bc-4907-976a-b08da3e661d0: Error binding parameter 0 - probably unsupported type.
2025-10-13 23:39:53,014 - ERROR - Error saving order 61009bd5-e296-4edb-a5c3-131389683e2a: Error binding parameter 0 - probably unsupported type.
2025-10-13 23:39:53,015 - ERROR - Error saving order f034e6ce-964d-43a8-9504-c1798be53d94: Error binding parameter 0 - probably unsupported type.
2025-10-13 23:39:53,015 - ERROR - Error saving order 5ef66670-ac72-4d8b-b05f-2298cfc3f4b4: Error binding parameter 0 - probably unsupported type.
2025-10-13 23:39:53,015 - ERROR - Error saving order b5aea7b3-7956-4202-a0fa-4529ec95ed96: Error binding parameter 0 - probably unsupported type.
2025-10-13 23:39:53,015 - ERROR - Error saving order 12f9d6e3-33e0-4150-993d-15022620db1e: Error binding parameter 0 - probably unsupported type.
2025-10-13 23:39:53,015 - ERROR - Error saving order c019de03-6dda-4c5c-a5f4-9d49c1544822: Error binding parameter 0 - probably unsupported type.
2025-10-13 23:39:53,015 - ERROR - Error saving order f45b2b14-1057-4857-8b8e-df1cfa42675a: Error binding parameter 0 - probably unsupported type.
2025-10-13 23:39:53,015 - ERROR - Error saving order 5685d518-fdf7-4a3e-855e-03e0fb8d4724: Error binding parameter 0 - probably unsupported type.
2025-10-13 23:39:53,015 - ERROR - Error saving order ee9209a8-adcc-4251-b2c5-3221371e7d95: Error binding parameter 0 - probably unsupported type.
2025-10-13 23:39:53,015 - ERROR - Error saving order 5eb5962e-73d2-42ff-a725-f4b3e4c3a6cc: Error binding parameter 0 - probably unsupported type.
2025-10-13 23:39:53,015 - ERROR - Error saving order c5d8dbe3-648b-4c25-9163-c391b2dc9e42: Error binding parameter 0 - probably unsupported type.
2025-10-13 23:39:53,016 - ERROR - Error saving order 7b1d5e89-3178-4366-9170-c63a06b6fbb2: Error binding parameter 0 - probably unsupported type.
2025-10-13 23:39:53,016 - ERROR - Error saving order 8a6ab426-5756-400b-b203-c43da90aaf45: Error binding parameter 0 - probably unsupported type.
2025-10-13 23:39:53,016 - ERROR - Error saving order e08cd1ea-cb7f-4382-b4ff-3c3e1dbffa13: Error binding parameter 0 - probably unsupported type.
2025-10-13 23:39:53,016 - ERROR - Error saving order ae06f8e0-bed7-4daf-84d1-d9932df9ab95: Error binding parameter 0 - probably unsupported type.
2025-10-13 23:39:53,016 - ERROR - Error saving order 75c35d0a-c1fe-4e07-9875-d757e44f1362: Error binding parameter 0 - probably unsupported type.
2025-10-13 23:39:53,016 - ERROR - Error saving order 86d06fb9-d1bd-411b-ae9b-d2898fd9025a: Error binding parameter 0 - probably unsupported type.
2025-10-13 23:39:53,016 - ERROR - Error saving order f52feb59-9a00-4e99-a2a8-f4b279953561: Error binding parameter 0 - probably unsupported type.
2025-10-13 23:39:53,016 - ERROR - Error saving order a5bfaadf-6197-471c-8ab1-d87311c0a316: Error binding parameter 0 - probably unsupported type.
2025-10-13 23:39:53,016 - ERROR - Error saving order e0a8e06b-109d-45b8-b3f7-417e93a1f777: Error binding parameter 0 - probably unsupported type.
2025-10-13 23:39:53,017 - ERROR - Error saving order 7251f27c-1085-4b2d-a477-f530e7676763: Error binding parameter 0 - probably unsupported type.
2025-10-13 23:39:53,017 - ERROR - Error saving order a7ef52df-f1ce-4411-8096-53b35a079bea: Error binding parameter 0 - probably unsupported type.
2025-10-13 23:39:53,017 - ERROR - Error saving order 5e086858-ef95-4bc0-8561-cbeed0fc49bd: Error binding parameter 0 - probably unsupported type.
2025-10-13 23:39:53,017 - ERROR - Error saving order bb3aba14-a07a-427d-8974-829044c40abc: Error binding parameter 0 - probably unsupported type.
2025-10-13 23:39:53,017 - ERROR - Error saving order 697ce1ec-2faa-477f-8e5f-368f1177ae94: Error binding parameter 0 - probably unsupported type.
2025-10-13 23:39:53,017 - ERROR - Error saving order 664efee2-3985-46e6-b451-3901c8bb2b78: Error binding parameter 0 - probably unsupported type.
2025-10-13 23:39:53,017 - ERROR - Error saving order cef64a91-91a4-4208-b912-f8943ca5c02b: Error binding parameter 0 - probably unsupported type.
2025-10-13 23:39:53,017 - ERROR - Error saving order f19b0e4a-6c7c-4917-8752-5170bb947197: Error binding parameter 0 - probably unsupported type.
2025-10-13 23:39:53,017 - ERROR - Error saving order 4d5d38a3-88bf-4dc7-af40-2cb0e182cfe9: Error binding parameter 0 - probably unsupported type.
2025-10-13 23:39:53,018 - ERROR - Error saving order 6deb2904-4d5b-4599-a099-4a7671ff812b: Error binding parameter 0 - probably unsupported type.
2025-10-13 23:39:53,018 - ERROR - Error saving order d4f50e82-3fa1-4b02-bc7c-71f4f2d82809: Error binding parameter 0 - probably unsupported type.
2025-10-13 23:39:53,018 - ERROR - Error saving order de02101c-18e2-40b0-92b5-baf764390512: Error binding parameter 0 - probably unsupported type.
2025-10-13 23:39:53,018 - ERROR - Error saving order 95c0f2bb-3383-4ff1-aa3e-f0a30898e3b6: Error binding parameter 0 - probably unsupported type.
2025-10-13 23:39:53,018 - ERROR - Error saving order d09bdf53-0251-4b5a-9a85-0201359f09f6: Error binding parameter 0 - probably unsupported type.
2025-10-13 23:39:53,018 - ERROR - Error saving order f97b08ee-cab2-4fb3-a8fa-6aec589d030d: Error binding parameter 0 - probably unsupported type.
2025-10-13 23:39:53,018 - ERROR - Error saving order 5e548b02-7608-40a3-ab1f-270ea20c8a64: Error binding parameter 0 - probably unsupported type.
2025-10-13 23:39:53,018 - ERROR - Error saving order 43edaa83-5650-4611-989b-c7a35ce5a2f7: Error binding parameter 0 - probably unsupported type.
2025-10-13 23:39:53,018 - ERROR - Error saving order 906ed739-0f3b-43b3-8543-58c83a197ff7: Error binding parameter 0 - probably unsupported type.
2025-10-13 23:39:53,018 - ERROR - Error saving order 5ed66066-a344-4e9a-8dd7-161bd1be941b: Error binding parameter 0 - probably unsupported type.
2025-10-13 23:39:53,019 - ERROR - Error saving order 10ebd068-faa4-40db-9e99-afb18bd8f72c: Error binding parameter 0 - probably unsupported type.
2025-10-13 23:39:53,019 - ERROR - Error saving order efb1a510-17e6-49ec-b5fc-ec8d3779844e: Error binding parameter 0 - probably unsupported type.
2025-10-13 23:39:53,019 - ERROR - Error saving order 7b817bcb-eda4-4723-90e9-8ea2065193af: Error binding parameter 0 - probably unsupported type.
2025-10-13 23:39:53,019 - ERROR - Error saving order 40729d9e-d481-4914-a2e4-40ca5fbeb52b: Error binding parameter 0 - probably unsupported type.
2025-10-13 23:39:53,019 - ERROR - Error saving order ed8be679-7faf-4d62-92e6-477337a4ee22: Error binding parameter 0 - probably unsupported type.
2025-10-13 23:39:53,019 - ERROR - Error saving order 509eeb78-0528-4920-9160-f2bf1ba0b78a: Error binding parameter 0 - probably unsupported type.
2025-10-13 23:39:53,019 - ERROR - Error saving order 6c7bf251-f46e-40a2-8768-5b2f0b4c73eb: Error binding parameter 0 - probably unsupported type.
2025-10-13 23:39:53,019 - ERROR - Error saving order 80727c3f-9d91-460c-9efd-f68e07ec68bb: Error binding parameter 0 - probably unsupported type.
2025-10-13 23:39:53,019 - ERROR - Error saving order ea634b8a-85e1-41f8-a495-48a74e07d169: Error binding parameter 0 - probably unsupported type.
2025-10-13 23:39:53,019 - ERROR - Error saving order 1873869a-6494-4f16-8292-d012d30735c0: Error binding parameter 0 - probably unsupported type.
2025-10-13 23:39:53,019 - ERROR - Error saving order d64f659b-24e4-4dfb-a35e-61601020eee2: Error binding parameter 0 - probably unsupported type.
2025-10-13 23:39:53,020 - ERROR - Error saving order 8ab3f86a-4d7e-47bc-b502-ac92e34751a1: Error binding parameter 0 - probably unsupported type.
2025-10-13 23:39:53,020 - ERROR - Error saving order 34d75bd1-a04b-4d4c-bd35-afe61ae04318: Error binding parameter 0 - probably unsupported type.
2025-10-13 23:39:53,020 - ERROR - Error saving order 138c357c-1772-4f39-90ac-206716a2715a: Error binding parameter 0 - probably unsupported type.
2025-10-13 23:39:53,020 - ERROR - Error saving order 74c9c977-ec63-40be-954b-8de146f74efc: Error binding parameter 0 - probably unsupported type.
2025-10-13 23:39:53,020 - ERROR - Error saving order 61d65e21-bbb9-4da3-a9e6-daa094ebf400: Error binding parameter 0 - probably unsupported type.
2025-10-13 23:39:53,020 - ERROR - Error saving order 21f1a92a-0cab-4860-9df2-5ced067792c4: Error binding parameter 0 - probably unsupported type.
2025-10-13 23:39:53,020 - ERROR - Error saving order bccdd4a6-bfad-48f0-ab2e-7e76ec7a7974: Error binding parameter 0 - probably unsupported type.
2025-10-13 23:39:53,020 - ERROR - Error saving order abd7888b-99cc-41c9-a3f4-0b74a8393628: Error binding parameter 0 - probably unsupported type.
2025-10-13 23:39:53,020 - ERROR - Error saving order 797aa6b5-33c0-4f78-8b46-99d2c98ffe95: Error binding parameter 0 - probably unsupported type.
2025-10-13 23:39:53,021 - ERROR - Error saving order 5e325e59-009f-4fd2-872d-5c755b2dd415: Error binding parameter 0 - probably unsupported type.
2025-10-13 23:39:53,021 - ERROR - Error saving order 40232aa3-334b-442d-be6c-e1befb9985d7: Error binding parameter 0 - probably unsupported type.
2025-10-13 23:39:53,021 - ERROR - Error saving order 517b3eea-0132-49ba-8425-55204ff2155d: Error binding parameter 0 - probably unsupported type.
2025-10-13 23:39:53,021 - ERROR - Error saving order 9a6a5c21-5846-4388-9d55-6cf33ad477ce: Error binding parameter 0 - probably unsupported type.
2025-10-13 23:39:53,021 - ERROR - Error saving order d77291d9-7a66-4a7f-9307-1b34dbee3c72: Error binding parameter 0 - probably unsupported type.
2025-10-13 23:39:53,021 - ERROR - Error saving order 2b345a52-5133-4e54-ad9a-e590080a108c: Error binding parameter 0 - probably unsupported type.
2025-10-13 23:39:53,021 - ERROR - Error saving order e32b97d3-bb7e-40cb-9b6d-9c16db1f1618: Error binding parameter 0 - probably unsupported type.
2025-10-13 23:39:53,021 - ERROR - Error saving order 50e3e975-65f7-46a6-af34-79127984a51f: Error binding parameter 0 - probably unsupported type.
2025-10-13 23:39:53,021 - ERROR - Error saving order df53e703-0517-4848-ae54-960d09dc5aef: Error binding parameter 0 - probably unsupported type.
2025-10-13 23:39:53,021 - ERROR - Error saving order e8f2cf8b-804c-45df-acd7-7528231b65be: Error binding parameter 0 - probably unsupported type.
2025-10-13 23:39:53,022 - ERROR - Error saving order bbfbb3a6-6408-4ee2-ad1e-9a6a27288fc5: Error binding parameter 0 - probably unsupported type.
2025-10-13 23:39:53,022 - ERROR - Error saving order 2028f68c-da12-4c6a-ad5c-3302e7c981b0: Error binding parameter 0 - probably unsupported type.
2025-10-13 23:39:53,022 - ERROR - Error saving order e3700954-85e0-4451-84b4-c977fae50450: Error binding parameter 0 - probably unsupported type.
2025-10-13 23:39:53,022 - ERROR - Error saving order da67c5e6-a198-4036-a2bc-bc3998b677ea: Error binding parameter 0 - probably unsupported type.
2025-10-13 23:39:53,022 - ERROR - Error saving order 6ea3646f-471f-4ced-97ec-2ee37e8de70f: Error binding parameter 0 - probably unsupported type.
2025-10-13 23:39:53,022 - ERROR - Error saving order 63537f65-b77e-4d5f-b060-24ccf2542f9d: Error binding parameter 0 - probably unsupported type.
2025-10-13 23:39:53,022 - ERROR - Error saving order e63920e3-a400-4d6b-88aa-9008c70a1980: Error binding parameter 0 - probably unsupported type.
2025-10-13 23:39:53,022 - ERROR - Error saving order d470a1c8-c83e-4614-94cc-a4f222eafe6c: Error binding parameter 0 - probably unsupported type.
2025-10-13 23:39:53,022 - ERROR - Error saving order 467af2ac-b54c-4aa8-9caa-f254c5c74646: Error binding parameter 0 - probably unsupported type.
2025-10-13 23:39:53,023 - ERROR - Error saving order 4385fd50-b635-4692-8b91-42560c4a1e11: Error binding parameter 0 - probably unsupported type.
2025-10-13 23:39:53,023 - ERROR - Error saving order 35c13a58-54ae-403f-974c-6515b769f4c8: Error binding parameter 0 - probably unsupported type.
2025-10-13 23:39:53,023 - ERROR - Error saving order 6b84f556-2dee-4f73-adb6-0f6822b0386f: Error binding parameter 0 - probably unsupported type.
2025-10-13 23:39:53,023 - ERROR - Error saving order 5c9d1d6d-1a12-47bf-88df-414a3acd2ad2: Error binding parameter 0 - probably unsupported type.
2025-10-13 23:39:53,023 - ERROR - Error saving order 88c100e7-cd35-43c0-89d0-e9ad4dfccaab: Error binding parameter 0 - probably unsupported type.
2025-10-13 23:39:53,023 - ERROR - Error saving order dfedfe78-5f2d-4782-85ee-b111b3aa4f47: Error binding parameter 0 - probably unsupported type.
2025-10-13 23:39:53,023 - ERROR - Error saving order f31f947a-70a7-4a7d-baa1-c41b8a8b22ec: Error binding parameter 0 - probably unsupported type.
2025-10-13 23:39:53,023 - ERROR - Error saving order 9435abea-206b-4b9a-9177-b2914b00eb0d: Error binding parameter 0 - probably unsupported type.
2025-10-13 23:39:53,023 - ERROR - Error saving order 3f661989-6a86-49fb-9093-d484b2bb020a: Error binding parameter 0 - probably unsupported type.
2025-10-13 23:39:53,023 - ERROR - Error saving order e37e1da9-bf07-4aed-a744-f9169a3c2f5e: Error binding parameter 0 - probably unsupported type.
2025-10-13 23:39:53,024 - ERROR - Error saving order edca2d1b-e32b-4b0c-98b8-89210d7da3ce: Error binding parameter 0 - probably unsupported type.
2025-10-13 23:39:53,024 - ERROR - Error saving order 8ae40da2-4a7b-4084-850a-f9bdbf677eec: Error binding parameter 0 - probably unsupported type.
2025-10-13 23:39:53,024 - ERROR - Error saving order 8dd42c3b-bcd8-42a3-a73e-ddd1a7007c63: Error binding parameter 0 - probably unsupported type.
2025-10-13 23:39:53,024 - ERROR - Error saving order 5addf9ad-33bc-47d2-8f93-4a0f76b71016: Error binding parameter 0 - probably unsupported type.
2025-10-13 23:39:53,024 - ERROR - Error saving order 2f513012-e0cc-453b-8729-2448717ab6b2: Error binding parameter 0 - probably unsupported type.
2025-10-13 23:39:53,024 - ERROR - Error saving order 162835f4-78c0-4d1c-8897-040759e61be6: Error binding parameter 0 - probably unsupported type.
2025-10-13 23:39:53,024 - ERROR - Error saving order f329fe87-025e-472c-b735-0fdd1a0a7a9d: Error binding parameter 0 - probably unsupported type.
2025-10-13 23:39:53,024 - ERROR - Error saving order 786e873a-0e75-416b-a815-299594fb7d44: Error binding parameter 0 - probably unsupported type.
2025-10-13 23:39:53,024 - ERROR - Error saving order 83d6a041-531d-4c56-a8b8-64a2133b0a32: Error binding parameter 0 - probably unsupported type.
2025-10-13 23:39:53,024 - ERROR - Error saving order 6b23768e-8913-4927-96a7-c759d2717c50: Error binding parameter 0 - probably unsupported type.
2025-10-13 23:39:53,024 - ERROR - Error saving order 8cef3f95-d9f9-4d1c-8569-3a412c8b0ced: Error binding parameter 0 - probably unsupported type.
2025-10-13 23:39:53,025 - ERROR - Error saving order 3311ca9d-6103-48e8-9e49-8f77a24b3f50: Error binding parameter 0 - probably unsupported type.
2025-10-13 23:39:53,025 - ERROR - Error saving order d336c8a9-55ac-4e0e-9a5e-eeb4477db64b: Error binding parameter 0 - probably unsupported type.
2025-10-13 23:39:53,025 - ERROR - Error saving order 64b7258f-9199-41f1-816c-184239505f13: Error binding parameter 0 - probably unsupported type.
2025-10-13 23:39:53,025 - ERROR - Error saving order bca46218-c2b2-42d7-82aa-f9610864d19b: Error binding parameter 0 - probably unsupported type.
2025-10-13 23:39:53,025 - ERROR - Error saving order 3b1abada-fdc8-44b8-9522-48ba1bb6d68c: Error binding parameter 0 - probably unsupported type.
2025-10-13 23:39:53,025 - ERROR - Error saving order 2048afba-38bc-4b31-9fcf-69cc64545816: Error binding parameter 0 - probably unsupported type.
2025-10-13 23:39:53,025 - ERROR - Error saving order 161f79b4-8ad5-4f3a-9582-0fbb632c69bc: Error binding parameter 0 - probably unsupported type.
2025-10-13 23:39:53,025 - ERROR - Error saving order 25a969b4-f0ef-4f31-8e84-e745d24f9ea0: Error binding parameter 0 - probably unsupported type.
2025-10-13 23:39:53,025 - ERROR - Error saving order cabc8edb-040a-4b45-84af-55e766b5f262: Error binding parameter 0 - probably unsupported type.
2025-10-13 23:39:53,025 - ERROR - Error saving order 401d7e4e-09bd-4d6c-897d-6cd5278c1a7c: Error binding parameter 0 - probably unsupported type.
2025-10-13 23:39:53,026 - ERROR - Error saving order 9bd455de-a8ab-454a-b52e-79d430fbacfb: Error binding parameter 0 - probably unsupported type.
2025-10-13 23:39:53,026 - ERROR - Error saving order 636526a1-baaf-4e59-94f5-43a263ab3bc4: Error binding parameter 0 - probably unsupported type.
2025-10-13 23:39:53,026 - ERROR - Error saving order ef7702b8-c52b-4c9c-bb95-95c5b28efce8: Error binding parameter 0 - probably unsupported type.
2025-10-13 23:39:53,026 - ERROR - Error saving order 29edf12f-10ab-4166-874d-69bc489d08fb: Error binding parameter 0 - probably unsupported type.
2025-10-13 23:39:53,026 - ERROR - Error saving order d32a8b39-ade3-439a-a28b-bce7d3ebe1ca: Error binding parameter 0 - probably unsupported type.
2025-10-13 23:39:53,026 - ERROR - Error saving order a803c2b6-5bec-4462-91e0-bec4ece68622: Error binding parameter 0 - probably unsupported type.
2025-10-13 23:39:53,026 - ERROR - Error saving order b30ddcd0-b22b-461c-9757-f929180885fc: Error binding parameter 0 - probably unsupported type.
2025-10-13 23:39:53,026 - ERROR - Error saving order 866eb326-e6a3-4c9d-8327-1b948c88ad40: Error binding parameter 0 - probably unsupported type.
2025-10-13 23:39:53,026 - ERROR - Error saving order 2acdd5ff-697b-4f70-b69f-7fdaf34f6baa: Error binding parameter 0 - probably unsupported type.
2025-10-13 23:39:53,026 - ERROR - Error saving order dceecf01-029a-4fe2-8b92-70f31fb2e416: Error binding parameter 0 - probably unsupported type.
2025-10-13 23:39:53,026 - ERROR - Error saving order a3e8cde8-04c8-4a4e-ac91-b7fe7588d630: Error binding parameter 0 - probably unsupported type.
2025-10-13 23:39:53,027 - ERROR - Error saving order 4a27ed69-1ac4-40ba-89d8-0410cc3d2548: Error binding parameter 0 - probably unsupported type.
2025-10-13 23:39:53,027 - ERROR - Error saving order e3a83e45-0869-4fbb-a488-39a8455ab6fe: Error binding parameter 0 - probably unsupported type.
2025-10-13 23:39:53,027 - ERROR - Error saving order ba8bd62b-5a7e-4152-8532-a7a45a286866: Error binding parameter 0 - probably unsupported type.
2025-10-13 23:39:53,027 - ERROR - Error saving order 1eda6cec-41d4-4f5d-8046-bfa9eef4c046: Error binding parameter 0 - probably unsupported type.
2025-10-13 23:39:53,027 - ERROR - Error saving order 809236da-d82e-4f4e-a4b1-34b89ccc9fec: Error binding parameter 0 - probably unsupported type.
2025-10-13 23:39:53,027 - ERROR - Error saving order 1363b7f0-ec9d-40d2-9b41-664e94d95415: Error binding parameter 0 - probably unsupported type.
2025-10-13 23:39:53,027 - ERROR - Error saving order ab9f879e-5d57-4e47-a356-9f5744afa3b1: Error binding parameter 0 - probably unsupported type.
2025-10-13 23:39:53,027 - ERROR - Error saving order 2bf4e16b-5fdd-4421-ac3e-c14af473c8d2: Error binding parameter 0 - probably unsupported type.
2025-10-13 23:39:53,027 - ERROR - Error saving order e7ca0faf-e7fb-4cb2-9be4-52994a277803: Error binding parameter 0 - probably unsupported type.
2025-10-13 23:39:53,027 - ERROR - Error saving order d164534e-7c31-4488-a236-878d5114cdbb: Error binding parameter 0 - probably unsupported type.
2025-10-13 23:39:53,028 - ERROR - Error saving order 744f5432-10a5-4668-9bf5-122d2f20e213: Error binding parameter 0 - probably unsupported type.
2025-10-13 23:39:53,028 - ERROR - Error saving order 31445c85-801d-4d38-a815-d2c3475f5add: Error binding parameter 0 - probably unsupported type.
2025-10-13 23:39:53,028 - ERROR - Error saving order 30da4144-982a-4c90-a995-178b8b2b8b1a: Error binding parameter 0 - probably unsupported type.
2025-10-13 23:39:53,028 - ERROR - Error saving order 95d4b009-b286-4427-9f03-7b58149f318d: Error binding parameter 0 - probably unsupported type.
2025-10-13 23:39:53,028 - ERROR - Error saving order 547d8a80-fecb-4540-8425-02245bb4093f: Error binding parameter 0 - probably unsupported type.
2025-10-13 23:39:53,028 - ERROR - Error saving order abd1c39f-c87c-43df-91e9-b9a568de6567: Error binding parameter 0 - probably unsupported type.
2025-10-13 23:39:53,028 - ERROR - Error saving order 65e1c585-f9a2-4949-9768-611c7861c503: Error binding parameter 0 - probably unsupported type.
2025-10-13 23:39:53,028 - ERROR - Error saving order 7374b7d3-c0f6-4189-b62d-aa1eeb347b86: Error binding parameter 0 - probably unsupported type.
2025-10-13 23:39:53,028 - ERROR - Error saving order a6846b58-bc3f-47f1-9da0-ca4d240f1800: Error binding parameter 0 - probably unsupported type.
2025-10-13 23:39:53,028 - ERROR - Error saving order 1a31081f-46b1-413f-b6f6-337290bdbc6d: Error binding parameter 0 - probably unsupported type.
2025-10-13 23:39:53,029 - ERROR - Error saving order 751f34de-bf1a-43bc-831d-c8fd0f337f8e: Error binding parameter 0 - probably unsupported type.
2025-10-13 23:39:53,029 - ERROR - Error saving order a5aced33-a824-4a56-b5e2-b5952b26c9a8: Error binding parameter 0 - probably unsupported type.
2025-10-13 23:39:53,029 - ERROR - Error saving order d28cde2c-48e0-4497-b399-83a0f5515863: Error binding parameter 0 - probably unsupported type.
2025-10-13 23:39:53,029 - ERROR - Error saving order 1348ab5f-5899-4b6a-b18b-b14419b4d9bf: Error binding parameter 0 - probably unsupported type.
2025-10-13 23:39:53,029 - ERROR - Error saving order 68d8c009-6ccc-4681-93f0-e25dc355d7af: Error binding parameter 0 - probably unsupported type.
2025-10-13 23:39:53,029 - ERROR - Error saving order c29c31fb-889d-4d06-9785-febab7f8f0b6: Error binding parameter 0 - probably unsupported type.
2025-10-13 23:39:53,029 - ERROR - Error saving order ff8f449c-4c1e-41a5-bdef-ecc1cc3db32d: Error binding parameter 0 - probably unsupported type.
2025-10-13 23:39:53,029 - ERROR - Error saving order ed809288-c910-464f-80cb-26b89bd8f03a: Error binding parameter 0 - probably unsupported type.
2025-10-13 23:39:53,029 - ERROR - Error saving order ce387a6d-df9b-4da4-abec-26bfc2998c26: Error binding parameter 0 - probably unsupported type.
2025-10-13 23:39:53,029 - ERROR - Error saving order 1df1e7c4-2a49-4305-985a-9274e44a631d: Error binding parameter 0 - probably unsupported type.
2025-10-13 23:39:53,030 - ERROR - Error saving order 969f1841-f84a-434c-9ac6-93a0977368db: Error binding parameter 0 - probably unsupported type.
2025-10-13 23:39:53,030 - ERROR - Error saving order 562d7cd7-302a-4cda-8455-bddc650fccda: Error binding parameter 0 - probably unsupported type.
2025-10-13 23:39:53,030 - ERROR - Error saving order 228918a4-5115-41da-870f-0246511ce85e: Error binding parameter 0 - probably unsupported type.
2025-10-13 23:39:53,030 - ERROR - Error saving order cccbeca3-db93-48e3-90d1-9c5dc6b07d55: Error binding parameter 0 - probably unsupported type.
2025-10-13 23:39:53,030 - ERROR - Error saving order 3ce2dfae-4e98-42d2-879e-b3a78fa16288: Error binding parameter 0 - probably unsupported type.
2025-10-13 23:39:53,030 - ERROR - Error saving order cf5e5f0b-3cc7-499a-a2b1-a5211ae1363b: Error binding parameter 0 - probably unsupported type.
2025-10-13 23:39:53,030 - ERROR - Error saving order da2a5583-7475-42eb-b72d-79083433a811: Error binding parameter 0 - probably unsupported type.
2025-10-13 23:39:53,031 - ERROR - Error saving order de392168-c654-4516-9e9f-c0291206fa5d: Error binding parameter 0 - probably unsupported type.
2025-10-13 23:39:53,031 - ERROR - Error saving order 2b405837-50f4-4518-8718-52fe25ea66fb: Error binding parameter 0 - probably unsupported type.
2025-10-13 23:39:53,031 - ERROR - Error saving order f22c8d65-d6f4-49a4-b7c3-55fa03d8d2aa: Error binding parameter 0 - probably unsupported type.
2025-10-13 23:39:53,031 - ERROR - Error saving order 6bc593de-f28c-4ecf-a609-325571ab0112: Error binding parameter 0 - probably unsupported type.
2025-10-13 23:39:53,031 - ERROR - Error saving order 37e932d2-9ae3-4700-8644-690dc0d11e90: Error binding parameter 0 - probably unsupported type.
2025-10-13 23:39:53,031 - ERROR - Error saving order eefd7af9-43ec-4620-bf17-cb1560abd3bb: Error binding parameter 0 - probably unsupported type.
2025-10-13 23:39:53,031 - ERROR - Error saving order 2eb524c6-27f5-4c5d-9c50-a74e46c32771: Error binding parameter 0 - probably unsupported type.
2025-10-13 23:39:53,031 - ERROR - Error saving order 8c6c02f5-24a3-494f-a03c-81428c8ff018: Error binding parameter 0 - probably unsupported type.
2025-10-13 23:39:53,031 - ERROR - Error saving order fa1a91f8-6c95-4c96-874a-916026fa9704: Error binding parameter 0 - probably unsupported type.
2025-10-13 23:39:53,032 - ERROR - Error saving order 2598e08a-9c56-4ebe-834f-4c75611e2de7: Error binding parameter 0 - probably unsupported type.
2025-10-13 23:39:53,032 - ERROR - Error saving order 5da4dd84-1b2c-4c9b-b2e0-dff2aeb89238: Error binding parameter 0 - probably unsupported type.
2025-10-13 23:39:53,032 - ERROR - Error saving order 2001ff0b-ab9e-4b1e-8126-306645a8ef2d: Error binding parameter 0 - probably unsupported type.
2025-10-13 23:39:53,032 - ERROR - Error saving order 8a71e90d-0d35-469c-8077-9b954096e1f8: Error binding parameter 0 - probably unsupported type.
2025-10-13 23:39:53,032 - ERROR - Error saving order 779ff465-10fe-4ac9-90ac-4c544cff9e70: Error binding parameter 0 - probably unsupported type.
2025-10-13 23:39:53,032 - ERROR - Error saving order 86ea1f30-e6b1-40cf-a2a4-447bf0ef3c60: Error binding parameter 0 - probably unsupported type.
2025-10-13 23:39:53,032 - ERROR - Error saving order e8d8fadb-8a7d-4617-9bce-d8ff6dcb40dc: Error binding parameter 0 - probably unsupported type.
2025-10-13 23:39:53,032 - ERROR - Error saving order 740204cd-3281-4f13-8e58-108fe2f17835: Error binding parameter 0 - probably unsupported type.
2025-10-13 23:39:53,032 - ERROR - Error saving order 2c5afdb4-32a0-445c-9401-632097ef9b27: Error binding parameter 0 - probably unsupported type.
2025-10-13 23:39:53,032 - ERROR - Error saving order fdc528a5-79c8-470f-a725-e00995c87b5a: Error binding parameter 0 - probably unsupported type.
2025-10-13 23:39:53,033 - ERROR - Error saving order deb484bc-fd39-4610-bbda-046d9b10995d: Error binding parameter 0 - probably unsupported type.
2025-10-13 23:39:53,033 - ERROR - Error saving order 694072eb-0def-483d-95ba-bd82e1a412ab: Error binding parameter 0 - probably unsupported type.
2025-10-13 23:39:53,033 - ERROR - Error saving order bab2c752-f1e8-4cd7-ac7e-e3870ceedfbc: Error binding parameter 0 - probably unsupported type.
2025-10-13 23:39:53,033 - ERROR - Error saving order b2671664-3e7d-4d81-8c6e-3c1977b31582: Error binding parameter 0 - probably unsupported type.
2025-10-13 23:39:53,033 - ERROR - Error saving order ad087059-6f28-447a-b187-17be1348a595: Error binding parameter 0 - probably unsupported type.
2025-10-13 23:39:53,033 - ERROR - Error saving order dd6285b9-8890-4b16-8033-b3d0f87ffe95: Error binding parameter 0 - probably unsupported type.
2025-10-13 23:39:53,033 - ERROR - Error saving order 181fb7f8-f873-4229-8342-279519d1eeb4: Error binding parameter 0 - probably unsupported type.
2025-10-13 23:39:53,033 - ERROR - Error saving order b6c53e4c-cb62-461e-8ee3-4c750e962460: Error binding parameter 0 - probably unsupported type.
2025-10-13 23:39:53,033 - ERROR - Error saving order 5eec3a09-0e4e-42f6-8f57-16fc377394f8: Error binding parameter 0 - probably unsupported type.
2025-10-13 23:39:53,033 - ERROR - Error saving order ed3dd4a9-8878-409b-baef-3160dd2cf592: Error binding parameter 0 - probably unsupported type.
2025-10-13 23:39:53,034 - ERROR - Error saving order 21543ea5-01ae-41ff-9ad6-7bc4ebe3519b: Error binding parameter 0 - probably unsupported type.
2025-10-13 23:39:53,034 - ERROR - Error saving order 28f0c6ff-6797-4f0b-81ed-eed6b7010b8b: Error binding parameter 0 - probably unsupported type.
2025-10-13 23:39:53,034 - ERROR - Error saving order a923d969-39c0-43e1-aa4e-85f7178c0b1d: Error binding parameter 0 - probably unsupported type.
2025-10-13 23:39:53,034 - ERROR - Error saving order e8d81778-6ad7-43b0-8837-5b04640d0fc3: Error binding parameter 0 - probably unsupported type.
2025-10-13 23:39:53,034 - ERROR - Error saving order 30057ef3-3aa7-4b5d-b12d-44e9a83d1610: Error binding parameter 0 - probably unsupported type.
2025-10-13 23:39:53,034 - ERROR - Error saving order 8e14bc58-9459-4328-b998-0b468edc272a: Error binding parameter 0 - probably unsupported type.
2025-10-13 23:39:53,034 - ERROR - Error saving order 5592df67-97e6-491b-866b-da47de2aec34: Error binding parameter 0 - probably unsupported type.
2025-10-13 23:39:53,034 - ERROR - Error saving order ce229474-694f-4e8e-b1c5-5106852a746f: Error binding parameter 0 - probably unsupported type.
2025-10-13 23:39:53,034 - ERROR - Error saving order f70058f8-5d2a-436d-9f7b-e530e6580eb6: Error binding parameter 0 - probably unsupported type.
2025-10-13 23:39:53,034 - ERROR - Error saving order a40a4e57-e549-49cf-bd81-c1b573f6d9b0: Error binding parameter 0 - probably unsupported type.
2025-10-13 23:39:53,034 - ERROR - Error saving order e39b2ed4-0251-4cf6-b2e2-3979f71d3513: Error binding parameter 0 - probably unsupported type.
2025-10-13 23:39:53,035 - ERROR - Error saving order 6be778f8-b92e-42a1-a289-4a469704a7cd: Error binding parameter 0 - probably unsupported type.
2025-10-13 23:39:53,035 - ERROR - Error saving order 602b6ce1-4920-458d-b1d4-d5be1d7cd690: Error binding parameter 0 - probably unsupported type.
2025-10-13 23:39:53,035 - ERROR - Error saving order 236b48ee-0c3f-4d08-8730-f9a50dbe3284: Error binding parameter 0 - probably unsupported type.
2025-10-13 23:39:53,035 - ERROR - Error saving order dd2e417f-e099-4d02-9e29-82bd74bfc743: Error binding parameter 0 - probably unsupported type.
2025-10-13 23:39:53,035 - ERROR - Error saving order 4400f2ae-7d83-40ef-afd3-5094949b9106: Error binding parameter 0 - probably unsupported type.
2025-10-13 23:39:53,035 - ERROR - Error saving order 244eb5c3-eb04-4491-a015-3e7a310beb4d: Error binding parameter 0 - probably unsupported type.
2025-10-13 23:39:53,035 - ERROR - Error saving order 1f22c873-c922-4f4c-9572-7d9eb9a556b1: Error binding parameter 0 - probably unsupported type.
2025-10-13 23:39:53,035 - ERROR - Error saving order 499a90bb-f8c4-4831-9c47-2074f63a30ed: Error binding parameter 0 - probably unsupported type.
2025-10-13 23:39:53,035 - ERROR - Error saving order a893568e-fc17-41e4-9fa2-fd0b21a0524b: Error binding parameter 0 - probably unsupported type.
2025-10-13 23:39:53,035 - ERROR - Error saving order c89d8c67-b50f-4ddb-87b7-12dbf467cab9: Error binding parameter 0 - probably unsupported type.
2025-10-13 23:39:53,035 - ERROR - Error saving order 6d1632a7-24d2-476d-b821-b608efa8bc3a: Error binding parameter 0 - probably unsupported type.
2025-10-13 23:39:53,036 - ERROR - Error saving order 2c08acf9-d704-48db-b02e-ac3b368e7f2b: Error binding parameter 0 - probably unsupported type.
2025-10-13 23:39:53,036 - ERROR - Error saving order 7519f61d-4b7f-4a4b-b4b9-3a1e5b7f3076: Error binding parameter 0 - probably unsupported type.
2025-10-13 23:39:53,036 - ERROR - Error saving order fb655f67-a361-489d-98b4-332e910c49fa: Error binding parameter 0 - probably unsupported type.
2025-10-13 23:39:53,036 - ERROR - Error saving order e72b15b8-15ea-4faa-9b94-d2632fb261f6: Error binding parameter 0 - probably unsupported type.
2025-10-13 23:39:53,036 - ERROR - Error saving order 3f880d08-ead9-4a10-9c75-8957143cd5d9: Error binding parameter 0 - probably unsupported type.
2025-10-13 23:39:53,036 - ERROR - Error saving order 8ffb8f43-d08e-4a32-8278-fd3431f93cb3: Error binding parameter 0 - probably unsupported type.
2025-10-13 23:39:53,036 - ERROR - Error saving order 82841fc7-f22b-4ab4-94ab-8f94c40db273: Error binding parameter 0 - probably unsupported type.
2025-10-13 23:39:53,036 - ERROR - Error saving order 7ea08369-d8eb-41c4-9aad-3b46b322df91: Error binding parameter 0 - probably unsupported type.
2025-10-13 23:39:53,036 - ERROR - Error saving order dac73e9e-6e0f-4718-ba76-4db57a254b05: Error binding parameter 0 - probably unsupported type.
2025-10-13 23:39:53,036 - ERROR - Error saving order 7463a515-f795-43ae-b44b-5fdfb5aa4c3c: Error binding parameter 0 - probably unsupported type.
2025-10-13 23:39:53,037 - ERROR - Error saving order 448d4ad9-d365-4ecf-bf8a-f8445ce17525: Error binding parameter 0 - probably unsupported type.
2025-10-13 23:39:53,037 - ERROR - Error saving order ca9d11a3-384a-4a60-9864-5f3ec2da592c: Error binding parameter 0 - probably unsupported type.
2025-10-13 23:39:53,037 - ERROR - Error saving order 36e2de71-ef30-4050-a75d-100602bba80b: Error binding parameter 0 - probably unsupported type.
2025-10-13 23:39:53,037 - ERROR - Error saving order 751c67a5-b14a-43f5-a172-ab1b79834d77: Error binding parameter 0 - probably unsupported type.
2025-10-13 23:39:53,037 - ERROR - Error saving order 29036ab9-a168-4618-87f5-f802aba3c07a: Error binding parameter 0 - probably unsupported type.
2025-10-13 23:39:53,037 - ERROR - Error saving order 86b2a58c-e31c-497d-baae-5782c1f08bde: Error binding parameter 0 - probably unsupported type.
2025-10-13 23:39:53,037 - ERROR - Error saving order e8d21e74-5df7-4fcc-b414-197c185ebe4e: Error binding parameter 0 - probably unsupported type.
2025-10-13 23:39:53,037 - ERROR - Error saving order 29cd900a-61cc-454e-84f2-3faf8ad01361: Error binding parameter 0 - probably unsupported type.
2025-10-13 23:39:53,037 - ERROR - Error saving order bcfc5754-4844-46cb-995d-5b04a94e1d6b: Error binding parameter 0 - probably unsupported type.
2025-10-13 23:39:53,037 - ERROR - Error saving order ffcc76be-e46e-4356-b5e9-26ade016d6f9: Error binding parameter 0 - probably unsupported type.
2025-10-13 23:39:53,037 - ERROR - Error saving order e1e082d3-a793-48e5-81ec-a7a714148ecc: Error binding parameter 0 - probably unsupported type.
2025-10-13 23:39:53,038 - ERROR - Error saving order 1c475e65-91d6-4259-a82a-603d7dc1a7f7: Error binding parameter 0 - probably unsupported type.
2025-10-13 23:39:53,038 - ERROR - Error saving order 420adcad-22fa-4d68-8758-5d0595b1cfd7: Error binding parameter 0 - probably unsupported type.
2025-10-13 23:39:53,038 - ERROR - Error saving order cb0bfee5-cfa5-4146-a246-fe64e1238147: Error binding parameter 0 - probably unsupported type.
2025-10-13 23:39:53,038 - ERROR - Error saving order 38d69be8-be11-4131-80d2-ec2606c029b3: Error binding parameter 0 - probably unsupported type.
2025-10-13 23:39:53,038 - ERROR - Error saving order 38311e31-5fa3-49bb-be5f-4bb548034f67: Error binding parameter 0 - probably unsupported type.
2025-10-13 23:39:53,038 - ERROR - Error saving order 14778bd4-f11c-47c1-84ed-3297ecb66773: Error binding parameter 0 - probably unsupported type.
2025-10-13 23:39:53,038 - ERROR - Error saving order ed9eb9dd-28dc-4d56-bf7e-f72b2b28d46f: Error binding parameter 0 - probably unsupported type.
2025-10-13 23:39:53,038 - ERROR - Error saving order 460507e9-cbfe-4c40-8a83-58b4aadadbc3: Error binding parameter 0 - probably unsupported type.
2025-10-13 23:39:53,038 - ERROR - Error saving order 1e7022f4-d471-472c-9081-658d93ca2f4c: Error binding parameter 0 - probably unsupported type.
2025-10-13 23:39:53,038 - ERROR - Error saving order 602e8184-f1b5-43a6-8519-ed4cd7e46b22: Error binding parameter 0 - probably unsupported type.
2025-10-13 23:39:53,038 - ERROR - Error saving order 30cb25e3-d06f-4a7c-a994-1dcd21d5c36c: Error binding parameter 0 - probably unsupported type.
2025-10-13 23:39:53,039 - ERROR - Error saving order 1d0fb929-e645-4957-9773-727af27b04b7: Error binding parameter 0 - probably unsupported type.
2025-10-13 23:39:53,039 - ERROR - Error saving order 1e7e8879-0bd0-471b-9a2e-41b46c6f20ac: Error binding parameter 0 - probably unsupported type.
2025-10-13 23:39:53,039 - ERROR - Error saving order 68716d0f-7a9b-4629-8fd9-3fadd29cb102: Error binding parameter 0 - probably unsupported type.
2025-10-13 23:39:53,039 - ERROR - Error saving order b739fffa-2260-442a-8122-be3228c6b44a: Error binding parameter 0 - probably unsupported type.
2025-10-13 23:39:53,039 - ERROR - Error saving order bb2877c1-3b91-4a38-b214-63e07566f7a4: Error binding parameter 0 - probably unsupported type.
2025-10-13 23:39:53,039 - ERROR - Error saving order 712037cd-a160-49fb-a745-64ca703254a7: Error binding parameter 0 - probably unsupported type.
2025-10-13 23:39:53,039 - ERROR - Error saving order 91c17e99-6636-4cbf-863f-85ada432fe93: Error binding parameter 0 - probably unsupported type.
2025-10-13 23:39:53,039 - ERROR - Error saving order c41f9be6-6307-4c6a-8f1e-a222e7d76e6e: Error binding parameter 0 - probably unsupported type.
2025-10-13 23:39:53,039 - ERROR - Error saving order bcffa3e5-42b5-4ca2-a66d-74183543da7e: Error binding parameter 0 - probably unsupported type.
2025-10-13 23:39:53,039 - ERROR - Error saving order 7f84cfa8-8623-472e-9860-e3760366e95c: Error binding parameter 0 - probably unsupported type.
2025-10-13 23:39:53,039 - ERROR - Error saving order f6bc6c2c-368c-455a-be56-1ee76752981e: Error binding parameter 0 - probably unsupported type.
2025-10-13 23:39:53,040 - ERROR - Error saving order 499c3d33-e805-4986-8b30-c67893d96210: Error binding parameter 0 - probably unsupported type.
2025-10-13 23:39:53,040 - ERROR - Error saving order c031de65-4891-4f3a-9062-127f2c0a52c6: Error binding parameter 0 - probably unsupported type.
2025-10-13 23:39:53,040 - ERROR - Error saving order 58f8b633-834e-4f3b-9ec3-d36666e21b4f: Error binding parameter 0 - probably unsupported type.
2025-10-13 23:39:53,040 - ERROR - Error saving order 48432c8a-238b-45dc-8170-13c6a3d6cec4: Error binding parameter 0 - probably unsupported type.
2025-10-13 23:39:53,040 - ERROR - Error saving order 32d9ad60-8dec-49a2-b47b-8bb0dd8c6aee: Error binding parameter 0 - probably unsupported type.
2025-10-13 23:39:53,040 - ERROR - Error saving order a5840b75-aee7-4b3a-b4e7-6f290fce02de: Error binding parameter 0 - probably unsupported type.
2025-10-13 23:39:53,040 - ERROR - Error saving order c1eea0cd-4ad5-44a6-b9f4-2c0f4b0e2c66: Error binding parameter 0 - probably unsupported type.
2025-10-13 23:39:53,040 - ERROR - Error saving order 94508ade-8370-4c18-9bbe-bb4bdb1a215a: Error binding parameter 0 - probably unsupported type.
2025-10-13 23:39:53,040 - ERROR - Error saving order 3e9fae2e-7398-4f13-aadb-7c9df3e27e40: Error binding parameter 0 - probably unsupported type.
2025-10-13 23:39:53,040 - ERROR - Error saving order 4df08a61-f5fa-4cf7-8cfe-2f26ca6028ba: Error binding parameter 0 - probably unsupported type.
2025-10-13 23:39:53,040 - ERROR - Error saving order ac96ddf5-2499-48a6-b71a-88568b5fdd44: Error binding parameter 0 - probably unsupported type.
2025-10-13 23:39:53,041 - ERROR - Error saving order 2dee3f49-ce43-4b9d-a676-036c68efc1e9: Error binding parameter 0 - probably unsupported type.
2025-10-13 23:39:53,041 - ERROR - Error saving order 8c8464a6-4940-46a2-ad46-e696c2d8fc49: Error binding parameter 0 - probably unsupported type.
2025-10-13 23:39:53,041 - ERROR - Error saving order 58703537-7f0a-4c45-a209-c0c701f2ba09: Error binding parameter 0 - probably unsupported type.
2025-10-13 23:39:53,041 - ERROR - Error saving order d7a55ffe-6948-4ef1-89b3-b3d891f72cbb: Error binding parameter 0 - probably unsupported type.
2025-10-13 23:39:53,041 - ERROR - Error saving order e5b310c7-393a-4294-8d75-5c47e9581d5b: Error binding parameter 0 - probably unsupported type.
2025-10-13 23:39:53,041 - ERROR - Error saving order cc4b9504-9ed3-480f-9e88-fbbdf2f23bb6: Error binding parameter 0 - probably unsupported type.
2025-10-13 23:39:53,041 - ERROR - Error saving order 9a208591-584b-45de-9114-8205326ec01f: Error binding parameter 0 - probably unsupported type.
2025-10-13 23:39:53,041 - ERROR - Error saving order b7cbff8c-310b-424a-a601-9f5fc48c6299: Error binding parameter 0 - probably unsupported type.
2025-10-13 23:39:53,041 - ERROR - Error saving order ab8902ba-f871-488e-8458-01c4841ffdbd: Error binding parameter 0 - probably unsupported type.
2025-10-13 23:39:53,041 - ERROR - Error saving order 301676d5-8f40-4584-8db8-e3c8443acbe8: Error binding parameter 0 - probably unsupported type.
2025-10-13 23:39:53,041 - ERROR - Error saving order e5cc38d2-8be7-4c33-b746-5da99df896bc: Error binding parameter 0 - probably unsupported type.
2025-10-13 23:39:53,042 - ERROR - Error saving order 126e89e6-2990-46b5-ae5d-29cb15b4f0a3: Error binding parameter 0 - probably unsupported type.
2025-10-13 23:39:53,042 - ERROR - Error saving order 4db579e0-2326-43cc-bdcf-ee644f3c3cb5: Error binding parameter 0 - probably unsupported type.
2025-10-13 23:39:53,042 - ERROR - Error saving order 6886f281-c8d0-4fce-b8be-48b23c800a57: Error binding parameter 0 - probably unsupported type.
2025-10-13 23:39:53,042 - ERROR - Error saving order 9cff0e82-95c4-4ef2-a5e3-966a0c6338ab: Error binding parameter 0 - probably unsupported type.
2025-10-13 23:39:53,042 - ERROR - Error saving order 2cd4178c-25c2-417d-bed9-ac0d7c9d3d92: Error binding parameter 0 - probably unsupported type.
2025-10-13 23:39:53,042 - ERROR - Error saving order d8c93bc0-dd15-4041-8e27-2170bcf686af: Error binding parameter 0 - probably unsupported type.
2025-10-13 23:39:53,042 - ERROR - Error saving order c5a70e3f-2047-46d2-80a1-6cb1aa280b89: Error binding parameter 0 - probably unsupported type.
2025-10-13 23:39:53,042 - ERROR - Error saving order 6e73492a-2e8d-4ffc-8076-ba56daa92c60: Error binding parameter 0 - probably unsupported type.
2025-10-13 23:39:53,042 - ERROR - Error saving order cd12248d-482b-4529-96ad-bbd63ed75310: Error binding parameter 0 - probably unsupported type.
2025-10-13 23:39:53,042 - ERROR - Error saving order e56eaba6-831c-46fd-91cd-5aef6fed9615: Error binding parameter 0 - probably unsupported type.
2025-10-13 23:39:53,042 - ERROR - Error saving order dfc1909e-03f4-479a-a36f-0e0990184caa: Error binding parameter 0 - probably unsupported type.
2025-10-13 23:39:53,043 - ERROR - Error saving order 2e0652d7-f860-4c69-9656-cea41c8ac399: Error binding parameter 0 - probably unsupported type.
2025-10-13 23:39:53,043 - ERROR - Error saving order 1c0ee43e-4bc7-44a8-ac98-d3f1f5fe77e7: Error binding parameter 0 - probably unsupported type.
2025-10-13 23:39:53,043 - ERROR - Error saving order 8d7fddb8-4a91-4ca7-96c4-df4361ebc64b: Error binding parameter 0 - probably unsupported type.
2025-10-13 23:39:53,043 - ERROR - Error saving order cbb06621-fb03-4f92-b0a0-aff9471fb9e7: Error binding parameter 0 - probably unsupported type.
2025-10-13 23:39:53,043 - ERROR - Error saving order f2710107-4cb6-4b5a-9654-bee6c878ec7b: Error binding parameter 0 - probably unsupported type.
2025-10-13 23:39:53,043 - ERROR - Error saving order ebb37aca-8a6d-4488-8675-d0085314a314: Error binding parameter 0 - probably unsupported type.
2025-10-13 23:39:53,043 - ERROR - Error saving order 143d8f28-add7-4df4-8018-913857b33cb2: Error binding parameter 0 - probably unsupported type.
2025-10-13 23:39:53,043 - ERROR - Error saving order a75db811-e2d6-4ce1-93a9-2d788b4c6217: Error binding parameter 0 - probably unsupported type.
2025-10-13 23:39:53,043 - ERROR - Error saving order 2a98a89f-bfff-48ff-a630-14de0deb4ad9: Error binding parameter 0 - probably unsupported type.
2025-10-13 23:39:53,043 - ERROR - Error saving order 4dcb8a3b-c480-4617-a469-9fbcd46d2b9a: Error binding parameter 0 - probably unsupported type.
2025-10-13 23:39:53,044 - ERROR - Error saving order a7506f0c-d8e7-4ba7-a96c-8479a39c45e5: Error binding parameter 0 - probably unsupported type.
2025-10-13 23:39:53,044 - ERROR - Error saving order 906c4ea2-006f-45da-8021-752a927ebe29: Error binding parameter 0 - probably unsupported type.
2025-10-13 23:39:53,044 - ERROR - Error saving order d70d1b86-f1b0-4633-b170-81f402346474: Error binding parameter 0 - probably unsupported type.
2025-10-13 23:39:53,044 - ERROR - Error saving order 1d30017b-44cf-4c5e-b677-cc16ca9a291a: Error binding parameter 0 - probably unsupported type.
2025-10-13 23:39:53,044 - ERROR - Error saving order b004f59a-d84c-48d7-929a-cd1cec937548: Error binding parameter 0 - probably unsupported type.
2025-10-13 23:39:53,044 - ERROR - Error saving order 7f355202-d91f-4072-8966-eb565d09b8ba: Error binding parameter 0 - probably unsupported type.
2025-10-13 23:39:53,044 - ERROR - Error saving order f07f488f-c224-4c20-80ad-8c74d48c00eb: Error binding parameter 0 - probably unsupported type.
2025-10-13 23:39:53,044 - ERROR - Error saving order 2b73821f-cdba-4458-a49b-cdee5a2a5ea6: Error binding parameter 0 - probably unsupported type.
2025-10-13 23:39:53,044 - ERROR - Error saving order bb3046ad-261a-4042-bbe0-e915a4c635fd: Error binding parameter 0 - probably unsupported type.
2025-10-13 23:39:53,044 - ERROR - Error saving order 85d8f234-c858-41b5-9065-50d95cf48c4b: Error binding parameter 0 - probably unsupported type.
2025-10-13 23:39:53,044 - ERROR - Error saving order 8e77bb0c-b2c9-4ad0-a75a-2ff49569515f: Error binding parameter 0 - probably unsupported type.
2025-10-13 23:39:53,045 - ERROR - Error saving order 84f2b468-18d4-4203-a123-9dd3abe3b184: Error binding parameter 0 - probably unsupported type.
2025-10-13 23:39:53,045 - ERROR - Error saving order ed314a69-6282-4aa6-b0f9-1937ca1dc0fd: Error binding parameter 0 - probably unsupported type.
2025-10-13 23:39:53,045 - ERROR - Error saving order 60adfd14-0876-4e40-9416-06bfd4c3d094: Error binding parameter 0 - probably unsupported type.
2025-10-13 23:39:53,045 - ERROR - Error saving order f1f807b3-d6d8-41c9-95de-81dcaa8b0804: Error binding parameter 0 - probably unsupported type.
2025-10-13 23:39:53,045 - ERROR - Error saving order bd89b74b-6638-4081-b08f-0b6ee152ed74: Error binding parameter 0 - probably unsupported type.
2025-10-13 23:39:53,045 - ERROR - Error saving order 285ce67e-55ad-4936-b1ef-db2fb8ff0dcb: Error binding parameter 0 - probably unsupported type.
2025-10-13 23:39:53,045 - ERROR - Error saving order b2abde62-ca4e-4230-8d05-7e8e2c9347cf: Error binding parameter 0 - probably unsupported type.
2025-10-13 23:39:53,045 - ERROR - Error saving order 345eac14-e902-4e88-9034-82bf10923207: Error binding parameter 0 - probably unsupported type.
2025-10-13 23:39:53,045 - ERROR - Error saving order 186b501f-24a4-4cbe-a785-888f8bd22266: Error binding parameter 0 - probably unsupported type.
2025-10-13 23:39:53,045 - ERROR - Error saving order ff62324b-552c-4343-98c1-1fa3e78c0202: Error binding parameter 0 - probably unsupported type.
2025-10-13 23:39:53,045 - ERROR - Error saving order f855d3a8-afa5-45a0-9202-baa0ffa1f975: Error binding parameter 0 - probably unsupported type.
2025-10-13 23:39:53,046 - ERROR - Error saving order 6bb8070b-26c6-493a-98a6-0e2dadcecc20: Error binding parameter 0 - probably unsupported type.
2025-10-13 23:39:53,046 - ERROR - Error saving order 3a5060fe-2bb4-4997-be4c-ceed13d3d510: Error binding parameter 0 - probably unsupported type.
2025-10-13 23:39:53,046 - ERROR - Error saving order faf00a44-1e52-4ee6-85bf-1b72f715fca8: Error binding parameter 0 - probably unsupported type.
2025-10-13 23:39:53,046 - ERROR - Error saving order e2f881b2-7138-42fe-8095-6c078b782217: Error binding parameter 0 - probably unsupported type.
2025-10-13 23:39:53,046 - ERROR - Error saving order a9f42da9-9f1d-43fd-bea0-2b3e6361cfc5: Error binding parameter 0 - probably unsupported type.
2025-10-13 23:39:53,046 - ERROR - Error saving order 6adbcd74-60c3-4bdc-aa0d-cba89d4e6acc: Error binding parameter 0 - probably unsupported type.
2025-10-13 23:39:53,046 - ERROR - Error saving order 3d8a8fb0-bd51-4fbb-a630-01ca2f8efd01: Error binding parameter 0 - probably unsupported type.
2025-10-13 23:39:53,046 - ERROR - Error saving order 394474d5-39a4-4a38-8e56-e86c6f18483f: Error binding parameter 0 - probably unsupported type.
2025-10-13 23:39:53,046 - ERROR - Error saving order 7dedf243-0ceb-49e9-a402-ffda8279bcae: Error binding parameter 0 - probably unsupported type.
2025-10-13 23:39:53,046 - ERROR - Error saving order 70bd4b13-0adf-47cf-a74c-26de4b9e93c8: Error binding parameter 0 - probably unsupported type.
2025-10-13 23:39:53,047 - ERROR - Error saving order d6a36d72-689c-48fd-86ce-d77abc7f2325: Error binding parameter 0 - probably unsupported type.
2025-10-13 23:39:53,047 - ERROR - Error saving order 7d580a5e-ddbf-4e2b-9771-64c4798f1e2f: Error binding parameter 0 - probably unsupported type.
2025-10-13 23:39:53,047 - ERROR - Error saving order 575df0ca-135b-4387-b1c7-de660f2a325e: Error binding parameter 0 - probably unsupported type.
2025-10-13 23:39:53,047 - ERROR - Error saving order f96698ed-ff8d-40b5-aae3-49fd04448cb5: Error binding parameter 0 - probably unsupported type.
2025-10-13 23:39:53,047 - ERROR - Error saving order 1e38e866-74a3-4996-a673-6351155494b4: Error binding parameter 0 - probably unsupported type.
2025-10-13 23:39:53,047 - ERROR - Error saving order cc29a83d-dfdc-46c3-a912-4b3578290b61: Error binding parameter 0 - probably unsupported type.
2025-10-13 23:39:53,047 - ERROR - Error saving order a8624858-c267-4c4c-946f-ef1142f91e3f: Error binding parameter 0 - probably unsupported type.
2025-10-13 23:39:53,047 - ERROR - Error saving order 2166f36f-2fdd-43c5-a421-10580c55a5b7: Error binding parameter 0 - probably unsupported type.
2025-10-13 23:39:53,047 - ERROR - Error saving order 66954fdf-b575-4966-9563-e20634586c12: Error binding parameter 0 - probably unsupported type.
2025-10-13 23:39:53,047 - ERROR - Error saving order 5a99be54-0cc4-429b-891c-db39e45cafea: Error binding parameter 0 - probably unsupported type.
2025-10-13 23:39:53,047 - ERROR - Error saving order 4e068dcd-1ebd-4dd0-96b4-00f47d38308d: Error binding parameter 0 - probably unsupported type.
2025-10-13 23:39:53,048 - ERROR - Error saving order f46aa7bf-d506-4441-9aa4-5f813f49c7da: Error binding parameter 0 - probably unsupported type.
2025-10-13 23:39:53,048 - ERROR - Error saving order 5c8f98aa-4082-43d2-ba58-178219521687: Error binding parameter 0 - probably unsupported type.
2025-10-13 23:39:53,048 - ERROR - Error saving order ba14564b-c14a-490d-b2d0-449524684db0: Error binding parameter 0 - probably unsupported type.
2025-10-13 23:39:53,048 - ERROR - Error saving order 5e3d8d1c-0e3f-47f6-9d11-1eebb935fb0c: Error binding parameter 0 - probably unsupported type.
2025-10-13 23:39:53,048 - ERROR - Error saving order bd6219da-b23a-4b9b-9e43-667edcdd75f6: Error binding parameter 0 - probably unsupported type.
2025-10-13 23:39:53,048 - ERROR - Error saving order 7eb06012-e86f-418d-8341-457abed831d3: Error binding parameter 0 - probably unsupported type.
2025-10-13 23:39:53,048 - ERROR - Error saving order bcc84fd8-128d-4251-a614-375ca7df875f: Error binding parameter 0 - probably unsupported type.
2025-10-13 23:39:53,048 - ERROR - Error saving order 9a546a56-8427-43d9-9dbe-cc9b812c7931: Error binding parameter 0 - probably unsupported type.
2025-10-13 23:39:53,048 - ERROR - Error saving order 70467608-1693-4940-bed8-a4160b7c62fa: Error binding parameter 0 - probably unsupported type.
2025-10-13 23:39:53,048 - ERROR - Error saving order 414bf1f3-559a-4f00-8dbd-6a060e939b77: Error binding parameter 0 - probably unsupported type.
2025-10-13 23:39:53,048 - ERROR - Error saving order 957fc556-ab25-4d8f-80ee-a0366565839f: Error binding parameter 0 - probably unsupported type.
2025-10-13 23:39:53,049 - ERROR - Error saving order b5a60948-0382-4b61-9598-eefea4c557c2: Error binding parameter 0 - probably unsupported type.
2025-10-13 23:39:53,049 - ERROR - Error saving order 82db39ed-0ebb-4ae5-ac5c-d4ddd4ecb97f: Error binding parameter 0 - probably unsupported type.
2025-10-13 23:39:53,049 - ERROR - Error saving order a90dcb4e-0cd4-4205-8939-e02da1cb00af: Error binding parameter 0 - probably unsupported type.
2025-10-13 23:39:53,049 - ERROR - Error saving order 462f344f-d76c-4dcb-9e02-c311491f7806: Error binding parameter 0 - probably unsupported type.
2025-10-13 23:39:53,049 - ERROR - Error saving order 5588b8aa-9e58-41a3-bf49-e09bede24427: Error binding parameter 0 - probably unsupported type.
2025-10-13 23:39:53,049 - ERROR - Error saving order bc65fa8a-a7c6-45d1-b7d8-9b52981fe7ae: Error binding parameter 0 - probably unsupported type.
2025-10-13 23:39:53,049 - ERROR - Error saving order 45eaa0a0-2196-4b2e-925f-1943ef51bcd5: Error binding parameter 0 - probably unsupported type.
2025-10-13 23:39:53,049 - ERROR - Error saving order 92afb072-493f-4ff5-9c25-ac1d05ca46b0: Error binding parameter 0 - probably unsupported type.
2025-10-13 23:39:53,049 - ERROR - Error saving order 35118b36-ade0-4273-9d9f-afba8dab0967: Error binding parameter 0 - probably unsupported type.
2025-10-13 23:39:53,049 - ERROR - Error saving order 9d0d1a4f-6032-4102-8c89-bcd722395ce3: Error binding parameter 0 - probably unsupported type.
2025-10-13 23:39:53,049 - ERROR - Error saving order 153857ff-6a8f-457f-8320-d1fd3e79f740: Error binding parameter 0 - probably unsupported type.
2025-10-13 23:39:53,050 - ERROR - Error saving order dcc4af2e-3481-4373-b107-9ff2fda3215d: Error binding parameter 0 - probably unsupported type.
2025-10-13 23:39:53,050 - ERROR - Error saving order 450a2329-8bfb-4385-be5a-44ae6280e633: Error binding parameter 0 - probably unsupported type.
2025-10-13 23:39:53,050 - ERROR - Error saving order 57f67d3c-14af-47ee-8b89-379c50a625ae: Error binding parameter 0 - probably unsupported type.
2025-10-13 23:39:53,050 - ERROR - Error saving order fb708b72-e319-4d63-9688-349f4ce9e417: Error binding parameter 0 - probably unsupported type.
2025-10-13 23:39:53,050 - ERROR - Error saving order ff4f7785-b74f-48c4-8702-95215745d82b: Error binding parameter 0 - probably unsupported type.
2025-10-13 23:39:53,050 - ERROR - Error saving order 93fcf792-5b06-4aa9-910d-933643bcb4b5: Error binding parameter 0 - probably unsupported type.
2025-10-13 23:39:53,050 - ERROR - Error saving order 46afafa9-982b-4274-9fc7-205ede5fedf8: Error binding parameter 0 - probably unsupported type.
2025-10-13 23:39:53,050 - ERROR - Error saving order 7e0ecb20-be4e-4b27-8635-69b5b44a37e4: Error binding parameter 0 - probably unsupported type.
2025-10-13 23:39:53,050 - ERROR - Error saving order 7af4cbbc-56b3-41e2-bd88-5552673e5ade: Error binding parameter 0 - probably unsupported type.
2025-10-13 23:39:53,050 - ERROR - Error saving order f5c1f1fe-ec69-407d-9cc1-21515685146d: Error binding parameter 0 - probably unsupported type.
2025-10-13 23:39:53,050 - ERROR - Error saving order b844a79b-5054-4ba0-bcf2-e8d173727c70: Error binding parameter 0 - probably unsupported type.
2025-10-13 23:39:53,050 - ERROR - Error saving order d685f7ea-f86c-4c5e-939e-7c09f9e5db38: Error binding parameter 0 - probably unsupported type.
2025-10-13 23:39:53,051 - ERROR - Error saving order 58cf7014-1c4e-4737-beed-beb5d4397dc9: Error binding parameter 0 - probably unsupported type.
2025-10-13 23:39:53,051 - ERROR - Error saving order 9b365048-cd39-49e1-9fb3-737497b16ee8: Error binding parameter 0 - probably unsupported type.
2025-10-13 23:39:53,051 - ERROR - Error saving order b96e2d07-cbd9-4de2-b164-f287fc011bd5: Error binding parameter 0 - probably unsupported type.
2025-10-13 23:39:53,051 - ERROR - Error saving order 937d724f-e842-4363-af39-ec216b7d55b8: Error binding parameter 0 - probably unsupported type.
2025-10-13 23:39:53,051 - ERROR - Error saving order accc291b-5651-406d-9008-422453f4f225: Error binding parameter 0 - probably unsupported type.
2025-10-13 23:39:53,051 - ERROR - Error saving order c3b7e5ef-6beb-49e7-80e9-d05b7b0a8e96: Error binding parameter 0 - probably unsupported type.
2025-10-13 23:39:53,051 - ERROR - Error saving order 64bd6f8e-2ca6-4d66-a765-35a77d21460d: Error binding parameter 0 - probably unsupported type.
2025-10-13 23:39:53,051 - ERROR - Error saving order 52ef4a92-c9e2-459c-bbc0-a37ab75a6f2c: Error binding parameter 0 - probably unsupported type.
2025-10-13 23:39:53,051 - ERROR - Error saving order b5c8d6d8-96b9-4ae6-adfa-f4bad79f980d: Error binding parameter 0 - probably unsupported type.
2025-10-13 23:39:53,051 - ERROR - Error saving order 5908bdd0-35c2-43f6-8792-10ab9342afab: Error binding parameter 0 - probably unsupported type.
2025-10-13 23:39:53,052 - ERROR - Error saving order 63f34403-c9c2-4247-9ae6-e2653e831983: Error binding parameter 0 - probably unsupported type.
2025-10-13 23:39:53,052 - ERROR - Error saving order 3183a497-9ffb-45cb-8a2e-d4465fad4c06: Error binding parameter 0 - probably unsupported type.
2025-10-13 23:39:53,052 - ERROR - Error saving order 4565a0c2-b3f0-4287-865f-e7a0e1f27ad7: Error binding parameter 0 - probably unsupported type.
2025-10-13 23:39:53,052 - ERROR - Error saving order b1950351-1876-4c36-88f3-66098f9da1a3: Error binding parameter 0 - probably unsupported type.
2025-10-13 23:39:53,052 - ERROR - Error saving order 820af113-a01c-4c69-9c4b-7a8fcd702572: Error binding parameter 0 - probably unsupported type.
2025-10-13 23:39:53,052 - ERROR - Error saving order 501f89e0-cab6-46d5-8f90-095655e6f7a3: Error binding parameter 0 - probably unsupported type.
2025-10-13 23:39:53,052 - ERROR - Error saving order c0bf4a7c-1385-4898-9c00-71bc63ac6aaa: Error binding parameter 0 - probably unsupported type.
2025-10-13 23:39:53,052 - ERROR - Error saving order 1dd5cded-8e7e-4c7d-8d47-4805b1c1a3e1: Error binding parameter 0 - probably unsupported type.
2025-10-13 23:39:53,052 - ERROR - Error saving order 281b349d-e2e0-4a39-b8a9-25681f69cc0a: Error binding parameter 0 - probably unsupported type.
2025-10-13 23:39:53,052 - ERROR - Error saving order 6fd9df3d-5462-46b7-a089-699c19abb16c: Error binding parameter 0 - probably unsupported type.
2025-10-13 23:39:53,052 - ERROR - Error saving order 1c9a1c4f-fe87-4e55-a7d7-c84519d454be: Error binding parameter 0 - probably unsupported type.
2025-10-13 23:39:53,052 - ERROR - Error saving order ac0f55cd-9e3c-4790-bd66-8719a622ab6c: Error binding parameter 0 - probably unsupported type.
2025-10-13 23:39:53,053 - ERROR - Error saving order f8e1fbf5-31e4-4889-b29b-8eff8beb95f4: Error binding parameter 0 - probably unsupported type.
2025-10-13 23:39:53,053 - ERROR - Error saving order 1393910b-8b66-4c07-bb60-27b649031a57: Error binding parameter 0 - probably unsupported type.
2025-10-13 23:39:53,053 - ERROR - Error saving order 855b215a-7a11-4c27-a29c-afe7489d97b4: Error binding parameter 0 - probably unsupported type.
2025-10-13 23:39:53,053 - ERROR - Error saving order 4263aaef-bcdf-49d5-a79b-8082a74e2192: Error binding parameter 0 - probably unsupported type.
2025-10-13 23:39:53,053 - ERROR - Error saving order ce0addfc-664d-4fde-b4b1-e0e9693cf8ed: Error binding parameter 0 - probably unsupported type.
2025-10-13 23:39:53,053 - ERROR - Error saving order 264ede92-6b0e-49fe-86ca-82f6f54ce1c3: Error binding parameter 0 - probably unsupported type.
2025-10-13 23:39:53,053 - ERROR - Error saving order 971f7216-0aed-494e-ab0c-e5c3bb86e769: Error binding parameter 0 - probably unsupported type.
2025-10-13 23:39:53,053 - ERROR - Error saving order 5151b79b-9c07-4635-b990-aa662e55ca2d: Error binding parameter 0 - probably unsupported type.
2025-10-13 23:39:53,053 - ERROR - Error saving order f5614108-17af-4665-929c-ac25e9afb682: Error binding parameter 0 - probably unsupported type.
2025-10-13 23:39:53,053 - ERROR - Error saving order d40dba2b-3f63-4596-83e5-0afd724c305d: Error binding parameter 0 - probably unsupported type.
2025-10-13 23:39:53,053 - ERROR - Error saving order 50202190-a891-4d07-8626-c6eb6a7397cb: Error binding parameter 0 - probably unsupported type.
2025-10-13 23:39:53,053 - ERROR - Error saving order 29c577bc-eca7-4d42-b84f-e3f70ec543e1: Error binding parameter 0 - probably unsupported type.
2025-10-13 23:39:53,054 - ERROR - Error saving order 10a249ec-341b-4fe8-b955-8c90ac9df68b: Error binding parameter 0 - probably unsupported type.
2025-10-13 23:39:53,054 - ERROR - Error saving order 66eac820-ef7a-4473-b6bf-66c1b5155c35: Error binding parameter 0 - probably unsupported type.
2025-10-13 23:39:53,054 - ERROR - Error saving order 3f4b5d01-e41d-4f90-b94d-be902c5a52d7: Error binding parameter 0 - probably unsupported type.
2025-10-13 23:39:53,054 - ERROR - Error saving order 22f93efe-42a1-4e45-a0e4-3029389106ad: Error binding parameter 0 - probably unsupported type.
2025-10-13 23:39:53,054 - ERROR - Error saving order a918ca15-8833-4273-8074-3f249c202fc2: Error binding parameter 0 - probably unsupported type.
2025-10-13 23:39:53,054 - ERROR - Error saving order 3f4ace53-54b4-43a9-a403-19f8a729417f: Error binding parameter 0 - probably unsupported type.
2025-10-13 23:39:53,054 - ERROR - Error saving order 7608728a-43c1-44d6-be45-a4280a6bbfe1: Error binding parameter 0 - probably unsupported type.
2025-10-13 23:39:53,054 - ERROR - Error saving order a191c07b-4289-48f9-ab69-b6589d8374a2: Error binding parameter 0 - probably unsupported type.
2025-10-13 23:39:53,054 - ERROR - Error saving order 1b687b20-ea84-4ca6-8581-3636062fef59: Error binding parameter 0 - probably unsupported type.
2025-10-13 23:39:53,055 - ERROR - Error saving order ecf08690-19db-40b0-827f-9f646990e25a: Error binding parameter 0 - probably unsupported type.
2025-10-13 23:39:53,055 - ERROR - Error saving order 8287f7d2-0f64-4433-b707-f78fc0a25565: Error binding parameter 0 - probably unsupported type.
2025-10-13 23:39:53,055 - ERROR - Error saving order 66c7e7be-d680-42f3-a5af-cd6b048a0a35: Error binding parameter 0 - probably unsupported type.
2025-10-13 23:39:53,055 - ERROR - Error saving order d9eab3a7-d290-4d89-81d8-3639169ec552: Error binding parameter 0 - probably unsupported type.
2025-10-13 23:39:53,055 - ERROR - Error saving order 2cd39c0a-607b-458c-a70c-ee91bba65844: Error binding parameter 0 - probably unsupported type.
2025-10-13 23:39:53,055 - ERROR - Error saving order a8d75b74-9492-45fb-b91b-650235ffb6fd: Error binding parameter 0 - probably unsupported type.
2025-10-13 23:39:53,055 - ERROR - Error saving order ad90a60a-4990-4c2b-a605-fa32f257aa8b: Error binding parameter 0 - probably unsupported type.
2025-10-13 23:39:53,055 - ERROR - Error saving order b2e4115b-8150-4ff5-a5c8-bdeee286513a: Error binding parameter 0 - probably unsupported type.
2025-10-13 23:39:53,055 - ERROR - Error saving order b702a43e-c321-428f-8fc1-86a4ce18029e: Error binding parameter 0 - probably unsupported type.
2025-10-13 23:39:53,055 - ERROR - Error saving order b5b56ab0-b919-44fe-86b5-b88c43fa0ad1: Error binding parameter 0 - probably unsupported type.
2025-10-13 23:39:53,055 - ERROR - Error saving order 25efcb39-198d-45c4-989d-7c923ae4f9e7: Error binding parameter 0 - probably unsupported type.
2025-10-13 23:39:53,056 - ERROR - Error saving order f50190a9-5f80-4a96-8cae-242ace527827: Error binding parameter 0 - probably unsupported type.
2025-10-13 23:39:53,056 - ERROR - Error saving order b0d3736c-d10f-4a38-b2b9-b3977f4201dc: Error binding parameter 0 - probably unsupported type.
2025-10-13 23:39:53,056 - ERROR - Error saving order 92b0d866-552b-4f56-8fd0-0651861aa018: Error binding parameter 0 - probably unsupported type.
2025-10-13 23:39:53,056 - ERROR - Error saving order fb735d97-493f-4878-ba25-b0a29e230738: Error binding parameter 0 - probably unsupported type.
2025-10-13 23:39:53,056 - ERROR - Error saving order bc999f2b-9d6e-4858-9aa2-8207186d94d9: Error binding parameter 0 - probably unsupported type.
2025-10-13 23:39:53,056 - ERROR - Error saving order a6c415d1-e7fc-4855-9b44-93d6df318ae1: Error binding parameter 0 - probably unsupported type.
2025-10-13 23:39:53,056 - ERROR - Error saving order ef0205c0-f2c9-4359-a903-0b1dc47c0909: Error binding parameter 0 - probably unsupported type.
2025-10-13 23:39:53,056 - ERROR - Error saving order 3be461b6-7a36-4518-95dd-74bacbca85c9: Error binding parameter 0 - probably unsupported type.
2025-10-13 23:39:53,056 - ERROR - Error saving order ad7047ea-95e1-4a17-a208-6a6c92c7523b: Error binding parameter 0 - probably unsupported type.
2025-10-13 23:39:53,056 - ERROR - Error saving order baa1865e-f8c4-466b-b919-dbf4f0e19f67: Error binding parameter 0 - probably unsupported type.
2025-10-13 23:39:53,056 - ERROR - Error saving order da83b591-add2-4f49-afdc-f10826282d1d: Error binding parameter 0 - probably unsupported type.
2025-10-13 23:39:53,056 - ERROR - Error saving order 8a0c8ec9-75e7-41b7-85a9-ae5a02cba4d1: Error binding parameter 0 - probably unsupported type.
2025-10-13 23:39:53,057 - ERROR - Error saving order ddbc31ba-ca04-4646-945a-9f03bf271ed3: Error binding parameter 0 - probably unsupported type.
2025-10-13 23:39:53,057 - ERROR - Error saving order 959cc773-34d9-407b-a346-b5abc0fa70b0: Error binding parameter 0 - probably unsupported type.
2025-10-13 23:39:53,057 - ERROR - Error saving order a5f8f99a-60be-4066-ac99-795d25b05335: Error binding parameter 0 - probably unsupported type.
2025-10-13 23:39:53,057 - ERROR - Error saving order 5dd2715a-6c2d-44b5-8cdb-0a17c2f411e7: Error binding parameter 0 - probably unsupported type.
2025-10-13 23:39:53,057 - ERROR - Error saving order c99ef5be-fee8-49af-bfbd-a458deb3d25b: Error binding parameter 0 - probably unsupported type.
2025-10-13 23:39:53,057 - ERROR - Error saving order e8ea44c9-c4d0-434a-bf1b-7cbb4ef4a6ae: Error binding parameter 0 - probably unsupported type.
2025-10-13 23:39:53,057 - ERROR - Error saving order 2e7a6c79-f59e-4afa-8021-33df8febcc88: Error binding parameter 0 - probably unsupported type.
2025-10-13 23:39:53,057 - ERROR - Error saving order 50a4a03b-c35a-4498-a464-bc979ea18733: Error binding parameter 0 - probably unsupported type.
2025-10-13 23:39:53,057 - ERROR - Error saving order c2c9b663-1898-4492-82f1-7eb2f362e7ad: Error binding parameter 0 - probably unsupported type.
2025-10-13 23:39:53,057 - ERROR - Error saving order f15555b3-d6dc-43a8-a81f-25e95f445c60: Error binding parameter 0 - probably unsupported type.
2025-10-13 23:39:53,057 - ERROR - Error saving order 427d3432-4f8e-4aa6-a45d-0eba27f3d5ab: Error binding parameter 0 - probably unsupported type.
2025-10-13 23:39:53,057 - ERROR - Error saving order 856f8f27-655c-446e-afc9-d3e112c4912f: Error binding parameter 0 - probably unsupported type.
2025-10-13 23:39:53,057 - ERROR - Error saving order 24f94e8c-07c5-4306-8add-3fda5a787cd8: Error binding parameter 0 - probably unsupported type.
2025-10-13 23:39:53,058 - ERROR - Error saving order ebfbaae0-e31c-4299-9c18-6f7cf497fd77: Error binding parameter 0 - probably unsupported type.
2025-10-13 23:39:53,058 - ERROR - Error saving order 957c0e0c-8d58-4b44-98db-47aafa4feb80: Error binding parameter 0 - probably unsupported type.
2025-10-13 23:39:53,058 - ERROR - Error saving order 840720d4-1446-404f-bfa7-1a5fe4e40558: Error binding parameter 0 - probably unsupported type.
2025-10-13 23:39:53,058 - ERROR - Error saving order 47280fd6-8c4e-4bc3-b018-a19e52fe0dae: Error binding parameter 0 - probably unsupported type.
2025-10-13 23:39:53,058 - ERROR - Error saving order 756ecc00-320d-40fd-84e3-7ba844080574: Error binding parameter 0 - probably unsupported type.
2025-10-13 23:39:53,058 - ERROR - Error saving order d0aff38b-23ba-4f56-a2d3-8fae300b7851: Error binding parameter 0 - probably unsupported type.
2025-10-13 23:39:53,058 - ERROR - Error saving order 9b6f6051-5c79-42c7-9114-2980db323493: Error binding parameter 0 - probably unsupported type.
2025-10-13 23:39:53,058 - ERROR - Error saving order 38baa409-0a46-46da-a112-2e5730c68c81: Error binding parameter 0 - probably unsupported type.
2025-10-13 23:39:53,058 - ERROR - Error saving order 1d09b903-cb32-44bf-8599-1cdfcfd32bc1: Error binding parameter 0 - probably unsupported type.
2025-10-13 23:39:53,058 - ERROR - Error saving order 8f4693aa-3f5d-4c22-86cc-5034be9e0519: Error binding parameter 0 - probably unsupported type.
2025-10-13 23:39:53,058 - ERROR - Error saving order 45211cfc-b42c-4a7d-8232-a9f4c5fb21d7: Error binding parameter 0 - probably unsupported type.
2025-10-13 23:39:53,058 - ERROR - Error saving order 70a99125-669b-4d54-a8f5-a75d79427543: Error binding parameter 0 - probably unsupported type.
2025-10-13 23:39:53,058 - ERROR - Error saving order aa6cacbf-48d1-461f-a831-f91882a1e10d: Error binding parameter 0 - probably unsupported type.
2025-10-13 23:39:53,059 - ERROR - Error saving order d4b7f848-40b7-4e6b-9899-64f02edad210: Error binding parameter 0 - probably unsupported type.
2025-10-13 23:39:53,059 - ERROR - Error saving order 412d0724-f16d-4020-b0d1-e53e4e729acb: Error binding parameter 0 - probably unsupported type.
2025-10-13 23:39:53,059 - ERROR - Error saving order 39c029e8-e69e-4a99-afe7-5afeeca06588: Error binding parameter 0 - probably unsupported type.
2025-10-13 23:39:53,059 - ERROR - Error saving order 8df34e4f-af02-4823-be4c-6ecd31b1ec47: Error binding parameter 0 - probably unsupported type.
2025-10-13 23:39:53,059 - ERROR - Error saving order 751e902a-e6ef-413d-83bc-f2b3cfc412cf: Error binding parameter 0 - probably unsupported type.
2025-10-13 23:39:53,059 - ERROR - Error saving order a5d52709-7e23-44ef-b5f3-190668b7d86a: Error binding parameter 0 - probably unsupported type.
2025-10-13 23:39:53,059 - ERROR - Error saving order 8c45b693-7c14-4b41-bf2a-a33cbb86e826: Error binding parameter 0 - probably unsupported type.
2025-10-13 23:39:53,059 - ERROR - Error saving order 9180ae95-cea7-4bcd-b643-da5b4a4f763b: Error binding parameter 0 - probably unsupported type.
2025-10-13 23:39:53,059 - ERROR - Error saving order 169fc301-4c88-4c6d-b574-0ae15512ef74: Error binding parameter 0 - probably unsupported type.
2025-10-13 23:39:53,059 - ERROR - Error saving order f703a1f5-531a-46b6-b6ee-cdffa5d19dbe: Error binding parameter 0 - probably unsupported type.
2025-10-13 23:39:53,059 - ERROR - Error saving order 99cd1bcb-a7fa-4fea-9f1c-98c5a253cad3: Error binding parameter 0 - probably unsupported type.
2025-10-13 23:39:53,059 - ERROR - Error saving order 415681c5-2c6d-46f0-bcc2-aee17e642e76: Error binding parameter 0 - probably unsupported type.
2025-10-13 23:39:53,060 - ERROR - Error saving order 2ad4b649-b0d4-4a46-84a9-cb7768015eb9: Error binding parameter 0 - probably unsupported type.
2025-10-13 23:39:53,060 - ERROR - Error saving order 7b98de8f-4219-4831-8890-5dd9ce16cbd8: Error binding parameter 0 - probably unsupported type.
2025-10-13 23:39:53,060 - ERROR - Error saving order c6ab61ac-bbf2-4bed-9dc6-2c642192c6ce: Error binding parameter 0 - probably unsupported type.
2025-10-13 23:39:53,060 - ERROR - Error saving order 9102b424-b6db-40a2-85f5-42a089f6fc36: Error binding parameter 0 - probably unsupported type.
2025-10-13 23:39:53,060 - ERROR - Error saving order 69cb06e1-b8fb-4a0a-a906-30f1dcca56f9: Error binding parameter 0 - probably unsupported type.
2025-10-13 23:39:53,060 - INFO - Saved 0 new orders, skipped 0 existing orders
2025-10-13 23:39:53,061 - INFO - Download completed: 0 new trades saved, 0 existing trades skipped
2025-10-13 23:39:53,061 - ERROR - Error in main execution: 'activities'
2025-10-13 23:41:53,263 - INFO - Starting Alpaca trades data download...
2025-10-13 23:41:54,209 - INFO - Alpaca client initialized successfully
2025-10-13 23:41:54,214 - INFO - Trades database initialized
2025-10-13 23:41:54,216 - INFO - Date range: 2025-10-06 to 2025-10-13
2025-10-13 23:41:54,216 - INFO - Fetching orders from Alpaca API...
2025-10-13 23:41:54,963 - INFO - Successfully fetched 500 orders
2025-10-13 23:41:54,967 - ERROR - Error saving order 761a442d-8572-4b3b-adfb-9b8992038b65: Error binding parameter 0 - probably unsupported type.
2025-10-13 23:41:54,967 - ERROR - Error saving order 20922ae9-a6d0-43aa-8e43-95e39c75d808: Error binding parameter 0 - probably unsupported type.
2025-10-13 23:41:54,967 - ERROR - Error saving order 63a423b8-4a85-4b2f-8f93-5f1bfc19eadc: Error binding parameter 0 - probably unsupported type.
2025-10-13 23:41:54,967 - ERROR - Error saving order b0bd9631-4cd5-404a-b1a3-3bd95dc4679b: Error binding parameter 0 - probably unsupported type.
2025-10-13 23:41:54,967 - ERROR - Error saving order 16fd29a5-f63d-4ec6-9858-896b959ffb7c: Error binding parameter 0 - probably unsupported type.
2025-10-13 23:41:54,967 - ERROR - Error saving order 5638e2f8-8523-48d0-8575-62e0bb31a897: Error binding parameter 0 - probably unsupported type.
2025-10-13 23:41:54,968 - ERROR - Error saving order aa48f460-4796-4587-bda8-d993d7abc0a9: Error binding parameter 0 - probably unsupported type.
2025-10-13 23:41:54,968 - ERROR - Error saving order ecd1d2b1-d087-4273-8b94-c2715d5d637a: Error binding parameter 0 - probably unsupported type.
2025-10-13 23:41:54,968 - ERROR - Error saving order c747229f-960f-436c-b77e-2a861789b176: Error binding parameter 0 - probably unsupported type.
2025-10-13 23:41:54,968 - ERROR - Error saving order 4381234c-4e7f-4da8-a01b-f980352ba454: Error binding parameter 0 - probably unsupported type.
2025-10-13 23:41:54,968 - ERROR - Error saving order c1889508-5f7d-4cc3-9556-6028428642a8: Error binding parameter 0 - probably unsupported type.
2025-10-13 23:41:54,968 - ERROR - Error saving order b4835af3-ae1d-4d55-8810-a50aaa8209f4: Error binding parameter 0 - probably unsupported type.
2025-10-13 23:41:54,968 - ERROR - Error saving order ba316385-86ff-4069-8cfd-aa7f94447976: Error binding parameter 0 - probably unsupported type.
2025-10-13 23:41:54,969 - ERROR - Error saving order 405d3902-edd2-4446-8935-963cd1e70071: Error binding parameter 0 - probably unsupported type.
2025-10-13 23:41:54,969 - ERROR - Error saving order 4b185dbc-f4bb-477a-ab37-9fa543ce499f: Error binding parameter 0 - probably unsupported type.
2025-10-13 23:41:54,969 - ERROR - Error saving order 4dac3165-5d0d-470b-ba2e-72d0d780933c: Error binding parameter 0 - probably unsupported type.
2025-10-13 23:41:54,969 - ERROR - Error saving order e53ea354-2e2a-48db-96dc-fdaa83853dc3: Error binding parameter 0 - probably unsupported type.
2025-10-13 23:41:54,969 - ERROR - Error saving order ff589f1a-173b-444d-b1bb-208696419e94: Error binding parameter 0 - probably unsupported type.
2025-10-13 23:41:54,969 - ERROR - Error saving order 82697024-f10e-4470-a35d-fedf3ce6362d: Error binding parameter 0 - probably unsupported type.
2025-10-13 23:41:54,969 - ERROR - Error saving order fa795e33-70bc-4907-976a-b08da3e661d0: Error binding parameter 0 - probably unsupported type.
2025-10-13 23:41:54,969 - ERROR - Error saving order 61009bd5-e296-4edb-a5c3-131389683e2a: Error binding parameter 0 - probably unsupported type.
2025-10-13 23:41:54,969 - ERROR - Error saving order f034e6ce-964d-43a8-9504-c1798be53d94: Error binding parameter 0 - probably unsupported type.
2025-10-13 23:41:54,970 - ERROR - Error saving order 5ef66670-ac72-4d8b-b05f-2298cfc3f4b4: Error binding parameter 0 - probably unsupported type.
2025-10-13 23:41:54,970 - ERROR - Error saving order b5aea7b3-7956-4202-a0fa-4529ec95ed96: Error binding parameter 0 - probably unsupported type.
2025-10-13 23:41:54,970 - ERROR - Error saving order 12f9d6e3-33e0-4150-993d-15022620db1e: Error binding parameter 0 - probably unsupported type.
2025-10-13 23:41:54,970 - ERROR - Error saving order c019de03-6dda-4c5c-a5f4-9d49c1544822: Error binding parameter 0 - probably unsupported type.
2025-10-13 23:41:54,970 - ERROR - Error saving order f45b2b14-1057-4857-8b8e-df1cfa42675a: Error binding parameter 0 - probably unsupported type.
2025-10-13 23:41:54,970 - ERROR - Error saving order 5685d518-fdf7-4a3e-855e-03e0fb8d4724: Error binding parameter 0 - probably unsupported type.
2025-10-13 23:41:54,970 - ERROR - Error saving order ee9209a8-adcc-4251-b2c5-3221371e7d95: Error binding parameter 0 - probably unsupported type.
2025-10-13 23:41:54,970 - ERROR - Error saving order 5eb5962e-73d2-42ff-a725-f4b3e4c3a6cc: Error binding parameter 0 - probably unsupported type.
2025-10-13 23:41:54,970 - ERROR - Error saving order c5d8dbe3-648b-4c25-9163-c391b2dc9e42: Error binding parameter 0 - probably unsupported type.
2025-10-13 23:41:54,970 - ERROR - Error saving order 7b1d5e89-3178-4366-9170-c63a06b6fbb2: Error binding parameter 0 - probably unsupported type.
2025-10-13 23:41:54,971 - ERROR - Error saving order 8a6ab426-5756-400b-b203-c43da90aaf45: Error binding parameter 0 - probably unsupported type.
2025-10-13 23:41:54,971 - ERROR - Error saving order e08cd1ea-cb7f-4382-b4ff-3c3e1dbffa13: Error binding parameter 0 - probably unsupported type.
2025-10-13 23:41:54,971 - ERROR - Error saving order ae06f8e0-bed7-4daf-84d1-d9932df9ab95: Error binding parameter 0 - probably unsupported type.
2025-10-13 23:41:54,971 - ERROR - Error saving order 75c35d0a-c1fe-4e07-9875-d757e44f1362: Error binding parameter 0 - probably unsupported type.
2025-10-13 23:41:54,971 - ERROR - Error saving order 86d06fb9-d1bd-411b-ae9b-d2898fd9025a: Error binding parameter 0 - probably unsupported type.
2025-10-13 23:41:54,971 - ERROR - Error saving order f52feb59-9a00-4e99-a2a8-f4b279953561: Error binding parameter 0 - probably unsupported type.
2025-10-13 23:41:54,971 - ERROR - Error saving order a5bfaadf-6197-471c-8ab1-d87311c0a316: Error binding parameter 0 - probably unsupported type.
2025-10-13 23:41:54,971 - ERROR - Error saving order e0a8e06b-109d-45b8-b3f7-417e93a1f777: Error binding parameter 0 - probably unsupported type.
2025-10-13 23:41:54,971 - ERROR - Error saving order 7251f27c-1085-4b2d-a477-f530e7676763: Error binding parameter 0 - probably unsupported type.
2025-10-13 23:41:54,971 - ERROR - Error saving order a7ef52df-f1ce-4411-8096-53b35a079bea: Error binding parameter 0 - probably unsupported type.
2025-10-13 23:41:54,972 - ERROR - Error saving order 5e086858-ef95-4bc0-8561-cbeed0fc49bd: Error binding parameter 0 - probably unsupported type.
2025-10-13 23:41:54,972 - ERROR - Error saving order bb3aba14-a07a-427d-8974-829044c40abc: Error binding parameter 0 - probably unsupported type.
2025-10-13 23:41:54,972 - ERROR - Error saving order 697ce1ec-2faa-477f-8e5f-368f1177ae94: Error binding parameter 0 - probably unsupported type.
2025-10-13 23:41:54,972 - ERROR - Error saving order 664efee2-3985-46e6-b451-3901c8bb2b78: Error binding parameter 0 - probably unsupported type.
2025-10-13 23:41:54,972 - ERROR - Error saving order cef64a91-91a4-4208-b912-f8943ca5c02b: Error binding parameter 0 - probably unsupported type.
2025-10-13 23:41:54,972 - ERROR - Error saving order f19b0e4a-6c7c-4917-8752-5170bb947197: Error binding parameter 0 - probably unsupported type.
2025-10-13 23:41:54,972 - ERROR - Error saving order 4d5d38a3-88bf-4dc7-af40-2cb0e182cfe9: Error binding parameter 0 - probably unsupported type.
2025-10-13 23:41:54,972 - ERROR - Error saving order 6deb2904-4d5b-4599-a099-4a7671ff812b: Error binding parameter 0 - probably unsupported type.
2025-10-13 23:41:54,972 - ERROR - Error saving order d4f50e82-3fa1-4b02-bc7c-71f4f2d82809: Error binding parameter 0 - probably unsupported type.
2025-10-13 23:41:54,972 - ERROR - Error saving order de02101c-18e2-40b0-92b5-baf764390512: Error binding parameter 0 - probably unsupported type.
2025-10-13 23:41:54,973 - ERROR - Error saving order 95c0f2bb-3383-4ff1-aa3e-f0a30898e3b6: Error binding parameter 0 - probably unsupported type.
2025-10-13 23:41:54,973 - ERROR - Error saving order d09bdf53-0251-4b5a-9a85-0201359f09f6: Error binding parameter 0 - probably unsupported type.
2025-10-13 23:41:54,973 - ERROR - Error saving order f97b08ee-cab2-4fb3-a8fa-6aec589d030d: Error binding parameter 0 - probably unsupported type.
2025-10-13 23:41:54,973 - ERROR - Error saving order 5e548b02-7608-40a3-ab1f-270ea20c8a64: Error binding parameter 0 - probably unsupported type.
2025-10-13 23:41:54,973 - ERROR - Error saving order 43edaa83-5650-4611-989b-c7a35ce5a2f7: Error binding parameter 0 - probably unsupported type.
2025-10-13 23:41:54,973 - ERROR - Error saving order 906ed739-0f3b-43b3-8543-58c83a197ff7: Error binding parameter 0 - probably unsupported type.
2025-10-13 23:41:54,973 - ERROR - Error saving order 5ed66066-a344-4e9a-8dd7-161bd1be941b: Error binding parameter 0 - probably unsupported type.
2025-10-13 23:41:54,973 - ERROR - Error saving order 10ebd068-faa4-40db-9e99-afb18bd8f72c: Error binding parameter 0 - probably unsupported type.
2025-10-13 23:41:54,973 - ERROR - Error saving order efb1a510-17e6-49ec-b5fc-ec8d3779844e: Error binding parameter 0 - probably unsupported type.
2025-10-13 23:41:54,973 - ERROR - Error saving order 7b817bcb-eda4-4723-90e9-8ea2065193af: Error binding parameter 0 - probably unsupported type.
2025-10-13 23:41:54,974 - ERROR - Error saving order 40729d9e-d481-4914-a2e4-40ca5fbeb52b: Error binding parameter 0 - probably unsupported type.
2025-10-13 23:41:54,974 - ERROR - Error saving order ed8be679-7faf-4d62-92e6-477337a4ee22: Error binding parameter 0 - probably unsupported type.
2025-10-13 23:41:54,974 - ERROR - Error saving order 509eeb78-0528-4920-9160-f2bf1ba0b78a: Error binding parameter 0 - probably unsupported type.
2025-10-13 23:41:54,974 - ERROR - Error saving order 6c7bf251-f46e-40a2-8768-5b2f0b4c73eb: Error binding parameter 0 - probably unsupported type.
2025-10-13 23:41:54,974 - ERROR - Error saving order 80727c3f-9d91-460c-9efd-f68e07ec68bb: Error binding parameter 0 - probably unsupported type.
2025-10-13 23:41:54,974 - ERROR - Error saving order ea634b8a-85e1-41f8-a495-48a74e07d169: Error binding parameter 0 - probably unsupported type.
2025-10-13 23:41:54,974 - ERROR - Error saving order 1873869a-6494-4f16-8292-d012d30735c0: Error binding parameter 0 - probably unsupported type.
2025-10-13 23:41:54,974 - ERROR - Error saving order d64f659b-24e4-4dfb-a35e-61601020eee2: Error binding parameter 0 - probably unsupported type.
2025-10-13 23:41:54,974 - ERROR - Error saving order 8ab3f86a-4d7e-47bc-b502-ac92e34751a1: Error binding parameter 0 - probably unsupported type.
2025-10-13 23:41:54,975 - ERROR - Error saving order 34d75bd1-a04b-4d4c-bd35-afe61ae04318: Error binding parameter 0 - probably unsupported type.
2025-10-13 23:41:54,975 - ERROR - Error saving order 138c357c-1772-4f39-90ac-206716a2715a: Error binding parameter 0 - probably unsupported type.
2025-10-13 23:41:54,975 - ERROR - Error saving order 74c9c977-ec63-40be-954b-8de146f74efc: Error binding parameter 0 - probably unsupported type.
2025-10-13 23:41:54,975 - ERROR - Error saving order 61d65e21-bbb9-4da3-a9e6-daa094ebf400: Error binding parameter 0 - probably unsupported type.
2025-10-13 23:41:54,975 - ERROR - Error saving order 21f1a92a-0cab-4860-9df2-5ced067792c4: Error binding parameter 0 - probably unsupported type.
2025-10-13 23:41:54,975 - ERROR - Error saving order bccdd4a6-bfad-48f0-ab2e-7e76ec7a7974: Error binding parameter 0 - probably unsupported type.
2025-10-13 23:41:54,975 - ERROR - Error saving order abd7888b-99cc-41c9-a3f4-0b74a8393628: Error binding parameter 0 - probably unsupported type.
2025-10-13 23:41:54,975 - ERROR - Error saving order 797aa6b5-33c0-4f78-8b46-99d2c98ffe95: Error binding parameter 0 - probably unsupported type.
2025-10-13 23:41:54,975 - ERROR - Error saving order 5e325e59-009f-4fd2-872d-5c755b2dd415: Error binding parameter 0 - probably unsupported type.
2025-10-13 23:41:54,976 - ERROR - Error saving order 40232aa3-334b-442d-be6c-e1befb9985d7: Error binding parameter 0 - probably unsupported type.
2025-10-13 23:41:54,976 - ERROR - Error saving order 517b3eea-0132-49ba-8425-55204ff2155d: Error binding parameter 0 - probably unsupported type.
2025-10-13 23:41:54,976 - ERROR - Error saving order 9a6a5c21-5846-4388-9d55-6cf33ad477ce: Error binding parameter 0 - probably unsupported type.
2025-10-13 23:41:54,976 - ERROR - Error saving order d77291d9-7a66-4a7f-9307-1b34dbee3c72: Error binding parameter 0 - probably unsupported type.
2025-10-13 23:41:54,976 - ERROR - Error saving order 2b345a52-5133-4e54-ad9a-e590080a108c: Error binding parameter 0 - probably unsupported type.
2025-10-13 23:41:54,976 - ERROR - Error saving order e32b97d3-bb7e-40cb-9b6d-9c16db1f1618: Error binding parameter 0 - probably unsupported type.
2025-10-13 23:41:54,976 - ERROR - Error saving order 50e3e975-65f7-46a6-af34-79127984a51f: Error binding parameter 0 - probably unsupported type.
2025-10-13 23:41:54,976 - ERROR - Error saving order df53e703-0517-4848-ae54-960d09dc5aef: Error binding parameter 0 - probably unsupported type.
2025-10-13 23:41:54,976 - ERROR - Error saving order e8f2cf8b-804c-45df-acd7-7528231b65be: Error binding parameter 0 - probably unsupported type.
2025-10-13 23:41:54,977 - ERROR - Error saving order bbfbb3a6-6408-4ee2-ad1e-9a6a27288fc5: Error binding parameter 0 - probably unsupported type.
2025-10-13 23:41:54,977 - ERROR - Error saving order 2028f68c-da12-4c6a-ad5c-3302e7c981b0: Error binding parameter 0 - probably unsupported type.
2025-10-13 23:41:54,977 - ERROR - Error saving order e3700954-85e0-4451-84b4-c977fae50450: Error binding parameter 0 - probably unsupported type.
2025-10-13 23:41:54,977 - ERROR - Error saving order da67c5e6-a198-4036-a2bc-bc3998b677ea: Error binding parameter 0 - probably unsupported type.
2025-10-13 23:41:54,977 - ERROR - Error saving order 6ea3646f-471f-4ced-97ec-2ee37e8de70f: Error binding parameter 0 - probably unsupported type.
2025-10-13 23:41:54,977 - ERROR - Error saving order 63537f65-b77e-4d5f-b060-24ccf2542f9d: Error binding parameter 0 - probably unsupported type.
2025-10-13 23:41:54,977 - ERROR - Error saving order e63920e3-a400-4d6b-88aa-9008c70a1980: Error binding parameter 0 - probably unsupported type.
2025-10-13 23:41:54,977 - ERROR - Error saving order d470a1c8-c83e-4614-94cc-a4f222eafe6c: Error binding parameter 0 - probably unsupported type.
2025-10-13 23:41:54,977 - ERROR - Error saving order 467af2ac-b54c-4aa8-9caa-f254c5c74646: Error binding parameter 0 - probably unsupported type.
2025-10-13 23:41:54,977 - ERROR - Error saving order 4385fd50-b635-4692-8b91-42560c4a1e11: Error binding parameter 0 - probably unsupported type.
2025-10-13 23:41:54,978 - ERROR - Error saving order 35c13a58-54ae-403f-974c-6515b769f4c8: Error binding parameter 0 - probably unsupported type.
2025-10-13 23:41:54,978 - ERROR - Error saving order 6b84f556-2dee-4f73-adb6-0f6822b0386f: Error binding parameter 0 - probably unsupported type.
2025-10-13 23:41:54,978 - ERROR - Error saving order 5c9d1d6d-1a12-47bf-88df-414a3acd2ad2: Error binding parameter 0 - probably unsupported type.
2025-10-13 23:41:54,978 - ERROR - Error saving order 88c100e7-cd35-43c0-89d0-e9ad4dfccaab: Error binding parameter 0 - probably unsupported type.
2025-10-13 23:41:54,978 - ERROR - Error saving order dfedfe78-5f2d-4782-85ee-b111b3aa4f47: Error binding parameter 0 - probably unsupported type.
2025-10-13 23:41:54,978 - ERROR - Error saving order f31f947a-70a7-4a7d-baa1-c41b8a8b22ec: Error binding parameter 0 - probably unsupported type.
2025-10-13 23:41:54,978 - ERROR - Error saving order 9435abea-206b-4b9a-9177-b2914b00eb0d: Error binding parameter 0 - probably unsupported type.
2025-10-13 23:41:54,978 - ERROR - Error saving order 3f661989-6a86-49fb-9093-d484b2bb020a: Error binding parameter 0 - probably unsupported type.
2025-10-13 23:41:54,978 - ERROR - Error saving order e37e1da9-bf07-4aed-a744-f9169a3c2f5e: Error binding parameter 0 - probably unsupported type.
2025-10-13 23:41:54,978 - ERROR - Error saving order edca2d1b-e32b-4b0c-98b8-89210d7da3ce: Error binding parameter 0 - probably unsupported type.
2025-10-13 23:41:54,979 - ERROR - Error saving order 8ae40da2-4a7b-4084-850a-f9bdbf677eec: Error binding parameter 0 - probably unsupported type.
2025-10-13 23:41:54,979 - ERROR - Error saving order 8dd42c3b-bcd8-42a3-a73e-ddd1a7007c63: Error binding parameter 0 - probably unsupported type.
2025-10-13 23:41:54,979 - ERROR - Error saving order 5addf9ad-33bc-47d2-8f93-4a0f76b71016: Error binding parameter 0 - probably unsupported type.
2025-10-13 23:41:54,979 - ERROR - Error saving order 2f513012-e0cc-453b-8729-2448717ab6b2: Error binding parameter 0 - probably unsupported type.
2025-10-13 23:41:54,979 - ERROR - Error saving order 162835f4-78c0-4d1c-8897-040759e61be6: Error binding parameter 0 - probably unsupported type.
2025-10-13 23:41:54,979 - ERROR - Error saving order f329fe87-025e-472c-b735-0fdd1a0a7a9d: Error binding parameter 0 - probably unsupported type.
2025-10-13 23:41:54,979 - ERROR - Error saving order 786e873a-0e75-416b-a815-299594fb7d44: Error binding parameter 0 - probably unsupported type.
2025-10-13 23:41:54,979 - ERROR - Error saving order 83d6a041-531d-4c56-a8b8-64a2133b0a32: Error binding parameter 0 - probably unsupported type.
2025-10-13 23:41:54,979 - ERROR - Error saving order 6b23768e-8913-4927-96a7-c759d2717c50: Error binding parameter 0 - probably unsupported type.
2025-10-13 23:41:54,980 - ERROR - Error saving order 8cef3f95-d9f9-4d1c-8569-3a412c8b0ced: Error binding parameter 0 - probably unsupported type.
2025-10-13 23:41:54,980 - ERROR - Error saving order 3311ca9d-6103-48e8-9e49-8f77a24b3f50: Error binding parameter 0 - probably unsupported type.
2025-10-13 23:41:54,980 - ERROR - Error saving order d336c8a9-55ac-4e0e-9a5e-eeb4477db64b: Error binding parameter 0 - probably unsupported type.
2025-10-13 23:41:54,980 - ERROR - Error saving order 64b7258f-9199-41f1-816c-184239505f13: Error binding parameter 0 - probably unsupported type.
2025-10-13 23:41:54,980 - ERROR - Error saving order bca46218-c2b2-42d7-82aa-f9610864d19b: Error binding parameter 0 - probably unsupported type.
2025-10-13 23:41:54,980 - ERROR - Error saving order 3b1abada-fdc8-44b8-9522-48ba1bb6d68c: Error binding parameter 0 - probably unsupported type.
2025-10-13 23:41:54,980 - ERROR - Error saving order 2048afba-38bc-4b31-9fcf-69cc64545816: Error binding parameter 0 - probably unsupported type.
2025-10-13 23:41:54,980 - ERROR - Error saving order 161f79b4-8ad5-4f3a-9582-0fbb632c69bc: Error binding parameter 0 - probably unsupported type.
2025-10-13 23:41:54,980 - ERROR - Error saving order 25a969b4-f0ef-4f31-8e84-e745d24f9ea0: Error binding parameter 0 - probably unsupported type.
2025-10-13 23:41:54,981 - ERROR - Error saving order cabc8edb-040a-4b45-84af-55e766b5f262: Error binding parameter 0 - probably unsupported type.
2025-10-13 23:41:54,981 - ERROR - Error saving order 401d7e4e-09bd-4d6c-897d-6cd5278c1a7c: Error binding parameter 0 - probably unsupported type.
2025-10-13 23:41:54,981 - ERROR - Error saving order 9bd455de-a8ab-454a-b52e-79d430fbacfb: Error binding parameter 0 - probably unsupported type.
2025-10-13 23:41:54,981 - ERROR - Error saving order 636526a1-baaf-4e59-94f5-43a263ab3bc4: Error binding parameter 0 - probably unsupported type.
2025-10-13 23:41:54,981 - ERROR - Error saving order ef7702b8-c52b-4c9c-bb95-95c5b28efce8: Error binding parameter 0 - probably unsupported type.
2025-10-13 23:41:54,981 - ERROR - Error saving order 29edf12f-10ab-4166-874d-69bc489d08fb: Error binding parameter 0 - probably unsupported type.
2025-10-13 23:41:54,981 - ERROR - Error saving order d32a8b39-ade3-439a-a28b-bce7d3ebe1ca: Error binding parameter 0 - probably unsupported type.
2025-10-13 23:41:54,981 - ERROR - Error saving order a803c2b6-5bec-4462-91e0-bec4ece68622: Error binding parameter 0 - probably unsupported type.
2025-10-13 23:41:54,981 - ERROR - Error saving order b30ddcd0-b22b-461c-9757-f929180885fc: Error binding parameter 0 - probably unsupported type.
2025-10-13 23:41:54,982 - ERROR - Error saving order 866eb326-e6a3-4c9d-8327-1b948c88ad40: Error binding parameter 0 - probably unsupported type.
2025-10-13 23:41:54,982 - ERROR - Error saving order 2acdd5ff-697b-4f70-b69f-7fdaf34f6baa: Error binding parameter 0 - probably unsupported type.
2025-10-13 23:41:54,982 - ERROR - Error saving order dceecf01-029a-4fe2-8b92-70f31fb2e416: Error binding parameter 0 - probably unsupported type.
2025-10-13 23:41:54,982 - ERROR - Error saving order a3e8cde8-04c8-4a4e-ac91-b7fe7588d630: Error binding parameter 0 - probably unsupported type.
2025-10-13 23:41:54,982 - ERROR - Error saving order 4a27ed69-1ac4-40ba-89d8-0410cc3d2548: Error binding parameter 0 - probably unsupported type.
2025-10-13 23:41:54,982 - ERROR - Error saving order e3a83e45-0869-4fbb-a488-39a8455ab6fe: Error binding parameter 0 - probably unsupported type.
2025-10-13 23:41:54,982 - ERROR - Error saving order ba8bd62b-5a7e-4152-8532-a7a45a286866: Error binding parameter 0 - probably unsupported type.
2025-10-13 23:41:54,982 - ERROR - Error saving order 1eda6cec-41d4-4f5d-8046-bfa9eef4c046: Error binding parameter 0 - probably unsupported type.
2025-10-13 23:41:54,982 - ERROR - Error saving order 809236da-d82e-4f4e-a4b1-34b89ccc9fec: Error binding parameter 0 - probably unsupported type.
2025-10-13 23:41:54,983 - ERROR - Error saving order 1363b7f0-ec9d-40d2-9b41-664e94d95415: Error binding parameter 0 - probably unsupported type.
2025-10-13 23:41:54,983 - ERROR - Error saving order ab9f879e-5d57-4e47-a356-9f5744afa3b1: Error binding parameter 0 - probably unsupported type.
2025-10-13 23:41:54,983 - ERROR - Error saving order 2bf4e16b-5fdd-4421-ac3e-c14af473c8d2: Error binding parameter 0 - probably unsupported type.
2025-10-13 23:41:54,983 - ERROR - Error saving order e7ca0faf-e7fb-4cb2-9be4-52994a277803: Error binding parameter 0 - probably unsupported type.
2025-10-13 23:41:54,983 - ERROR - Error saving order d164534e-7c31-4488-a236-878d5114cdbb: Error binding parameter 0 - probably unsupported type.
2025-10-13 23:41:54,983 - ERROR - Error saving order 744f5432-10a5-4668-9bf5-122d2f20e213: Error binding parameter 0 - probably unsupported type.
2025-10-13 23:41:54,983 - ERROR - Error saving order 31445c85-801d-4d38-a815-d2c3475f5add: Error binding parameter 0 - probably unsupported type.
2025-10-13 23:41:54,983 - ERROR - Error saving order 30da4144-982a-4c90-a995-178b8b2b8b1a: Error binding parameter 0 - probably unsupported type.
2025-10-13 23:41:54,983 - ERROR - Error saving order 95d4b009-b286-4427-9f03-7b58149f318d: Error binding parameter 0 - probably unsupported type.
2025-10-13 23:41:54,983 - ERROR - Error saving order 547d8a80-fecb-4540-8425-02245bb4093f: Error binding parameter 0 - probably unsupported type.
2025-10-13 23:41:54,984 - ERROR - Error saving order abd1c39f-c87c-43df-91e9-b9a568de6567: Error binding parameter 0 - probably unsupported type.
2025-10-13 23:41:54,984 - ERROR - Error saving order 65e1c585-f9a2-4949-9768-611c7861c503: Error binding parameter 0 - probably unsupported type.
2025-10-13 23:41:54,984 - ERROR - Error saving order 7374b7d3-c0f6-4189-b62d-aa1eeb347b86: Error binding parameter 0 - probably unsupported type.
2025-10-13 23:41:54,984 - ERROR - Error saving order a6846b58-bc3f-47f1-9da0-ca4d240f1800: Error binding parameter 0 - probably unsupported type.
2025-10-13 23:41:54,984 - ERROR - Error saving order 1a31081f-46b1-413f-b6f6-337290bdbc6d: Error binding parameter 0 - probably unsupported type.
2025-10-13 23:41:54,984 - ERROR - Error saving order 751f34de-bf1a-43bc-831d-c8fd0f337f8e: Error binding parameter 0 - probably unsupported type.
2025-10-13 23:41:54,984 - ERROR - Error saving order a5aced33-a824-4a56-b5e2-b5952b26c9a8: Error binding parameter 0 - probably unsupported type.
2025-10-13 23:41:54,984 - ERROR - Error saving order d28cde2c-48e0-4497-b399-83a0f5515863: Error binding parameter 0 - probably unsupported type.
2025-10-13 23:41:54,984 - ERROR - Error saving order 1348ab5f-5899-4b6a-b18b-b14419b4d9bf: Error binding parameter 0 - probably unsupported type.
2025-10-13 23:41:54,984 - ERROR - Error saving order 68d8c009-6ccc-4681-93f0-e25dc355d7af: Error binding parameter 0 - probably unsupported type.
2025-10-13 23:41:54,985 - ERROR - Error saving order c29c31fb-889d-4d06-9785-febab7f8f0b6: Error binding parameter 0 - probably unsupported type.
2025-10-13 23:41:54,985 - ERROR - Error saving order ff8f449c-4c1e-41a5-bdef-ecc1cc3db32d: Error binding parameter 0 - probably unsupported type.
2025-10-13 23:41:54,985 - ERROR - Error saving order ed809288-c910-464f-80cb-26b89bd8f03a: Error binding parameter 0 - probably unsupported type.
2025-10-13 23:41:54,985 - ERROR - Error saving order ce387a6d-df9b-4da4-abec-26bfc2998c26: Error binding parameter 0 - probably unsupported type.
2025-10-13 23:41:54,985 - ERROR - Error saving order 1df1e7c4-2a49-4305-985a-9274e44a631d: Error binding parameter 0 - probably unsupported type.
2025-10-13 23:41:54,985 - ERROR - Error saving order 969f1841-f84a-434c-9ac6-93a0977368db: Error binding parameter 0 - probably unsupported type.
2025-10-13 23:41:54,985 - ERROR - Error saving order 562d7cd7-302a-4cda-8455-bddc650fccda: Error binding parameter 0 - probably unsupported type.
2025-10-13 23:41:54,985 - ERROR - Error saving order 228918a4-5115-41da-870f-0246511ce85e: Error binding parameter 0 - probably unsupported type.
2025-10-13 23:41:54,985 - ERROR - Error saving order cccbeca3-db93-48e3-90d1-9c5dc6b07d55: Error binding parameter 0 - probably unsupported type.
2025-10-13 23:41:54,985 - ERROR - Error saving order 3ce2dfae-4e98-42d2-879e-b3a78fa16288: Error binding parameter 0 - probably unsupported type.
2025-10-13 23:41:54,986 - ERROR - Error saving order cf5e5f0b-3cc7-499a-a2b1-a5211ae1363b: Error binding parameter 0 - probably unsupported type.
2025-10-13 23:41:54,986 - ERROR - Error saving order da2a5583-7475-42eb-b72d-79083433a811: Error binding parameter 0 - probably unsupported type.
2025-10-13 23:41:54,986 - ERROR - Error saving order de392168-c654-4516-9e9f-c0291206fa5d: Error binding parameter 0 - probably unsupported type.
2025-10-13 23:41:54,986 - ERROR - Error saving order 2b405837-50f4-4518-8718-52fe25ea66fb: Error binding parameter 0 - probably unsupported type.
2025-10-13 23:41:54,986 - ERROR - Error saving order f22c8d65-d6f4-49a4-b7c3-55fa03d8d2aa: Error binding parameter 0 - probably unsupported type.
2025-10-13 23:41:54,986 - ERROR - Error saving order 6bc593de-f28c-4ecf-a609-325571ab0112: Error binding parameter 0 - probably unsupported type.
2025-10-13 23:41:54,986 - ERROR - Error saving order 37e932d2-9ae3-4700-8644-690dc0d11e90: Error binding parameter 0 - probably unsupported type.
2025-10-13 23:41:54,986 - ERROR - Error saving order eefd7af9-43ec-4620-bf17-cb1560abd3bb: Error binding parameter 0 - probably unsupported type.
2025-10-13 23:41:54,986 - ERROR - Error saving order 2eb524c6-27f5-4c5d-9c50-a74e46c32771: Error binding parameter 0 - probably unsupported type.
2025-10-13 23:41:54,986 - ERROR - Error saving order 8c6c02f5-24a3-494f-a03c-81428c8ff018: Error binding parameter 0 - probably unsupported type.
2025-10-13 23:41:54,987 - ERROR - Error saving order fa1a91f8-6c95-4c96-874a-916026fa9704: Error binding parameter 0 - probably unsupported type.
2025-10-13 23:41:54,987 - ERROR - Error saving order 2598e08a-9c56-4ebe-834f-4c75611e2de7: Error binding parameter 0 - probably unsupported type.
2025-10-13 23:41:54,987 - ERROR - Error saving order 5da4dd84-1b2c-4c9b-b2e0-dff2aeb89238: Error binding parameter 0 - probably unsupported type.
2025-10-13 23:41:54,987 - ERROR - Error saving order 2001ff0b-ab9e-4b1e-8126-306645a8ef2d: Error binding parameter 0 - probably unsupported type.
2025-10-13 23:41:54,987 - ERROR - Error saving order 8a71e90d-0d35-469c-8077-9b954096e1f8: Error binding parameter 0 - probably unsupported type.
2025-10-13 23:41:54,987 - ERROR - Error saving order 779ff465-10fe-4ac9-90ac-4c544cff9e70: Error binding parameter 0 - probably unsupported type.
2025-10-13 23:41:54,987 - ERROR - Error saving order 86ea1f30-e6b1-40cf-a2a4-447bf0ef3c60: Error binding parameter 0 - probably unsupported type.
2025-10-13 23:41:54,987 - ERROR - Error saving order e8d8fadb-8a7d-4617-9bce-d8ff6dcb40dc: Error binding parameter 0 - probably unsupported type.
2025-10-13 23:41:54,987 - ERROR - Error saving order 740204cd-3281-4f13-8e58-108fe2f17835: Error binding parameter 0 - probably unsupported type.
2025-10-13 23:41:54,987 - ERROR - Error saving order 2c5afdb4-32a0-445c-9401-632097ef9b27: Error binding parameter 0 - probably unsupported type.
2025-10-13 23:41:54,988 - ERROR - Error saving order fdc528a5-79c8-470f-a725-e00995c87b5a: Error binding parameter 0 - probably unsupported type.
2025-10-13 23:41:54,988 - ERROR - Error saving order deb484bc-fd39-4610-bbda-046d9b10995d: Error binding parameter 0 - probably unsupported type.
2025-10-13 23:41:54,988 - ERROR - Error saving order 694072eb-0def-483d-95ba-bd82e1a412ab: Error binding parameter 0 - probably unsupported type.
2025-10-13 23:41:54,988 - ERROR - Error saving order bab2c752-f1e8-4cd7-ac7e-e3870ceedfbc: Error binding parameter 0 - probably unsupported type.
2025-10-13 23:41:54,988 - ERROR - Error saving order b2671664-3e7d-4d81-8c6e-3c1977b31582: Error binding parameter 0 - probably unsupported type.
2025-10-13 23:41:54,988 - ERROR - Error saving order ad087059-6f28-447a-b187-17be1348a595: Error binding parameter 0 - probably unsupported type.
2025-10-13 23:41:54,988 - ERROR - Error saving order dd6285b9-8890-4b16-8033-b3d0f87ffe95: Error binding parameter 0 - probably unsupported type.
2025-10-13 23:41:54,988 - ERROR - Error saving order 181fb7f8-f873-4229-8342-279519d1eeb4: Error binding parameter 0 - probably unsupported type.
2025-10-13 23:41:54,988 - ERROR - Error saving order b6c53e4c-cb62-461e-8ee3-4c750e962460: Error binding parameter 0 - probably unsupported type.
2025-10-13 23:41:54,988 - ERROR - Error saving order 5eec3a09-0e4e-42f6-8f57-16fc377394f8: Error binding parameter 0 - probably unsupported type.
2025-10-13 23:41:54,989 - ERROR - Error saving order ed3dd4a9-8878-409b-baef-3160dd2cf592: Error binding parameter 0 - probably unsupported type.
2025-10-13 23:41:54,989 - ERROR - Error saving order 21543ea5-01ae-41ff-9ad6-7bc4ebe3519b: Error binding parameter 0 - probably unsupported type.
2025-10-13 23:41:54,989 - ERROR - Error saving order 28f0c6ff-6797-4f0b-81ed-eed6b7010b8b: Error binding parameter 0 - probably unsupported type.
2025-10-13 23:41:54,989 - ERROR - Error saving order a923d969-39c0-43e1-aa4e-85f7178c0b1d: Error binding parameter 0 - probably unsupported type.
2025-10-13 23:41:54,989 - ERROR - Error saving order e8d81778-6ad7-43b0-8837-5b04640d0fc3: Error binding parameter 0 - probably unsupported type.
2025-10-13 23:41:54,989 - ERROR - Error saving order 30057ef3-3aa7-4b5d-b12d-44e9a83d1610: Error binding parameter 0 - probably unsupported type.
2025-10-13 23:41:54,989 - ERROR - Error saving order 8e14bc58-9459-4328-b998-0b468edc272a: Error binding parameter 0 - probably unsupported type.
2025-10-13 23:41:54,989 - ERROR - Error saving order 5592df67-97e6-491b-866b-da47de2aec34: Error binding parameter 0 - probably unsupported type.
2025-10-13 23:41:54,989 - ERROR - Error saving order ce229474-694f-4e8e-b1c5-5106852a746f: Error binding parameter 0 - probably unsupported type.
2025-10-13 23:41:54,989 - ERROR - Error saving order f70058f8-5d2a-436d-9f7b-e530e6580eb6: Error binding parameter 0 - probably unsupported type.
2025-10-13 23:41:54,990 - ERROR - Error saving order a40a4e57-e549-49cf-bd81-c1b573f6d9b0: Error binding parameter 0 - probably unsupported type.
2025-10-13 23:41:54,990 - ERROR - Error saving order e39b2ed4-0251-4cf6-b2e2-3979f71d3513: Error binding parameter 0 - probably unsupported type.
2025-10-13 23:41:54,990 - ERROR - Error saving order 6be778f8-b92e-42a1-a289-4a469704a7cd: Error binding parameter 0 - probably unsupported type.
2025-10-13 23:41:54,990 - ERROR - Error saving order 602b6ce1-4920-458d-b1d4-d5be1d7cd690: Error binding parameter 0 - probably unsupported type.
2025-10-13 23:41:54,990 - ERROR - Error saving order 236b48ee-0c3f-4d08-8730-f9a50dbe3284: Error binding parameter 0 - probably unsupported type.
2025-10-13 23:41:54,990 - ERROR - Error saving order dd2e417f-e099-4d02-9e29-82bd74bfc743: Error binding parameter 0 - probably unsupported type.
2025-10-13 23:41:54,990 - ERROR - Error saving order 4400f2ae-7d83-40ef-afd3-5094949b9106: Error binding parameter 0 - probably unsupported type.
2025-10-13 23:41:54,990 - ERROR - Error saving order 244eb5c3-eb04-4491-a015-3e7a310beb4d: Error binding parameter 0 - probably unsupported type.
2025-10-13 23:41:54,990 - ERROR - Error saving order 1f22c873-c922-4f4c-9572-7d9eb9a556b1: Error binding parameter 0 - probably unsupported type.
2025-10-13 23:41:54,990 - ERROR - Error saving order 499a90bb-f8c4-4831-9c47-2074f63a30ed: Error binding parameter 0 - probably unsupported type.
2025-10-13 23:41:54,991 - ERROR - Error saving order a893568e-fc17-41e4-9fa2-fd0b21a0524b: Error binding parameter 0 - probably unsupported type.
2025-10-13 23:41:54,991 - ERROR - Error saving order c89d8c67-b50f-4ddb-87b7-12dbf467cab9: Error binding parameter 0 - probably unsupported type.
2025-10-13 23:41:54,991 - ERROR - Error saving order 6d1632a7-24d2-476d-b821-b608efa8bc3a: Error binding parameter 0 - probably unsupported type.
2025-10-13 23:41:54,991 - ERROR - Error saving order 2c08acf9-d704-48db-b02e-ac3b368e7f2b: Error binding parameter 0 - probably unsupported type.
2025-10-13 23:41:54,991 - ERROR - Error saving order 7519f61d-4b7f-4a4b-b4b9-3a1e5b7f3076: Error binding parameter 0 - probably unsupported type.
2025-10-13 23:41:54,991 - ERROR - Error saving order fb655f67-a361-489d-98b4-332e910c49fa: Error binding parameter 0 - probably unsupported type.
2025-10-13 23:41:54,991 - ERROR - Error saving order e72b15b8-15ea-4faa-9b94-d2632fb261f6: Error binding parameter 0 - probably unsupported type.
2025-10-13 23:41:54,991 - ERROR - Error saving order 3f880d08-ead9-4a10-9c75-8957143cd5d9: Error binding parameter 0 - probably unsupported type.
2025-10-13 23:41:54,991 - ERROR - Error saving order 8ffb8f43-d08e-4a32-8278-fd3431f93cb3: Error binding parameter 0 - probably unsupported type.
2025-10-13 23:41:54,992 - ERROR - Error saving order 82841fc7-f22b-4ab4-94ab-8f94c40db273: Error binding parameter 0 - probably unsupported type.
2025-10-13 23:41:54,992 - ERROR - Error saving order 7ea08369-d8eb-41c4-9aad-3b46b322df91: Error binding parameter 0 - probably unsupported type.
2025-10-13 23:41:54,992 - ERROR - Error saving order dac73e9e-6e0f-4718-ba76-4db57a254b05: Error binding parameter 0 - probably unsupported type.
2025-10-13 23:41:54,992 - ERROR - Error saving order 7463a515-f795-43ae-b44b-5fdfb5aa4c3c: Error binding parameter 0 - probably unsupported type.
2025-10-13 23:41:54,992 - ERROR - Error saving order 448d4ad9-d365-4ecf-bf8a-f8445ce17525: Error binding parameter 0 - probably unsupported type.
2025-10-13 23:41:54,992 - ERROR - Error saving order ca9d11a3-384a-4a60-9864-5f3ec2da592c: Error binding parameter 0 - probably unsupported type.
2025-10-13 23:41:54,992 - ERROR - Error saving order 36e2de71-ef30-4050-a75d-100602bba80b: Error binding parameter 0 - probably unsupported type.
2025-10-13 23:41:54,992 - ERROR - Error saving order 751c67a5-b14a-43f5-a172-ab1b79834d77: Error binding parameter 0 - probably unsupported type.
2025-10-13 23:41:54,992 - ERROR - Error saving order 29036ab9-a168-4618-87f5-f802aba3c07a: Error binding parameter 0 - probably unsupported type.
2025-10-13 23:41:54,992 - ERROR - Error saving order 86b2a58c-e31c-497d-baae-5782c1f08bde: Error binding parameter 0 - probably unsupported type.
2025-10-13 23:41:54,993 - ERROR - Error saving order e8d21e74-5df7-4fcc-b414-197c185ebe4e: Error binding parameter 0 - probably unsupported type.
2025-10-13 23:41:54,993 - ERROR - Error saving order 29cd900a-61cc-454e-84f2-3faf8ad01361: Error binding parameter 0 - probably unsupported type.
2025-10-13 23:41:54,993 - ERROR - Error saving order bcfc5754-4844-46cb-995d-5b04a94e1d6b: Error binding parameter 0 - probably unsupported type.
2025-10-13 23:41:54,993 - ERROR - Error saving order ffcc76be-e46e-4356-b5e9-26ade016d6f9: Error binding parameter 0 - probably unsupported type.
2025-10-13 23:41:54,993 - ERROR - Error saving order e1e082d3-a793-48e5-81ec-a7a714148ecc: Error binding parameter 0 - probably unsupported type.
2025-10-13 23:41:54,993 - ERROR - Error saving order 1c475e65-91d6-4259-a82a-603d7dc1a7f7: Error binding parameter 0 - probably unsupported type.
2025-10-13 23:41:54,993 - ERROR - Error saving order 420adcad-22fa-4d68-8758-5d0595b1cfd7: Error binding parameter 0 - probably unsupported type.
2025-10-13 23:41:54,993 - ERROR - Error saving order cb0bfee5-cfa5-4146-a246-fe64e1238147: Error binding parameter 0 - probably unsupported type.
2025-10-13 23:41:54,993 - ERROR - Error saving order 38d69be8-be11-4131-80d2-ec2606c029b3: Error binding parameter 0 - probably unsupported type.
2025-10-13 23:41:54,993 - ERROR - Error saving order 38311e31-5fa3-49bb-be5f-4bb548034f67: Error binding parameter 0 - probably unsupported type.
2025-10-13 23:41:54,993 - ERROR - Error saving order 14778bd4-f11c-47c1-84ed-3297ecb66773: Error binding parameter 0 - probably unsupported type.
2025-10-13 23:41:54,994 - ERROR - Error saving order ed9eb9dd-28dc-4d56-bf7e-f72b2b28d46f: Error binding parameter 0 - probably unsupported type.
2025-10-13 23:41:54,994 - ERROR - Error saving order 460507e9-cbfe-4c40-8a83-58b4aadadbc3: Error binding parameter 0 - probably unsupported type.
2025-10-13 23:41:54,994 - ERROR - Error saving order 1e7022f4-d471-472c-9081-658d93ca2f4c: Error binding parameter 0 - probably unsupported type.
2025-10-13 23:41:54,994 - ERROR - Error saving order 602e8184-f1b5-43a6-8519-ed4cd7e46b22: Error binding parameter 0 - probably unsupported type.
2025-10-13 23:41:54,994 - ERROR - Error saving order 30cb25e3-d06f-4a7c-a994-1dcd21d5c36c: Error binding parameter 0 - probably unsupported type.
2025-10-13 23:41:54,994 - ERROR - Error saving order 1d0fb929-e645-4957-9773-727af27b04b7: Error binding parameter 0 - probably unsupported type.
2025-10-13 23:41:54,994 - ERROR - Error saving order 1e7e8879-0bd0-471b-9a2e-41b46c6f20ac: Error binding parameter 0 - probably unsupported type.
2025-10-13 23:41:54,994 - ERROR - Error saving order 68716d0f-7a9b-4629-8fd9-3fadd29cb102: Error binding parameter 0 - probably unsupported type.
2025-10-13 23:41:54,994 - ERROR - Error saving order b739fffa-2260-442a-8122-be3228c6b44a: Error binding parameter 0 - probably unsupported type.
2025-10-13 23:41:54,994 - ERROR - Error saving order bb2877c1-3b91-4a38-b214-63e07566f7a4: Error binding parameter 0 - probably unsupported type.
2025-10-13 23:41:54,995 - ERROR - Error saving order 712037cd-a160-49fb-a745-64ca703254a7: Error binding parameter 0 - probably unsupported type.
2025-10-13 23:41:54,995 - ERROR - Error saving order 91c17e99-6636-4cbf-863f-85ada432fe93: Error binding parameter 0 - probably unsupported type.
2025-10-13 23:41:54,995 - ERROR - Error saving order c41f9be6-6307-4c6a-8f1e-a222e7d76e6e: Error binding parameter 0 - probably unsupported type.
2025-10-13 23:41:54,995 - ERROR - Error saving order bcffa3e5-42b5-4ca2-a66d-74183543da7e: Error binding parameter 0 - probably unsupported type.
2025-10-13 23:41:54,995 - ERROR - Error saving order 7f84cfa8-8623-472e-9860-e3760366e95c: Error binding parameter 0 - probably unsupported type.
2025-10-13 23:41:54,995 - ERROR - Error saving order f6bc6c2c-368c-455a-be56-1ee76752981e: Error binding parameter 0 - probably unsupported type.
2025-10-13 23:41:54,995 - ERROR - Error saving order 499c3d33-e805-4986-8b30-c67893d96210: Error binding parameter 0 - probably unsupported type.
2025-10-13 23:41:54,995 - ERROR - Error saving order c031de65-4891-4f3a-9062-127f2c0a52c6: Error binding parameter 0 - probably unsupported type.
2025-10-13 23:41:54,995 - ERROR - Error saving order 58f8b633-834e-4f3b-9ec3-d36666e21b4f: Error binding parameter 0 - probably unsupported type.
2025-10-13 23:41:54,995 - ERROR - Error saving order 48432c8a-238b-45dc-8170-13c6a3d6cec4: Error binding parameter 0 - probably unsupported type.
2025-10-13 23:41:54,996 - ERROR - Error saving order 32d9ad60-8dec-49a2-b47b-8bb0dd8c6aee: Error binding parameter 0 - probably unsupported type.
2025-10-13 23:41:54,996 - ERROR - Error saving order a5840b75-aee7-4b3a-b4e7-6f290fce02de: Error binding parameter 0 - probably unsupported type.
2025-10-13 23:41:54,996 - ERROR - Error saving order c1eea0cd-4ad5-44a6-b9f4-2c0f4b0e2c66: Error binding parameter 0 - probably unsupported type.
2025-10-13 23:41:54,996 - ERROR - Error saving order 94508ade-8370-4c18-9bbe-bb4bdb1a215a: Error binding parameter 0 - probably unsupported type.
2025-10-13 23:41:54,996 - ERROR - Error saving order 3e9fae2e-7398-4f13-aadb-7c9df3e27e40: Error binding parameter 0 - probably unsupported type.
2025-10-13 23:41:54,996 - ERROR - Error saving order 4df08a61-f5fa-4cf7-8cfe-2f26ca6028ba: Error binding parameter 0 - probably unsupported type.
2025-10-13 23:41:54,996 - ERROR - Error saving order ac96ddf5-2499-48a6-b71a-88568b5fdd44: Error binding parameter 0 - probably unsupported type.
2025-10-13 23:41:54,996 - ERROR - Error saving order 2dee3f49-ce43-4b9d-a676-036c68efc1e9: Error binding parameter 0 - probably unsupported type.
2025-10-13 23:41:54,996 - ERROR - Error saving order 8c8464a6-4940-46a2-ad46-e696c2d8fc49: Error binding parameter 0 - probably unsupported type.
2025-10-13 23:41:54,997 - ERROR - Error saving order 58703537-7f0a-4c45-a209-c0c701f2ba09: Error binding parameter 0 - probably unsupported type.
2025-10-13 23:41:54,997 - ERROR - Error saving order d7a55ffe-6948-4ef1-89b3-b3d891f72cbb: Error binding parameter 0 - probably unsupported type.
2025-10-13 23:41:54,997 - ERROR - Error saving order e5b310c7-393a-4294-8d75-5c47e9581d5b: Error binding parameter 0 - probably unsupported type.
2025-10-13 23:41:54,997 - ERROR - Error saving order cc4b9504-9ed3-480f-9e88-fbbdf2f23bb6: Error binding parameter 0 - probably unsupported type.
2025-10-13 23:41:54,997 - ERROR - Error saving order 9a208591-584b-45de-9114-8205326ec01f: Error binding parameter 0 - probably unsupported type.
2025-10-13 23:41:54,997 - ERROR - Error saving order b7cbff8c-310b-424a-a601-9f5fc48c6299: Error binding parameter 0 - probably unsupported type.
2025-10-13 23:41:54,997 - ERROR - Error saving order ab8902ba-f871-488e-8458-01c4841ffdbd: Error binding parameter 0 - probably unsupported type.
2025-10-13 23:41:54,997 - ERROR - Error saving order 301676d5-8f40-4584-8db8-e3c8443acbe8: Error binding parameter 0 - probably unsupported type.
2025-10-13 23:41:54,998 - ERROR - Error saving order e5cc38d2-8be7-4c33-b746-5da99df896bc: Error binding parameter 0 - probably unsupported type.
2025-10-13 23:41:54,998 - ERROR - Error saving order 126e89e6-2990-46b5-ae5d-29cb15b4f0a3: Error binding parameter 0 - probably unsupported type.
2025-10-13 23:41:54,998 - ERROR - Error saving order 4db579e0-2326-43cc-bdcf-ee644f3c3cb5: Error binding parameter 0 - probably unsupported type.
2025-10-13 23:41:54,998 - ERROR - Error saving order 6886f281-c8d0-4fce-b8be-48b23c800a57: Error binding parameter 0 - probably unsupported type.
2025-10-13 23:41:54,998 - ERROR - Error saving order 9cff0e82-95c4-4ef2-a5e3-966a0c6338ab: Error binding parameter 0 - probably unsupported type.
2025-10-13 23:41:54,998 - ERROR - Error saving order 2cd4178c-25c2-417d-bed9-ac0d7c9d3d92: Error binding parameter 0 - probably unsupported type.
2025-10-13 23:41:54,998 - ERROR - Error saving order d8c93bc0-dd15-4041-8e27-2170bcf686af: Error binding parameter 0 - probably unsupported type.
2025-10-13 23:41:54,998 - ERROR - Error saving order c5a70e3f-2047-46d2-80a1-6cb1aa280b89: Error binding parameter 0 - probably unsupported type.
2025-10-13 23:41:54,999 - ERROR - Error saving order 6e73492a-2e8d-4ffc-8076-ba56daa92c60: Error binding parameter 0 - probably unsupported type.
2025-10-13 23:41:54,999 - ERROR - Error saving order cd12248d-482b-4529-96ad-bbd63ed75310: Error binding parameter 0 - probably unsupported type.
2025-10-13 23:41:54,999 - ERROR - Error saving order e56eaba6-831c-46fd-91cd-5aef6fed9615: Error binding parameter 0 - probably unsupported type.
2025-10-13 23:41:54,999 - ERROR - Error saving order dfc1909e-03f4-479a-a36f-0e0990184caa: Error binding parameter 0 - probably unsupported type.
2025-10-13 23:41:54,999 - ERROR - Error saving order 2e0652d7-f860-4c69-9656-cea41c8ac399: Error binding parameter 0 - probably unsupported type.
2025-10-13 23:41:54,999 - ERROR - Error saving order 1c0ee43e-4bc7-44a8-ac98-d3f1f5fe77e7: Error binding parameter 0 - probably unsupported type.
2025-10-13 23:41:55,000 - ERROR - Error saving order 8d7fddb8-4a91-4ca7-96c4-df4361ebc64b: Error binding parameter 0 - probably unsupported type.
2025-10-13 23:41:55,000 - ERROR - Error saving order cbb06621-fb03-4f92-b0a0-aff9471fb9e7: Error binding parameter 0 - probably unsupported type.
2025-10-13 23:41:55,000 - ERROR - Error saving order f2710107-4cb6-4b5a-9654-bee6c878ec7b: Error binding parameter 0 - probably unsupported type.
2025-10-13 23:41:55,000 - ERROR - Error saving order ebb37aca-8a6d-4488-8675-d0085314a314: Error binding parameter 0 - probably unsupported type.
2025-10-13 23:41:55,000 - ERROR - Error saving order 143d8f28-add7-4df4-8018-913857b33cb2: Error binding parameter 0 - probably unsupported type.
2025-10-13 23:41:55,000 - ERROR - Error saving order a75db811-e2d6-4ce1-93a9-2d788b4c6217: Error binding parameter 0 - probably unsupported type.
2025-10-13 23:41:55,000 - ERROR - Error saving order 2a98a89f-bfff-48ff-a630-14de0deb4ad9: Error binding parameter 0 - probably unsupported type.
2025-10-13 23:41:55,000 - ERROR - Error saving order 4dcb8a3b-c480-4617-a469-9fbcd46d2b9a: Error binding parameter 0 - probably unsupported type.
2025-10-13 23:41:55,000 - ERROR - Error saving order a7506f0c-d8e7-4ba7-a96c-8479a39c45e5: Error binding parameter 0 - probably unsupported type.
2025-10-13 23:41:55,001 - ERROR - Error saving order 906c4ea2-006f-45da-8021-752a927ebe29: Error binding parameter 0 - probably unsupported type.
2025-10-13 23:41:55,001 - ERROR - Error saving order d70d1b86-f1b0-4633-b170-81f402346474: Error binding parameter 0 - probably unsupported type.
2025-10-13 23:41:55,001 - ERROR - Error saving order 1d30017b-44cf-4c5e-b677-cc16ca9a291a: Error binding parameter 0 - probably unsupported type.
2025-10-13 23:41:55,001 - ERROR - Error saving order b004f59a-d84c-48d7-929a-cd1cec937548: Error binding parameter 0 - probably unsupported type.
2025-10-13 23:41:55,001 - ERROR - Error saving order 7f355202-d91f-4072-8966-eb565d09b8ba: Error binding parameter 0 - probably unsupported type.
2025-10-13 23:41:55,001 - ERROR - Error saving order f07f488f-c224-4c20-80ad-8c74d48c00eb: Error binding parameter 0 - probably unsupported type.
2025-10-13 23:41:55,001 - ERROR - Error saving order 2b73821f-cdba-4458-a49b-cdee5a2a5ea6: Error binding parameter 0 - probably unsupported type.
2025-10-13 23:41:55,001 - ERROR - Error saving order bb3046ad-261a-4042-bbe0-e915a4c635fd: Error binding parameter 0 - probably unsupported type.
2025-10-13 23:41:55,001 - ERROR - Error saving order 85d8f234-c858-41b5-9065-50d95cf48c4b: Error binding parameter 0 - probably unsupported type.
2025-10-13 23:41:55,001 - ERROR - Error saving order 8e77bb0c-b2c9-4ad0-a75a-2ff49569515f: Error binding parameter 0 - probably unsupported type.
2025-10-13 23:41:55,002 - ERROR - Error saving order 84f2b468-18d4-4203-a123-9dd3abe3b184: Error binding parameter 0 - probably unsupported type.
2025-10-13 23:41:55,002 - ERROR - Error saving order ed314a69-6282-4aa6-b0f9-1937ca1dc0fd: Error binding parameter 0 - probably unsupported type.
2025-10-13 23:41:55,002 - ERROR - Error saving order 60adfd14-0876-4e40-9416-06bfd4c3d094: Error binding parameter 0 - probably unsupported type.
2025-10-13 23:41:55,002 - ERROR - Error saving order f1f807b3-d6d8-41c9-95de-81dcaa8b0804: Error binding parameter 0 - probably unsupported type.
2025-10-13 23:41:55,002 - ERROR - Error saving order bd89b74b-6638-4081-b08f-0b6ee152ed74: Error binding parameter 0 - probably unsupported type.
2025-10-13 23:41:55,002 - ERROR - Error saving order 285ce67e-55ad-4936-b1ef-db2fb8ff0dcb: Error binding parameter 0 - probably unsupported type.
2025-10-13 23:41:55,002 - ERROR - Error saving order b2abde62-ca4e-4230-8d05-7e8e2c9347cf: Error binding parameter 0 - probably unsupported type.
2025-10-13 23:41:55,002 - ERROR - Error saving order 345eac14-e902-4e88-9034-82bf10923207: Error binding parameter 0 - probably unsupported type.
2025-10-13 23:41:55,002 - ERROR - Error saving order 186b501f-24a4-4cbe-a785-888f8bd22266: Error binding parameter 0 - probably unsupported type.
2025-10-13 23:41:55,002 - ERROR - Error saving order ff62324b-552c-4343-98c1-1fa3e78c0202: Error binding parameter 0 - probably unsupported type.
2025-10-13 23:41:55,003 - ERROR - Error saving order f855d3a8-afa5-45a0-9202-baa0ffa1f975: Error binding parameter 0 - probably unsupported type.
2025-10-13 23:41:55,003 - ERROR - Error saving order 6bb8070b-26c6-493a-98a6-0e2dadcecc20: Error binding parameter 0 - probably unsupported type.
2025-10-13 23:41:55,003 - ERROR - Error saving order 3a5060fe-2bb4-4997-be4c-ceed13d3d510: Error binding parameter 0 - probably unsupported type.
2025-10-13 23:41:55,003 - ERROR - Error saving order faf00a44-1e52-4ee6-85bf-1b72f715fca8: Error binding parameter 0 - probably unsupported type.
2025-10-13 23:41:55,003 - ERROR - Error saving order e2f881b2-7138-42fe-8095-6c078b782217: Error binding parameter 0 - probably unsupported type.
2025-10-13 23:41:55,003 - ERROR - Error saving order a9f42da9-9f1d-43fd-bea0-2b3e6361cfc5: Error binding parameter 0 - probably unsupported type.
2025-10-13 23:41:55,003 - ERROR - Error saving order 6adbcd74-60c3-4bdc-aa0d-cba89d4e6acc: Error binding parameter 0 - probably unsupported type.
2025-10-13 23:41:55,003 - ERROR - Error saving order 3d8a8fb0-bd51-4fbb-a630-01ca2f8efd01: Error binding parameter 0 - probably unsupported type.
2025-10-13 23:41:55,003 - ERROR - Error saving order 394474d5-39a4-4a38-8e56-e86c6f18483f: Error binding parameter 0 - probably unsupported type.
2025-10-13 23:41:55,003 - ERROR - Error saving order 7dedf243-0ceb-49e9-a402-ffda8279bcae: Error binding parameter 0 - probably unsupported type.
2025-10-13 23:41:55,004 - ERROR - Error saving order 70bd4b13-0adf-47cf-a74c-26de4b9e93c8: Error binding parameter 0 - probably unsupported type.
2025-10-13 23:41:55,004 - ERROR - Error saving order d6a36d72-689c-48fd-86ce-d77abc7f2325: Error binding parameter 0 - probably unsupported type.
2025-10-13 23:41:55,004 - ERROR - Error saving order 7d580a5e-ddbf-4e2b-9771-64c4798f1e2f: Error binding parameter 0 - probably unsupported type.
2025-10-13 23:41:55,004 - ERROR - Error saving order 575df0ca-135b-4387-b1c7-de660f2a325e: Error binding parameter 0 - probably unsupported type.
2025-10-13 23:41:55,004 - ERROR - Error saving order f96698ed-ff8d-40b5-aae3-49fd04448cb5: Error binding parameter 0 - probably unsupported type.
2025-10-13 23:41:55,004 - ERROR - Error saving order 1e38e866-74a3-4996-a673-6351155494b4: Error binding parameter 0 - probably unsupported type.
2025-10-13 23:41:55,004 - ERROR - Error saving order cc29a83d-dfdc-46c3-a912-4b3578290b61: Error binding parameter 0 - probably unsupported type.
2025-10-13 23:41:55,004 - ERROR - Error saving order a8624858-c267-4c4c-946f-ef1142f91e3f: Error binding parameter 0 - probably unsupported type.
2025-10-13 23:41:55,004 - ERROR - Error saving order 2166f36f-2fdd-43c5-a421-10580c55a5b7: Error binding parameter 0 - probably unsupported type.
2025-10-13 23:41:55,004 - ERROR - Error saving order 66954fdf-b575-4966-9563-e20634586c12: Error binding parameter 0 - probably unsupported type.
2025-10-13 23:41:55,004 - ERROR - Error saving order 5a99be54-0cc4-429b-891c-db39e45cafea: Error binding parameter 0 - probably unsupported type.
2025-10-13 23:41:55,005 - ERROR - Error saving order 4e068dcd-1ebd-4dd0-96b4-00f47d38308d: Error binding parameter 0 - probably unsupported type.
2025-10-13 23:41:55,005 - ERROR - Error saving order f46aa7bf-d506-4441-9aa4-5f813f49c7da: Error binding parameter 0 - probably unsupported type.
2025-10-13 23:41:55,005 - ERROR - Error saving order 5c8f98aa-4082-43d2-ba58-178219521687: Error binding parameter 0 - probably unsupported type.
2025-10-13 23:41:55,005 - ERROR - Error saving order ba14564b-c14a-490d-b2d0-449524684db0: Error binding parameter 0 - probably unsupported type.
2025-10-13 23:41:55,005 - ERROR - Error saving order 5e3d8d1c-0e3f-47f6-9d11-1eebb935fb0c: Error binding parameter 0 - probably unsupported type.
2025-10-13 23:41:55,005 - ERROR - Error saving order bd6219da-b23a-4b9b-9e43-667edcdd75f6: Error binding parameter 0 - probably unsupported type.
2025-10-13 23:41:55,005 - ERROR - Error saving order 7eb06012-e86f-418d-8341-457abed831d3: Error binding parameter 0 - probably unsupported type.
2025-10-13 23:41:55,005 - ERROR - Error saving order bcc84fd8-128d-4251-a614-375ca7df875f: Error binding parameter 0 - probably unsupported type.
2025-10-13 23:41:55,005 - ERROR - Error saving order 9a546a56-8427-43d9-9dbe-cc9b812c7931: Error binding parameter 0 - probably unsupported type.
2025-10-13 23:41:55,005 - ERROR - Error saving order 70467608-1693-4940-bed8-a4160b7c62fa: Error binding parameter 0 - probably unsupported type.
2025-10-13 23:41:55,006 - ERROR - Error saving order 414bf1f3-559a-4f00-8dbd-6a060e939b77: Error binding parameter 0 - probably unsupported type.
2025-10-13 23:41:55,006 - ERROR - Error saving order 957fc556-ab25-4d8f-80ee-a0366565839f: Error binding parameter 0 - probably unsupported type.
2025-10-13 23:41:55,006 - ERROR - Error saving order b5a60948-0382-4b61-9598-eefea4c557c2: Error binding parameter 0 - probably unsupported type.
2025-10-13 23:41:55,006 - ERROR - Error saving order 82db39ed-0ebb-4ae5-ac5c-d4ddd4ecb97f: Error binding parameter 0 - probably unsupported type.
2025-10-13 23:41:55,006 - ERROR - Error saving order a90dcb4e-0cd4-4205-8939-e02da1cb00af: Error binding parameter 0 - probably unsupported type.
2025-10-13 23:41:55,006 - ERROR - Error saving order 462f344f-d76c-4dcb-9e02-c311491f7806: Error binding parameter 0 - probably unsupported type.
2025-10-13 23:41:55,006 - ERROR - Error saving order 5588b8aa-9e58-41a3-bf49-e09bede24427: Error binding parameter 0 - probably unsupported type.
2025-10-13 23:41:55,006 - ERROR - Error saving order bc65fa8a-a7c6-45d1-b7d8-9b52981fe7ae: Error binding parameter 0 - probably unsupported type.
2025-10-13 23:41:55,007 - ERROR - Error saving order 45eaa0a0-2196-4b2e-925f-1943ef51bcd5: Error binding parameter 0 - probably unsupported type.
2025-10-13 23:41:55,007 - ERROR - Error saving order 92afb072-493f-4ff5-9c25-ac1d05ca46b0: Error binding parameter 0 - probably unsupported type.
2025-10-13 23:41:55,007 - ERROR - Error saving order 35118b36-ade0-4273-9d9f-afba8dab0967: Error binding parameter 0 - probably unsupported type.
2025-10-13 23:41:55,007 - ERROR - Error saving order 9d0d1a4f-6032-4102-8c89-bcd722395ce3: Error binding parameter 0 - probably unsupported type.
2025-10-13 23:41:55,007 - ERROR - Error saving order 153857ff-6a8f-457f-8320-d1fd3e79f740: Error binding parameter 0 - probably unsupported type.
2025-10-13 23:41:55,007 - ERROR - Error saving order dcc4af2e-3481-4373-b107-9ff2fda3215d: Error binding parameter 0 - probably unsupported type.
2025-10-13 23:41:55,007 - ERROR - Error saving order 450a2329-8bfb-4385-be5a-44ae6280e633: Error binding parameter 0 - probably unsupported type.
2025-10-13 23:41:55,007 - ERROR - Error saving order 57f67d3c-14af-47ee-8b89-379c50a625ae: Error binding parameter 0 - probably unsupported type.
2025-10-13 23:41:55,008 - ERROR - Error saving order fb708b72-e319-4d63-9688-349f4ce9e417: Error binding parameter 0 - probably unsupported type.
2025-10-13 23:41:55,008 - ERROR - Error saving order ff4f7785-b74f-48c4-8702-95215745d82b: Error binding parameter 0 - probably unsupported type.
2025-10-13 23:41:55,008 - ERROR - Error saving order 93fcf792-5b06-4aa9-910d-933643bcb4b5: Error binding parameter 0 - probably unsupported type.
2025-10-13 23:41:55,008 - ERROR - Error saving order 46afafa9-982b-4274-9fc7-205ede5fedf8: Error binding parameter 0 - probably unsupported type.
2025-10-13 23:41:55,008 - ERROR - Error saving order 7e0ecb20-be4e-4b27-8635-69b5b44a37e4: Error binding parameter 0 - probably unsupported type.
2025-10-13 23:41:55,008 - ERROR - Error saving order 7af4cbbc-56b3-41e2-bd88-5552673e5ade: Error binding parameter 0 - probably unsupported type.
2025-10-13 23:41:55,008 - ERROR - Error saving order f5c1f1fe-ec69-407d-9cc1-21515685146d: Error binding parameter 0 - probably unsupported type.
2025-10-13 23:41:55,008 - ERROR - Error saving order b844a79b-5054-4ba0-bcf2-e8d173727c70: Error binding parameter 0 - probably unsupported type.
2025-10-13 23:41:55,008 - ERROR - Error saving order d685f7ea-f86c-4c5e-939e-7c09f9e5db38: Error binding parameter 0 - probably unsupported type.
2025-10-13 23:41:55,008 - ERROR - Error saving order 58cf7014-1c4e-4737-beed-beb5d4397dc9: Error binding parameter 0 - probably unsupported type.
2025-10-13 23:41:55,009 - ERROR - Error saving order 9b365048-cd39-49e1-9fb3-737497b16ee8: Error binding parameter 0 - probably unsupported type.
2025-10-13 23:41:55,009 - ERROR - Error saving order b96e2d07-cbd9-4de2-b164-f287fc011bd5: Error binding parameter 0 - probably unsupported type.
2025-10-13 23:41:55,009 - ERROR - Error saving order 937d724f-e842-4363-af39-ec216b7d55b8: Error binding parameter 0 - probably unsupported type.
2025-10-13 23:41:55,009 - ERROR - Error saving order accc291b-5651-406d-9008-422453f4f225: Error binding parameter 0 - probably unsupported type.
2025-10-13 23:41:55,009 - ERROR - Error saving order c3b7e5ef-6beb-49e7-80e9-d05b7b0a8e96: Error binding parameter 0 - probably unsupported type.
2025-10-13 23:41:55,009 - ERROR - Error saving order 64bd6f8e-2ca6-4d66-a765-35a77d21460d: Error binding parameter 0 - probably unsupported type.
2025-10-13 23:41:55,009 - ERROR - Error saving order 52ef4a92-c9e2-459c-bbc0-a37ab75a6f2c: Error binding parameter 0 - probably unsupported type.
2025-10-13 23:41:55,009 - ERROR - Error saving order b5c8d6d8-96b9-4ae6-adfa-f4bad79f980d: Error binding parameter 0 - probably unsupported type.
2025-10-13 23:41:55,009 - ERROR - Error saving order 5908bdd0-35c2-43f6-8792-10ab9342afab: Error binding parameter 0 - probably unsupported type.
2025-10-13 23:41:55,010 - ERROR - Error saving order 63f34403-c9c2-4247-9ae6-e2653e831983: Error binding parameter 0 - probably unsupported type.
2025-10-13 23:41:55,010 - ERROR - Error saving order 3183a497-9ffb-45cb-8a2e-d4465fad4c06: Error binding parameter 0 - probably unsupported type.
2025-10-13 23:41:55,010 - ERROR - Error saving order 4565a0c2-b3f0-4287-865f-e7a0e1f27ad7: Error binding parameter 0 - probably unsupported type.
2025-10-13 23:41:55,010 - ERROR - Error saving order b1950351-1876-4c36-88f3-66098f9da1a3: Error binding parameter 0 - probably unsupported type.
2025-10-13 23:41:55,010 - ERROR - Error saving order 820af113-a01c-4c69-9c4b-7a8fcd702572: Error binding parameter 0 - probably unsupported type.
2025-10-13 23:41:55,010 - ERROR - Error saving order 501f89e0-cab6-46d5-8f90-095655e6f7a3: Error binding parameter 0 - probably unsupported type.
2025-10-13 23:41:55,010 - ERROR - Error saving order c0bf4a7c-1385-4898-9c00-71bc63ac6aaa: Error binding parameter 0 - probably unsupported type.
2025-10-13 23:41:55,010 - ERROR - Error saving order 1dd5cded-8e7e-4c7d-8d47-4805b1c1a3e1: Error binding parameter 0 - probably unsupported type.
2025-10-13 23:41:55,011 - ERROR - Error saving order 281b349d-e2e0-4a39-b8a9-25681f69cc0a: Error binding parameter 0 - probably unsupported type.
2025-10-13 23:41:55,011 - ERROR - Error saving order 6fd9df3d-5462-46b7-a089-699c19abb16c: Error binding parameter 0 - probably unsupported type.
2025-10-13 23:41:55,011 - ERROR - Error saving order 1c9a1c4f-fe87-4e55-a7d7-c84519d454be: Error binding parameter 0 - probably unsupported type.
2025-10-13 23:41:55,011 - ERROR - Error saving order ac0f55cd-9e3c-4790-bd66-8719a622ab6c: Error binding parameter 0 - probably unsupported type.
2025-10-13 23:41:55,011 - ERROR - Error saving order f8e1fbf5-31e4-4889-b29b-8eff8beb95f4: Error binding parameter 0 - probably unsupported type.
2025-10-13 23:41:55,011 - ERROR - Error saving order 1393910b-8b66-4c07-bb60-27b649031a57: Error binding parameter 0 - probably unsupported type.
2025-10-13 23:41:55,011 - ERROR - Error saving order 855b215a-7a11-4c27-a29c-afe7489d97b4: Error binding parameter 0 - probably unsupported type.
2025-10-13 23:41:55,011 - ERROR - Error saving order 4263aaef-bcdf-49d5-a79b-8082a74e2192: Error binding parameter 0 - probably unsupported type.
2025-10-13 23:41:55,011 - ERROR - Error saving order ce0addfc-664d-4fde-b4b1-e0e9693cf8ed: Error binding parameter 0 - probably unsupported type.
2025-10-13 23:41:55,012 - ERROR - Error saving order 264ede92-6b0e-49fe-86ca-82f6f54ce1c3: Error binding parameter 0 - probably unsupported type.
2025-10-13 23:41:55,012 - ERROR - Error saving order 971f7216-0aed-494e-ab0c-e5c3bb86e769: Error binding parameter 0 - probably unsupported type.
2025-10-13 23:41:55,012 - ERROR - Error saving order 5151b79b-9c07-4635-b990-aa662e55ca2d: Error binding parameter 0 - probably unsupported type.
2025-10-13 23:41:55,012 - ERROR - Error saving order f5614108-17af-4665-929c-ac25e9afb682: Error binding parameter 0 - probably unsupported type.
2025-10-13 23:41:55,012 - ERROR - Error saving order d40dba2b-3f63-4596-83e5-0afd724c305d: Error binding parameter 0 - probably unsupported type.
2025-10-13 23:41:55,012 - ERROR - Error saving order 50202190-a891-4d07-8626-c6eb6a7397cb: Error binding parameter 0 - probably unsupported type.
2025-10-13 23:41:55,012 - ERROR - Error saving order 29c577bc-eca7-4d42-b84f-e3f70ec543e1: Error binding parameter 0 - probably unsupported type.
2025-10-13 23:41:55,012 - ERROR - Error saving order 10a249ec-341b-4fe8-b955-8c90ac9df68b: Error binding parameter 0 - probably unsupported type.
2025-10-13 23:41:55,012 - ERROR - Error saving order 66eac820-ef7a-4473-b6bf-66c1b5155c35: Error binding parameter 0 - probably unsupported type.
2025-10-13 23:41:55,012 - ERROR - Error saving order 3f4b5d01-e41d-4f90-b94d-be902c5a52d7: Error binding parameter 0 - probably unsupported type.
2025-10-13 23:41:55,013 - ERROR - Error saving order 22f93efe-42a1-4e45-a0e4-3029389106ad: Error binding parameter 0 - probably unsupported type.
2025-10-13 23:41:55,013 - ERROR - Error saving order a918ca15-8833-4273-8074-3f249c202fc2: Error binding parameter 0 - probably unsupported type.
2025-10-13 23:41:55,013 - ERROR - Error saving order 3f4ace53-54b4-43a9-a403-19f8a729417f: Error binding parameter 0 - probably unsupported type.
2025-10-13 23:41:55,013 - ERROR - Error saving order 7608728a-43c1-44d6-be45-a4280a6bbfe1: Error binding parameter 0 - probably unsupported type.
2025-10-13 23:41:55,013 - ERROR - Error saving order a191c07b-4289-48f9-ab69-b6589d8374a2: Error binding parameter 0 - probably unsupported type.
2025-10-13 23:41:55,013 - ERROR - Error saving order 1b687b20-ea84-4ca6-8581-3636062fef59: Error binding parameter 0 - probably unsupported type.
2025-10-13 23:41:55,013 - ERROR - Error saving order ecf08690-19db-40b0-827f-9f646990e25a: Error binding parameter 0 - probably unsupported type.
2025-10-13 23:41:55,013 - ERROR - Error saving order 8287f7d2-0f64-4433-b707-f78fc0a25565: Error binding parameter 0 - probably unsupported type.
2025-10-13 23:41:55,014 - ERROR - Error saving order 66c7e7be-d680-42f3-a5af-cd6b048a0a35: Error binding parameter 0 - probably unsupported type.
2025-10-13 23:41:55,014 - ERROR - Error saving order d9eab3a7-d290-4d89-81d8-3639169ec552: Error binding parameter 0 - probably unsupported type.
2025-10-13 23:41:55,014 - ERROR - Error saving order 2cd39c0a-607b-458c-a70c-ee91bba65844: Error binding parameter 0 - probably unsupported type.
2025-10-13 23:41:55,014 - ERROR - Error saving order a8d75b74-9492-45fb-b91b-650235ffb6fd: Error binding parameter 0 - probably unsupported type.
2025-10-13 23:41:55,014 - ERROR - Error saving order ad90a60a-4990-4c2b-a605-fa32f257aa8b: Error binding parameter 0 - probably unsupported type.
2025-10-13 23:41:55,014 - ERROR - Error saving order b2e4115b-8150-4ff5-a5c8-bdeee286513a: Error binding parameter 0 - probably unsupported type.
2025-10-13 23:41:55,014 - ERROR - Error saving order b702a43e-c321-428f-8fc1-86a4ce18029e: Error binding parameter 0 - probably unsupported type.
2025-10-13 23:41:55,014 - ERROR - Error saving order b5b56ab0-b919-44fe-86b5-b88c43fa0ad1: Error binding parameter 0 - probably unsupported type.
2025-10-13 23:41:55,015 - ERROR - Error saving order 25efcb39-198d-45c4-989d-7c923ae4f9e7: Error binding parameter 0 - probably unsupported type.
2025-10-13 23:41:55,015 - ERROR - Error saving order f50190a9-5f80-4a96-8cae-242ace527827: Error binding parameter 0 - probably unsupported type.
2025-10-13 23:41:55,015 - ERROR - Error saving order b0d3736c-d10f-4a38-b2b9-b3977f4201dc: Error binding parameter 0 - probably unsupported type.
2025-10-13 23:41:55,015 - ERROR - Error saving order 92b0d866-552b-4f56-8fd0-0651861aa018: Error binding parameter 0 - probably unsupported type.
2025-10-13 23:41:55,015 - ERROR - Error saving order fb735d97-493f-4878-ba25-b0a29e230738: Error binding parameter 0 - probably unsupported type.
2025-10-13 23:41:55,015 - ERROR - Error saving order bc999f2b-9d6e-4858-9aa2-8207186d94d9: Error binding parameter 0 - probably unsupported type.
2025-10-13 23:41:55,015 - ERROR - Error saving order a6c415d1-e7fc-4855-9b44-93d6df318ae1: Error binding parameter 0 - probably unsupported type.
2025-10-13 23:41:55,015 - ERROR - Error saving order ef0205c0-f2c9-4359-a903-0b1dc47c0909: Error binding parameter 0 - probably unsupported type.
2025-10-13 23:41:55,015 - ERROR - Error saving order 3be461b6-7a36-4518-95dd-74bacbca85c9: Error binding parameter 0 - probably unsupported type.
2025-10-13 23:41:55,016 - ERROR - Error saving order ad7047ea-95e1-4a17-a208-6a6c92c7523b: Error binding parameter 0 - probably unsupported type.
2025-10-13 23:41:55,016 - ERROR - Error saving order baa1865e-f8c4-466b-b919-dbf4f0e19f67: Error binding parameter 0 - probably unsupported type.
2025-10-13 23:41:55,016 - ERROR - Error saving order da83b591-add2-4f49-afdc-f10826282d1d: Error binding parameter 0 - probably unsupported type.
2025-10-13 23:41:55,016 - ERROR - Error saving order 8a0c8ec9-75e7-41b7-85a9-ae5a02cba4d1: Error binding parameter 0 - probably unsupported type.
2025-10-13 23:41:55,016 - ERROR - Error saving order ddbc31ba-ca04-4646-945a-9f03bf271ed3: Error binding parameter 0 - probably unsupported type.
2025-10-13 23:41:55,016 - ERROR - Error saving order 959cc773-34d9-407b-a346-b5abc0fa70b0: Error binding parameter 0 - probably unsupported type.
2025-10-13 23:41:55,016 - ERROR - Error saving order a5f8f99a-60be-4066-ac99-795d25b05335: Error binding parameter 0 - probably unsupported type.
2025-10-13 23:41:55,016 - ERROR - Error saving order 5dd2715a-6c2d-44b5-8cdb-0a17c2f411e7: Error binding parameter 0 - probably unsupported type.
2025-10-13 23:41:55,017 - ERROR - Error saving order c99ef5be-fee8-49af-bfbd-a458deb3d25b: Error binding parameter 0 - probably unsupported type.
2025-10-13 23:41:55,017 - ERROR - Error saving order e8ea44c9-c4d0-434a-bf1b-7cbb4ef4a6ae: Error binding parameter 0 - probably unsupported type.
2025-10-13 23:41:55,017 - ERROR - Error saving order 2e7a6c79-f59e-4afa-8021-33df8febcc88: Error binding parameter 0 - probably unsupported type.
2025-10-13 23:41:55,017 - ERROR - Error saving order 50a4a03b-c35a-4498-a464-bc979ea18733: Error binding parameter 0 - probably unsupported type.
2025-10-13 23:41:55,017 - ERROR - Error saving order c2c9b663-1898-4492-82f1-7eb2f362e7ad: Error binding parameter 0 - probably unsupported type.
2025-10-13 23:41:55,017 - ERROR - Error saving order f15555b3-d6dc-43a8-a81f-25e95f445c60: Error binding parameter 0 - probably unsupported type.
2025-10-13 23:41:55,017 - ERROR - Error saving order 427d3432-4f8e-4aa6-a45d-0eba27f3d5ab: Error binding parameter 0 - probably unsupported type.
2025-10-13 23:41:55,017 - ERROR - Error saving order 856f8f27-655c-446e-afc9-d3e112c4912f: Error binding parameter 0 - probably unsupported type.
2025-10-13 23:41:55,017 - ERROR - Error saving order 24f94e8c-07c5-4306-8add-3fda5a787cd8: Error binding parameter 0 - probably unsupported type.
2025-10-13 23:41:55,017 - ERROR - Error saving order ebfbaae0-e31c-4299-9c18-6f7cf497fd77: Error binding parameter 0 - probably unsupported type.
2025-10-13 23:41:55,017 - ERROR - Error saving order 957c0e0c-8d58-4b44-98db-47aafa4feb80: Error binding parameter 0 - probably unsupported type.
2025-10-13 23:41:55,018 - ERROR - Error saving order 840720d4-1446-404f-bfa7-1a5fe4e40558: Error binding parameter 0 - probably unsupported type.
2025-10-13 23:41:55,018 - ERROR - Error saving order 47280fd6-8c4e-4bc3-b018-a19e52fe0dae: Error binding parameter 0 - probably unsupported type.
2025-10-13 23:41:55,018 - ERROR - Error saving order 756ecc00-320d-40fd-84e3-7ba844080574: Error binding parameter 0 - probably unsupported type.
2025-10-13 23:41:55,018 - ERROR - Error saving order d0aff38b-23ba-4f56-a2d3-8fae300b7851: Error binding parameter 0 - probably unsupported type.
2025-10-13 23:41:55,018 - ERROR - Error saving order 9b6f6051-5c79-42c7-9114-2980db323493: Error binding parameter 0 - probably unsupported type.
2025-10-13 23:41:55,018 - ERROR - Error saving order 38baa409-0a46-46da-a112-2e5730c68c81: Error binding parameter 0 - probably unsupported type.
2025-10-13 23:41:55,018 - ERROR - Error saving order 1d09b903-cb32-44bf-8599-1cdfcfd32bc1: Error binding parameter 0 - probably unsupported type.
2025-10-13 23:41:55,018 - ERROR - Error saving order 8f4693aa-3f5d-4c22-86cc-5034be9e0519: Error binding parameter 0 - probably unsupported type.
2025-10-13 23:41:55,018 - ERROR - Error saving order 45211cfc-b42c-4a7d-8232-a9f4c5fb21d7: Error binding parameter 0 - probably unsupported type.
2025-10-13 23:41:55,018 - ERROR - Error saving order 70a99125-669b-4d54-a8f5-a75d79427543: Error binding parameter 0 - probably unsupported type.
2025-10-13 23:41:55,019 - ERROR - Error saving order aa6cacbf-48d1-461f-a831-f91882a1e10d: Error binding parameter 0 - probably unsupported type.
2025-10-13 23:41:55,019 - ERROR - Error saving order d4b7f848-40b7-4e6b-9899-64f02edad210: Error binding parameter 0 - probably unsupported type.
2025-10-13 23:41:55,019 - ERROR - Error saving order 412d0724-f16d-4020-b0d1-e53e4e729acb: Error binding parameter 0 - probably unsupported type.
2025-10-13 23:41:55,019 - ERROR - Error saving order 39c029e8-e69e-4a99-afe7-5afeeca06588: Error binding parameter 0 - probably unsupported type.
2025-10-13 23:41:55,019 - ERROR - Error saving order 8df34e4f-af02-4823-be4c-6ecd31b1ec47: Error binding parameter 0 - probably unsupported type.
2025-10-13 23:41:55,019 - ERROR - Error saving order 751e902a-e6ef-413d-83bc-f2b3cfc412cf: Error binding parameter 0 - probably unsupported type.
2025-10-13 23:41:55,019 - ERROR - Error saving order a5d52709-7e23-44ef-b5f3-190668b7d86a: Error binding parameter 0 - probably unsupported type.
2025-10-13 23:41:55,019 - ERROR - Error saving order 8c45b693-7c14-4b41-bf2a-a33cbb86e826: Error binding parameter 0 - probably unsupported type.
2025-10-13 23:41:55,019 - ERROR - Error saving order 9180ae95-cea7-4bcd-b643-da5b4a4f763b: Error binding parameter 0 - probably unsupported type.
2025-10-13 23:41:55,019 - ERROR - Error saving order 169fc301-4c88-4c6d-b574-0ae15512ef74: Error binding parameter 0 - probably unsupported type.
2025-10-13 23:41:55,020 - ERROR - Error saving order f703a1f5-531a-46b6-b6ee-cdffa5d19dbe: Error binding parameter 0 - probably unsupported type.
2025-10-13 23:41:55,020 - ERROR - Error saving order 99cd1bcb-a7fa-4fea-9f1c-98c5a253cad3: Error binding parameter 0 - probably unsupported type.
2025-10-13 23:41:55,020 - ERROR - Error saving order 415681c5-2c6d-46f0-bcc2-aee17e642e76: Error binding parameter 0 - probably unsupported type.
2025-10-13 23:41:55,020 - ERROR - Error saving order 2ad4b649-b0d4-4a46-84a9-cb7768015eb9: Error binding parameter 0 - probably unsupported type.
2025-10-13 23:41:55,020 - ERROR - Error saving order 7b98de8f-4219-4831-8890-5dd9ce16cbd8: Error binding parameter 0 - probably unsupported type.
2025-10-13 23:41:55,020 - ERROR - Error saving order c6ab61ac-bbf2-4bed-9dc6-2c642192c6ce: Error binding parameter 0 - probably unsupported type.
2025-10-13 23:41:55,020 - ERROR - Error saving order 9102b424-b6db-40a2-85f5-42a089f6fc36: Error binding parameter 0 - probably unsupported type.
2025-10-13 23:41:55,020 - ERROR - Error saving order 69cb06e1-b8fb-4a0a-a906-30f1dcca56f9: Error binding parameter 0 - probably unsupported type.
2025-10-13 23:41:55,020 - INFO - Saved 0 new orders, skipped 0 existing orders
2025-10-13 23:41:55,022 - INFO - Download completed: 0 new trades saved, 0 existing trades skipped
2025-10-13 23:41:55,022 - INFO - Trades data download completed successfully
2025-10-14 20:48:10,234 - INFO - Alpaca client initialized successfully
2025-10-14 20:48:10,235 - INFO - Trades database initialized
2025-10-14 20:48:10,236 - INFO - Date range: 2025-10-14 to 2025-10-14
2025-10-14 20:48:10,236 - INFO - Fetching orders from Alpaca API...
2025-10-14 20:48:10,827 - INFO - Successfully fetched 100 orders
2025-10-14 20:48:10,828 - ERROR - Error saving order 53117c64-dc8f-4dd1-a500-7e0e4668dea0: Error binding parameter 0 - probably unsupported type.
2025-10-14 20:48:10,828 - ERROR - Error saving order 788de4ef-4c37-42b0-b642-59b2c2273be5: Error binding parameter 0 - probably unsupported type.
2025-10-14 20:48:10,828 - ERROR - Error saving order f37df24c-00f4-466b-a37f-a564172688b0: Error binding parameter 0 - probably unsupported type.
2025-10-14 20:48:10,828 - ERROR - Error saving order f3eb1ad1-74c7-49c5-a4b8-41da694586fd: Error binding parameter 0 - probably unsupported type.
2025-10-14 20:48:10,828 - ERROR - Error saving order fcc77b75-9c7f-4d8c-9df1-47f97ed4f592: Error binding parameter 0 - probably unsupported type.
2025-10-14 20:48:10,828 - ERROR - Error saving order b5730ecb-c061-498e-9af4-3b30e10e48ef: Error binding parameter 0 - probably unsupported type.
2025-10-14 20:48:10,828 - ERROR - Error saving order 7b6d0874-e7b9-4464-b1c0-fb3f37189728: Error binding parameter 0 - probably unsupported type.
2025-10-14 20:48:10,828 - ERROR - Error saving order cc3a078d-f28d-4d00-b5c1-c4cc40380f0b: Error binding parameter 0 - probably unsupported type.
2025-10-14 20:48:10,828 - ERROR - Error saving order e43dfb6b-4e33-4786-9598-1446da548825: Error binding parameter 0 - probably unsupported type.
2025-10-14 20:48:10,829 - ERROR - Error saving order a396a98f-f3a1-47b3-8a11-f50f9d3789f8: Error binding parameter 0 - probably unsupported type.
2025-10-14 20:48:10,829 - ERROR - Error saving order 63eab8c6-13a5-4dea-b284-04c52952d2c8: Error binding parameter 0 - probably unsupported type.
2025-10-14 20:48:10,829 - ERROR - Error saving order 9fefb12e-4b08-49db-9895-a5fd90c3c9e9: Error binding parameter 0 - probably unsupported type.
2025-10-14 20:48:10,829 - ERROR - Error saving order b01de547-fcba-4ab1-803c-71e1cded5d78: Error binding parameter 0 - probably unsupported type.
2025-10-14 20:48:10,829 - ERROR - Error saving order 1227f48a-ade1-424e-8d94-a92b8182a589: Error binding parameter 0 - probably unsupported type.
2025-10-14 20:48:10,829 - ERROR - Error saving order 24af4e5a-e7f2-43e9-8c19-a1f79b1a078d: Error binding parameter 0 - probably unsupported type.
2025-10-14 20:48:10,829 - ERROR - Error saving order 13561897-e744-4116-ad17-d335aaa36113: Error binding parameter 0 - probably unsupported type.
2025-10-14 20:48:10,829 - ERROR - Error saving order 6f5eb5b6-719c-45c6-a4dd-fa0fff5f6fb2: Error binding parameter 0 - probably unsupported type.
2025-10-14 20:48:10,829 - ERROR - Error saving order 2fa1d559-9792-410b-8d9e-d73ea6ac5c36: Error binding parameter 0 - probably unsupported type.
2025-10-14 20:48:10,830 - ERROR - Error saving order cf13dafe-3955-498f-b27a-6f6a211e7600: Error binding parameter 0 - probably unsupported type.
2025-10-14 20:48:10,830 - ERROR - Error saving order c42e41ca-383a-4f76-8017-c5a25e42a103: Error binding parameter 0 - probably unsupported type.
2025-10-14 20:48:10,830 - ERROR - Error saving order 94acb76a-0e41-48f5-a103-34544ec8e9d6: Error binding parameter 0 - probably unsupported type.
2025-10-14 20:48:10,830 - ERROR - Error saving order d5c1acab-1e27-4e97-8dc6-8c58ad4b5d6b: Error binding parameter 0 - probably unsupported type.
2025-10-14 20:48:10,830 - ERROR - Error saving order b5a4bfad-f852-4018-8c00-75809c7e8a28: Error binding parameter 0 - probably unsupported type.
2025-10-14 20:48:10,830 - ERROR - Error saving order 571c57a0-1667-4d6d-a93e-582766d6b0bf: Error binding parameter 0 - probably unsupported type.
2025-10-14 20:48:10,830 - ERROR - Error saving order cbee228f-3086-4869-82a1-fe30893245a8: Error binding parameter 0 - probably unsupported type.
2025-10-14 20:48:10,830 - ERROR - Error saving order 62ad1102-3e87-41c1-b278-80252e6de914: Error binding parameter 0 - probably unsupported type.
2025-10-14 20:48:10,831 - ERROR - Error saving order fc116308-b865-41fa-95ea-1d9efc8aa4b8: Error binding parameter 0 - probably unsupported type.
2025-10-14 20:48:10,831 - ERROR - Error saving order 6ed9aaf5-afd3-405e-bf8b-8321cdcb9161: Error binding parameter 0 - probably unsupported type.
2025-10-14 20:48:10,831 - ERROR - Error saving order 59e12756-e7d7-42e3-91e5-2cb46eaabc0f: Error binding parameter 0 - probably unsupported type.
2025-10-14 20:48:10,831 - ERROR - Error saving order ee21ad8a-95c4-499d-9052-46d7e79eff85: Error binding parameter 0 - probably unsupported type.
2025-10-14 20:48:10,831 - ERROR - Error saving order 7d9502e4-f5f5-4a32-93a2-c5435234d1db: Error binding parameter 0 - probably unsupported type.
2025-10-14 20:48:10,831 - ERROR - Error saving order c3c26ba2-d606-4197-942e-b7f258c3fccb: Error binding parameter 0 - probably unsupported type.
2025-10-14 20:48:10,831 - ERROR - Error saving order 8014c23e-1cc9-4f26-a600-d78c4f6d6870: Error binding parameter 0 - probably unsupported type.
2025-10-14 20:48:10,831 - ERROR - Error saving order f2f1c387-d193-4c32-a6f8-e7a3c5fda08a: Error binding parameter 0 - probably unsupported type.
2025-10-14 20:48:10,831 - ERROR - Error saving order bde56bf4-1cca-4c4e-9ac6-fb69113fd579: Error binding parameter 0 - probably unsupported type.
2025-10-14 20:48:10,832 - ERROR - Error saving order b1679122-b628-45d4-aba3-47f4866bf9c7: Error binding parameter 0 - probably unsupported type.
2025-10-14 20:48:10,832 - ERROR - Error saving order 8eb88605-5694-4c52-ab07-342dc121e192: Error binding parameter 0 - probably unsupported type.
2025-10-14 20:48:10,832 - ERROR - Error saving order 89a6f0e2-b63f-45fe-96c0-7ec5c14987da: Error binding parameter 0 - probably unsupported type.
2025-10-14 20:48:10,832 - ERROR - Error saving order c3d13d9f-c9e0-4108-a8e2-b13a5a864e74: Error binding parameter 0 - probably unsupported type.
2025-10-14 20:48:10,832 - ERROR - Error saving order a253f9a6-df11-4c42-a5fa-297f7ace3bdd: Error binding parameter 0 - probably unsupported type.
2025-10-14 20:48:10,832 - ERROR - Error saving order d2077fb3-81aa-40d5-bc83-c6ae750e0344: Error binding parameter 0 - probably unsupported type.
2025-10-14 20:48:10,832 - ERROR - Error saving order d4c82670-389b-4d34-a1ab-d8bdaa3ae40b: Error binding parameter 0 - probably unsupported type.
2025-10-14 20:48:10,832 - ERROR - Error saving order 1478857b-8ec7-46e7-9cb4-8b64e1e6c0dc: Error binding parameter 0 - probably unsupported type.
2025-10-14 20:48:10,832 - ERROR - Error saving order ab4dcabf-e83c-4db0-91c5-f3ed19c422b4: Error binding parameter 0 - probably unsupported type.
2025-10-14 20:48:10,833 - ERROR - Error saving order 85eeb366-e499-4eee-acd6-fa9beb398388: Error binding parameter 0 - probably unsupported type.
2025-10-14 20:48:10,833 - ERROR - Error saving order 86550f2e-d250-4642-878d-d9d9fd23d861: Error binding parameter 0 - probably unsupported type.
2025-10-14 20:48:10,833 - ERROR - Error saving order 8a051985-297f-4550-914a-a586dff3f380: Error binding parameter 0 - probably unsupported type.
2025-10-14 20:48:10,833 - ERROR - Error saving order 9dd38042-40a0-4a8e-aa33-3a53210b4bfc: Error binding parameter 0 - probably unsupported type.
2025-10-14 20:48:10,833 - ERROR - Error saving order 99d54ce0-55f5-4e63-946f-ead29211b98b: Error binding parameter 0 - probably unsupported type.
2025-10-14 20:48:10,833 - ERROR - Error saving order 9a24533c-ed43-45c3-afff-3500db7243d2: Error binding parameter 0 - probably unsupported type.
2025-10-14 20:48:10,833 - ERROR - Error saving order ffd7bb9d-adbd-4141-bc1b-0745fbc23d39: Error binding parameter 0 - probably unsupported type.
2025-10-14 20:48:10,833 - ERROR - Error saving order 5f48c36c-7940-42b0-ab7a-63386876b232: Error binding parameter 0 - probably unsupported type.
2025-10-14 20:48:10,833 - ERROR - Error saving order 1fc0cf1f-a7fc-473c-9cd0-d267902a6328: Error binding parameter 0 - probably unsupported type.
2025-10-14 20:48:10,833 - ERROR - Error saving order 499f6f1e-fede-44b9-8fe9-7c18f7713b06: Error binding parameter 0 - probably unsupported type.
2025-10-14 20:48:10,834 - ERROR - Error saving order 8b1c59f5-0290-4197-9803-0c8c93b5548b: Error binding parameter 0 - probably unsupported type.
2025-10-14 20:48:10,834 - ERROR - Error saving order 41b1d36f-9908-4bd7-b543-9ccffaaa8301: Error binding parameter 0 - probably unsupported type.
2025-10-14 20:48:10,834 - ERROR - Error saving order 5ae6ce7f-852d-49cd-b522-67e1bdab047c: Error binding parameter 0 - probably unsupported type.
2025-10-14 20:48:10,834 - ERROR - Error saving order 7edfe914-706d-497e-9e79-944f442528ad: Error binding parameter 0 - probably unsupported type.
2025-10-14 20:48:10,834 - ERROR - Error saving order b9de3dd2-64d7-4cee-82bb-43c55932f85e: Error binding parameter 0 - probably unsupported type.
2025-10-14 20:48:10,834 - ERROR - Error saving order d4109fb8-877a-4a74-b56f-7683dc1a4a5e: Error binding parameter 0 - probably unsupported type.
2025-10-14 20:48:10,834 - ERROR - Error saving order a28019be-9cc8-491c-b40f-86c00d021a1b: Error binding parameter 0 - probably unsupported type.
2025-10-14 20:48:10,835 - ERROR - Error saving order 504a3859-ac57-49b4-a5f4-ebb3552cd1aa: Error binding parameter 0 - probably unsupported type.
2025-10-14 20:48:10,835 - ERROR - Error saving order 13b7d128-caf1-4ae8-afa7-5940ff20a7a3: Error binding parameter 0 - probably unsupported type.
2025-10-14 20:48:10,835 - ERROR - Error saving order 2a23acf7-73da-4be6-899a-73a07239e150: Error binding parameter 0 - probably unsupported type.
2025-10-14 20:48:10,835 - ERROR - Error saving order 29e25444-e430-435c-b2ee-160483ac015c: Error binding parameter 0 - probably unsupported type.
2025-10-14 20:48:10,835 - ERROR - Error saving order 7ad36fb8-118b-43ec-b3f4-5155ed521036: Error binding parameter 0 - probably unsupported type.
2025-10-14 20:48:10,835 - ERROR - Error saving order 212587ee-a3ad-4a31-bc0e-dbf674442bc2: Error binding parameter 0 - probably unsupported type.
2025-10-14 20:48:10,835 - ERROR - Error saving order 43f47c0f-159d-43ab-b31e-e6965bd343d0: Error binding parameter 0 - probably unsupported type.
2025-10-14 20:48:10,835 - ERROR - Error saving order a92951cf-1dec-4a1e-85f8-47bcdc9e4476: Error binding parameter 0 - probably unsupported type.
2025-10-14 20:48:10,835 - ERROR - Error saving order 592938b8-227b-4ef6-814e-32605c73b516: Error binding parameter 0 - probably unsupported type.
2025-10-14 20:48:10,836 - ERROR - Error saving order e0006871-4119-46a8-9adf-e2b92245ced1: Error binding parameter 0 - probably unsupported type.
2025-10-14 20:48:10,836 - ERROR - Error saving order 143ac497-f0ba-424d-8f00-a2bc69f77e5f: Error binding parameter 0 - probably unsupported type.
2025-10-14 20:48:10,836 - ERROR - Error saving order 1199dac3-47a4-41f3-b9c5-22c7d06f8619: Error binding parameter 0 - probably unsupported type.
2025-10-14 20:48:10,836 - ERROR - Error saving order 58cfc0f7-791a-489c-ae0b-b3fd026596c8: Error binding parameter 0 - probably unsupported type.
2025-10-14 20:48:10,836 - ERROR - Error saving order ba380cd2-5532-408a-96b3-8481569b98f8: Error binding parameter 0 - probably unsupported type.
2025-10-14 20:48:10,836 - ERROR - Error saving order 7a857044-147c-4f6e-9889-dbab18227176: Error binding parameter 0 - probably unsupported type.
2025-10-14 20:48:10,836 - ERROR - Error saving order 6d448096-2768-4cb1-a078-953c70aad702: Error binding parameter 0 - probably unsupported type.
2025-10-14 20:48:10,836 - ERROR - Error saving order fc6383e2-937f-4f33-b3fe-1c7a1f6c7195: Error binding parameter 0 - probably unsupported type.
2025-10-14 20:48:10,836 - ERROR - Error saving order 1c50c23b-7582-4436-9856-697ccc66c93f: Error binding parameter 0 - probably unsupported type.
2025-10-14 20:48:10,836 - ERROR - Error saving order 3e54e751-b361-44e7-b7bb-a09e46247ef3: Error binding parameter 0 - probably unsupported type.
2025-10-14 20:48:10,836 - ERROR - Error saving order 4b35b2bc-9c3a-4c1c-bf40-b6efbd8c0453: Error binding parameter 0 - probably unsupported type.
2025-10-14 20:48:10,837 - ERROR - Error saving order a437fdd5-54c2-41e1-aebd-678b3c9d994f: Error binding parameter 0 - probably unsupported type.
2025-10-14 20:48:10,837 - ERROR - Error saving order b589c350-9c4a-4f8d-a8a8-67c360e5c41b: Error binding parameter 0 - probably unsupported type.
2025-10-14 20:48:10,837 - ERROR - Error saving order 2d3409b7-e7d6-4a2a-a2fc-116c1eb9502f: Error binding parameter 0 - probably unsupported type.
2025-10-14 20:48:10,837 - ERROR - Error saving order 7a7b950e-c3c3-45e9-8b27-6357efe06540: Error binding parameter 0 - probably unsupported type.
2025-10-14 20:48:10,837 - ERROR - Error saving order b75b7d84-9321-46d4-8ca0-31abf3c73871: Error binding parameter 0 - probably unsupported type.
2025-10-14 20:48:10,837 - ERROR - Error saving order f51aa16a-49de-4c5a-aef9-322ae742308b: Error binding parameter 0 - probably unsupported type.
2025-10-14 20:48:10,837 - ERROR - Error saving order 3862e822-dd87-49c5-bdcb-b52a9b684cbe: Error binding parameter 0 - probably unsupported type.
2025-10-14 20:48:10,837 - ERROR - Error saving order 211de28e-577a-4c06-b7fa-87f30dce2447: Error binding parameter 0 - probably unsupported type.
2025-10-14 20:48:10,837 - ERROR - Error saving order 913fcd14-3d92-4744-9a35-15cc771c8305: Error binding parameter 0 - probably unsupported type.
2025-10-14 20:48:10,837 - ERROR - Error saving order 7795e0b6-f9e8-49ca-b7e9-e0587ec940fb: Error binding parameter 0 - probably unsupported type.
2025-10-14 20:48:10,838 - ERROR - Error saving order eb296d88-ba5b-49aa-bc60-7378b61de638: Error binding parameter 0 - probably unsupported type.
2025-10-14 20:48:10,838 - ERROR - Error saving order 68f93a67-fbad-4c90-831c-6512ff163c45: Error binding parameter 0 - probably unsupported type.
2025-10-14 20:48:10,838 - ERROR - Error saving order 62b61184-44bf-4ec3-992a-964f21f0621b: Error binding parameter 0 - probably unsupported type.
2025-10-14 20:48:10,838 - ERROR - Error saving order 1950b5a2-41c2-430a-b13d-4401b5df196c: Error binding parameter 0 - probably unsupported type.
2025-10-14 20:48:10,838 - ERROR - Error saving order 95e81642-4732-4be6-bf64-48a120106ea3: Error binding parameter 0 - probably unsupported type.
2025-10-14 20:48:10,838 - ERROR - Error saving order bb8990cb-a21c-4f02-9874-43b2f4cd81f8: Error binding parameter 0 - probably unsupported type.
2025-10-14 20:48:10,838 - ERROR - Error saving order cbfb130c-d466-4e00-9636-92ed8526b861: Error binding parameter 0 - probably unsupported type.
2025-10-14 20:48:10,838 - ERROR - Error saving order f121c7b6-6c36-471c-8911-7cca5026d0a5: Error binding parameter 0 - probably unsupported type.
2025-10-14 20:48:10,838 - ERROR - Error saving order 53431455-1182-454d-9ada-6401fa9721c6: Error binding parameter 0 - probably unsupported type.
2025-10-14 20:48:10,839 - INFO - Saved 0 new orders, skipped 0 existing orders
2025-10-14 20:48:10,841 - INFO - Download completed: 0 new trades saved, 0 existing trades skipped
2025-10-14 20:48:35,842 - INFO - Alpaca client initialized successfully
2025-10-14 20:48:35,843 - INFO - Trades database initialized
2025-10-14 20:48:35,844 - INFO - Date range: 2025-10-14 to 2025-10-14
2025-10-14 20:48:35,844 - INFO - Fetching orders from Alpaca API...
2025-10-14 20:48:36,388 - INFO - Successfully fetched 100 orders
2025-10-14 20:48:36,388 - ERROR - Error saving order 53117c64-dc8f-4dd1-a500-7e0e4668dea0: Error binding parameter 0 - probably unsupported type.
2025-10-14 20:48:36,389 - ERROR - Error saving order 788de4ef-4c37-42b0-b642-59b2c2273be5: Error binding parameter 0 - probably unsupported type.
2025-10-14 20:48:36,389 - ERROR - Error saving order f37df24c-00f4-466b-a37f-a564172688b0: Error binding parameter 0 - probably unsupported type.
2025-10-14 20:48:36,389 - ERROR - Error saving order f3eb1ad1-74c7-49c5-a4b8-41da694586fd: Error binding parameter 0 - probably unsupported type.
2025-10-14 20:48:36,389 - ERROR - Error saving order fcc77b75-9c7f-4d8c-9df1-47f97ed4f592: Error binding parameter 0 - probably unsupported type.
2025-10-14 20:48:36,389 - ERROR - Error saving order b5730ecb-c061-498e-9af4-3b30e10e48ef: Error binding parameter 0 - probably unsupported type.
2025-10-14 20:48:36,389 - ERROR - Error saving order 7b6d0874-e7b9-4464-b1c0-fb3f37189728: Error binding parameter 0 - probably unsupported type.
2025-10-14 20:48:36,389 - ERROR - Error saving order cc3a078d-f28d-4d00-b5c1-c4cc40380f0b: Error binding parameter 0 - probably unsupported type.
2025-10-14 20:48:36,389 - ERROR - Error saving order e43dfb6b-4e33-4786-9598-1446da548825: Error binding parameter 0 - probably unsupported type.
2025-10-14 20:48:36,389 - ERROR - Error saving order a396a98f-f3a1-47b3-8a11-f50f9d3789f8: Error binding parameter 0 - probably unsupported type.
2025-10-14 20:48:36,390 - ERROR - Error saving order 63eab8c6-13a5-4dea-b284-04c52952d2c8: Error binding parameter 0 - probably unsupported type.
2025-10-14 20:48:36,390 - ERROR - Error saving order 9fefb12e-4b08-49db-9895-a5fd90c3c9e9: Error binding parameter 0 - probably unsupported type.
2025-10-14 20:48:36,390 - ERROR - Error saving order b01de547-fcba-4ab1-803c-71e1cded5d78: Error binding parameter 0 - probably unsupported type.
2025-10-14 20:48:36,390 - ERROR - Error saving order 1227f48a-ade1-424e-8d94-a92b8182a589: Error binding parameter 0 - probably unsupported type.
2025-10-14 20:48:36,390 - ERROR - Error saving order 24af4e5a-e7f2-43e9-8c19-a1f79b1a078d: Error binding parameter 0 - probably unsupported type.
2025-10-14 20:48:36,390 - ERROR - Error saving order 13561897-e744-4116-ad17-d335aaa36113: Error binding parameter 0 - probably unsupported type.
2025-10-14 20:48:36,390 - ERROR - Error saving order 6f5eb5b6-719c-45c6-a4dd-fa0fff5f6fb2: Error binding parameter 0 - probably unsupported type.
2025-10-14 20:48:36,390 - ERROR - Error saving order 2fa1d559-9792-410b-8d9e-d73ea6ac5c36: Error binding parameter 0 - probably unsupported type.
2025-10-14 20:48:36,390 - ERROR - Error saving order cf13dafe-3955-498f-b27a-6f6a211e7600: Error binding parameter 0 - probably unsupported type.
2025-10-14 20:48:36,390 - ERROR - Error saving order c42e41ca-383a-4f76-8017-c5a25e42a103: Error binding parameter 0 - probably unsupported type.
2025-10-14 20:48:36,391 - ERROR - Error saving order 94acb76a-0e41-48f5-a103-34544ec8e9d6: Error binding parameter 0 - probably unsupported type.
2025-10-14 20:48:36,391 - ERROR - Error saving order d5c1acab-1e27-4e97-8dc6-8c58ad4b5d6b: Error binding parameter 0 - probably unsupported type.
2025-10-14 20:48:36,391 - ERROR - Error saving order b5a4bfad-f852-4018-8c00-75809c7e8a28: Error binding parameter 0 - probably unsupported type.
2025-10-14 20:48:36,391 - ERROR - Error saving order 571c57a0-1667-4d6d-a93e-582766d6b0bf: Error binding parameter 0 - probably unsupported type.
2025-10-14 20:48:36,391 - ERROR - Error saving order cbee228f-3086-4869-82a1-fe30893245a8: Error binding parameter 0 - probably unsupported type.
2025-10-14 20:48:36,391 - ERROR - Error saving order 62ad1102-3e87-41c1-b278-80252e6de914: Error binding parameter 0 - probably unsupported type.
2025-10-14 20:48:36,391 - ERROR - Error saving order fc116308-b865-41fa-95ea-1d9efc8aa4b8: Error binding parameter 0 - probably unsupported type.
2025-10-14 20:48:36,391 - ERROR - Error saving order 6ed9aaf5-afd3-405e-bf8b-8321cdcb9161: Error binding parameter 0 - probably unsupported type.
2025-10-14 20:48:36,391 - ERROR - Error saving order 59e12756-e7d7-42e3-91e5-2cb46eaabc0f: Error binding parameter 0 - probably unsupported type.
2025-10-14 20:48:36,391 - ERROR - Error saving order ee21ad8a-95c4-499d-9052-46d7e79eff85: Error binding parameter 0 - probably unsupported type.
2025-10-14 20:48:36,392 - ERROR - Error saving order 7d9502e4-f5f5-4a32-93a2-c5435234d1db: Error binding parameter 0 - probably unsupported type.
2025-10-14 20:48:36,392 - ERROR - Error saving order c3c26ba2-d606-4197-942e-b7f258c3fccb: Error binding parameter 0 - probably unsupported type.
2025-10-14 20:48:36,392 - ERROR - Error saving order 8014c23e-1cc9-4f26-a600-d78c4f6d6870: Error binding parameter 0 - probably unsupported type.
2025-10-14 20:48:36,392 - ERROR - Error saving order f2f1c387-d193-4c32-a6f8-e7a3c5fda08a: Error binding parameter 0 - probably unsupported type.
2025-10-14 20:48:36,392 - ERROR - Error saving order bde56bf4-1cca-4c4e-9ac6-fb69113fd579: Error binding parameter 0 - probably unsupported type.
2025-10-14 20:48:36,392 - ERROR - Error saving order b1679122-b628-45d4-aba3-47f4866bf9c7: Error binding parameter 0 - probably unsupported type.
2025-10-14 20:48:36,392 - ERROR - Error saving order 8eb88605-5694-4c52-ab07-342dc121e192: Error binding parameter 0 - probably unsupported type.
2025-10-14 20:48:36,392 - ERROR - Error saving order 89a6f0e2-b63f-45fe-96c0-7ec5c14987da: Error binding parameter 0 - probably unsupported type.
2025-10-14 20:48:36,392 - ERROR - Error saving order c3d13d9f-c9e0-4108-a8e2-b13a5a864e74: Error binding parameter 0 - probably unsupported type.
2025-10-14 20:48:36,392 - ERROR - Error saving order a253f9a6-df11-4c42-a5fa-297f7ace3bdd: Error binding parameter 0 - probably unsupported type.
2025-10-14 20:48:36,393 - ERROR - Error saving order d2077fb3-81aa-40d5-bc83-c6ae750e0344: Error binding parameter 0 - probably unsupported type.
2025-10-14 20:48:36,393 - ERROR - Error saving order d4c82670-389b-4d34-a1ab-d8bdaa3ae40b: Error binding parameter 0 - probably unsupported type.
2025-10-14 20:48:36,393 - ERROR - Error saving order 1478857b-8ec7-46e7-9cb4-8b64e1e6c0dc: Error binding parameter 0 - probably unsupported type.
2025-10-14 20:48:36,393 - ERROR - Error saving order ab4dcabf-e83c-4db0-91c5-f3ed19c422b4: Error binding parameter 0 - probably unsupported type.
2025-10-14 20:48:36,393 - ERROR - Error saving order 85eeb366-e499-4eee-acd6-fa9beb398388: Error binding parameter 0 - probably unsupported type.
2025-10-14 20:48:36,393 - ERROR - Error saving order 86550f2e-d250-4642-878d-d9d9fd23d861: Error binding parameter 0 - probably unsupported type.
2025-10-14 20:48:36,393 - ERROR - Error saving order 8a051985-297f-4550-914a-a586dff3f380: Error binding parameter 0 - probably unsupported type.
2025-10-14 20:48:36,393 - ERROR - Error saving order 9dd38042-40a0-4a8e-aa33-3a53210b4bfc: Error binding parameter 0 - probably unsupported type.
2025-10-14 20:48:36,393 - ERROR - Error saving order 99d54ce0-55f5-4e63-946f-ead29211b98b: Error binding parameter 0 - probably unsupported type.
2025-10-14 20:48:36,393 - ERROR - Error saving order 9a24533c-ed43-45c3-afff-3500db7243d2: Error binding parameter 0 - probably unsupported type.
2025-10-14 20:48:36,393 - ERROR - Error saving order ffd7bb9d-adbd-4141-bc1b-0745fbc23d39: Error binding parameter 0 - probably unsupported type.
2025-10-14 20:48:36,394 - ERROR - Error saving order 5f48c36c-7940-42b0-ab7a-63386876b232: Error binding parameter 0 - probably unsupported type.
2025-10-14 20:48:36,394 - ERROR - Error saving order 1fc0cf1f-a7fc-473c-9cd0-d267902a6328: Error binding parameter 0 - probably unsupported type.
2025-10-14 20:48:36,394 - ERROR - Error saving order 499f6f1e-fede-44b9-8fe9-7c18f7713b06: Error binding parameter 0 - probably unsupported type.
2025-10-14 20:48:36,394 - ERROR - Error saving order 8b1c59f5-0290-4197-9803-0c8c93b5548b: Error binding parameter 0 - probably unsupported type.
2025-10-14 20:48:36,394 - ERROR - Error saving order 41b1d36f-9908-4bd7-b543-9ccffaaa8301: Error binding parameter 0 - probably unsupported type.
2025-10-14 20:48:36,394 - ERROR - Error saving order 5ae6ce7f-852d-49cd-b522-67e1bdab047c: Error binding parameter 0 - probably unsupported type.
2025-10-14 20:48:36,394 - ERROR - Error saving order 7edfe914-706d-497e-9e79-944f442528ad: Error binding parameter 0 - probably unsupported type.
2025-10-14 20:48:36,394 - ERROR - Error saving order b9de3dd2-64d7-4cee-82bb-43c55932f85e: Error binding parameter 0 - probably unsupported type.
2025-10-14 20:48:36,394 - ERROR - Error saving order d4109fb8-877a-4a74-b56f-7683dc1a4a5e: Error binding parameter 0 - probably unsupported type.
2025-10-14 20:48:36,395 - ERROR - Error saving order a28019be-9cc8-491c-b40f-86c00d021a1b: Error binding parameter 0 - probably unsupported type.
2025-10-14 20:48:36,395 - ERROR - Error saving order 504a3859-ac57-49b4-a5f4-ebb3552cd1aa: Error binding parameter 0 - probably unsupported type.
2025-10-14 20:48:36,395 - ERROR - Error saving order 13b7d128-caf1-4ae8-afa7-5940ff20a7a3: Error binding parameter 0 - probably unsupported type.
2025-10-14 20:48:36,395 - ERROR - Error saving order 2a23acf7-73da-4be6-899a-73a07239e150: Error binding parameter 0 - probably unsupported type.
2025-10-14 20:48:36,395 - ERROR - Error saving order 29e25444-e430-435c-b2ee-160483ac015c: Error binding parameter 0 - probably unsupported type.
2025-10-14 20:48:36,395 - ERROR - Error saving order 7ad36fb8-118b-43ec-b3f4-5155ed521036: Error binding parameter 0 - probably unsupported type.
2025-10-14 20:48:36,395 - ERROR - Error saving order 212587ee-a3ad-4a31-bc0e-dbf674442bc2: Error binding parameter 0 - probably unsupported type.
2025-10-14 20:48:36,395 - ERROR - Error saving order 43f47c0f-159d-43ab-b31e-e6965bd343d0: Error binding parameter 0 - probably unsupported type.
2025-10-14 20:48:36,395 - ERROR - Error saving order a92951cf-1dec-4a1e-85f8-47bcdc9e4476: Error binding parameter 0 - probably unsupported type.
2025-10-14 20:48:36,396 - ERROR - Error saving order 592938b8-227b-4ef6-814e-32605c73b516: Error binding parameter 0 - probably unsupported type.
2025-10-14 20:48:36,396 - ERROR - Error saving order e0006871-4119-46a8-9adf-e2b92245ced1: Error binding parameter 0 - probably unsupported type.
2025-10-14 20:48:36,396 - ERROR - Error saving order 143ac497-f0ba-424d-8f00-a2bc69f77e5f: Error binding parameter 0 - probably unsupported type.
2025-10-14 20:48:36,396 - ERROR - Error saving order 1199dac3-47a4-41f3-b9c5-22c7d06f8619: Error binding parameter 0 - probably unsupported type.
2025-10-14 20:48:36,396 - ERROR - Error saving order 58cfc0f7-791a-489c-ae0b-b3fd026596c8: Error binding parameter 0 - probably unsupported type.
2025-10-14 20:48:36,396 - ERROR - Error saving order ba380cd2-5532-408a-96b3-8481569b98f8: Error binding parameter 0 - probably unsupported type.
2025-10-14 20:48:36,396 - ERROR - Error saving order 7a857044-147c-4f6e-9889-dbab18227176: Error binding parameter 0 - probably unsupported type.
2025-10-14 20:48:36,396 - ERROR - Error saving order 6d448096-2768-4cb1-a078-953c70aad702: Error binding parameter 0 - probably unsupported type.
2025-10-14 20:48:36,396 - ERROR - Error saving order fc6383e2-937f-4f33-b3fe-1c7a1f6c7195: Error binding parameter 0 - probably unsupported type.
2025-10-14 20:48:36,397 - ERROR - Error saving order 1c50c23b-7582-4436-9856-697ccc66c93f: Error binding parameter 0 - probably unsupported type.
2025-10-14 20:48:36,397 - ERROR - Error saving order 3e54e751-b361-44e7-b7bb-a09e46247ef3: Error binding parameter 0 - probably unsupported type.
2025-10-14 20:48:36,397 - ERROR - Error saving order 4b35b2bc-9c3a-4c1c-bf40-b6efbd8c0453: Error binding parameter 0 - probably unsupported type.
2025-10-14 20:48:36,397 - ERROR - Error saving order a437fdd5-54c2-41e1-aebd-678b3c9d994f: Error binding parameter 0 - probably unsupported type.
2025-10-14 20:48:36,397 - ERROR - Error saving order b589c350-9c4a-4f8d-a8a8-67c360e5c41b: Error binding parameter 0 - probably unsupported type.
2025-10-14 20:48:36,397 - ERROR - Error saving order 2d3409b7-e7d6-4a2a-a2fc-116c1eb9502f: Error binding parameter 0 - probably unsupported type.
2025-10-14 20:48:36,397 - ERROR - Error saving order 7a7b950e-c3c3-45e9-8b27-6357efe06540: Error binding parameter 0 - probably unsupported type.
2025-10-14 20:48:36,397 - ERROR - Error saving order b75b7d84-9321-46d4-8ca0-31abf3c73871: Error binding parameter 0 - probably unsupported type.
2025-10-14 20:48:36,397 - ERROR - Error saving order f51aa16a-49de-4c5a-aef9-322ae742308b: Error binding parameter 0 - probably unsupported type.
2025-10-14 20:48:36,398 - ERROR - Error saving order 3862e822-dd87-49c5-bdcb-b52a9b684cbe: Error binding parameter 0 - probably unsupported type.
2025-10-14 20:48:36,398 - ERROR - Error saving order 211de28e-577a-4c06-b7fa-87f30dce2447: Error binding parameter 0 - probably unsupported type.
2025-10-14 20:48:36,398 - ERROR - Error saving order 913fcd14-3d92-4744-9a35-15cc771c8305: Error binding parameter 0 - probably unsupported type.
2025-10-14 20:48:36,398 - ERROR - Error saving order 7795e0b6-f9e8-49ca-b7e9-e0587ec940fb: Error binding parameter 0 - probably unsupported type.
2025-10-14 20:48:36,398 - ERROR - Error saving order eb296d88-ba5b-49aa-bc60-7378b61de638: Error binding parameter 0 - probably unsupported type.
2025-10-14 20:48:36,398 - ERROR - Error saving order 68f93a67-fbad-4c90-831c-6512ff163c45: Error binding parameter 0 - probably unsupported type.
2025-10-14 20:48:36,398 - ERROR - Error saving order 62b61184-44bf-4ec3-992a-964f21f0621b: Error binding parameter 0 - probably unsupported type.
2025-10-14 20:48:36,398 - ERROR - Error saving order 1950b5a2-41c2-430a-b13d-4401b5df196c: Error binding parameter 0 - probably unsupported type.
2025-10-14 20:48:36,398 - ERROR - Error saving order 95e81642-4732-4be6-bf64-48a120106ea3: Error binding parameter 0 - probably unsupported type.
2025-10-14 20:48:36,399 - ERROR - Error saving order bb8990cb-a21c-4f02-9874-43b2f4cd81f8: Error binding parameter 0 - probably unsupported type.
2025-10-14 20:48:36,399 - ERROR - Error saving order cbfb130c-d466-4e00-9636-92ed8526b861: Error binding parameter 0 - probably unsupported type.
2025-10-14 20:48:36,399 - ERROR - Error saving order f121c7b6-6c36-471c-8911-7cca5026d0a5: Error binding parameter 0 - probably unsupported type.
2025-10-14 20:48:36,399 - ERROR - Error saving order 53431455-1182-454d-9ada-6401fa9721c6: Error binding parameter 0 - probably unsupported type.
2025-10-14 20:48:36,399 - INFO - Saved 0 new orders, skipped 0 existing orders
2025-10-14 20:48:36,401 - INFO - Download completed: 0 new trades saved, 0 existing trades skipped
2025-10-14 20:49:06,364 - INFO - Alpaca client initialized successfully
2025-10-14 20:49:06,365 - INFO - Trades database initialized
2025-10-14 20:49:06,365 - INFO - Date range: 2025-10-07 to 2025-10-14
2025-10-14 20:49:06,365 - INFO - Fetching orders from Alpaca API...
2025-10-14 20:49:07,132 - INFO - Successfully fetched 500 orders
2025-10-14 20:49:07,133 - ERROR - Error saving order 53117c64-dc8f-4dd1-a500-7e0e4668dea0: Error binding parameter 0 - probably unsupported type.
2025-10-14 20:49:07,133 - ERROR - Error saving order 788de4ef-4c37-42b0-b642-59b2c2273be5: Error binding parameter 0 - probably unsupported type.
2025-10-14 20:49:07,133 - ERROR - Error saving order f37df24c-00f4-466b-a37f-a564172688b0: Error binding parameter 0 - probably unsupported type.
2025-10-14 20:49:07,133 - ERROR - Error saving order f3eb1ad1-74c7-49c5-a4b8-41da694586fd: Error binding parameter 0 - probably unsupported type.
2025-10-14 20:49:07,133 - ERROR - Error saving order fcc77b75-9c7f-4d8c-9df1-47f97ed4f592: Error binding parameter 0 - probably unsupported type.
2025-10-14 20:49:07,133 - ERROR - Error saving order b5730ecb-c061-498e-9af4-3b30e10e48ef: Error binding parameter 0 - probably unsupported type.
2025-10-14 20:49:07,133 - ERROR - Error saving order 7b6d0874-e7b9-4464-b1c0-fb3f37189728: Error binding parameter 0 - probably unsupported type.
2025-10-14 20:49:07,133 - ERROR - Error saving order cc3a078d-f28d-4d00-b5c1-c4cc40380f0b: Error binding parameter 0 - probably unsupported type.
2025-10-14 20:49:07,134 - ERROR - Error saving order e43dfb6b-4e33-4786-9598-1446da548825: Error binding parameter 0 - probably unsupported type.
2025-10-14 20:49:07,134 - ERROR - Error saving order a396a98f-f3a1-47b3-8a11-f50f9d3789f8: Error binding parameter 0 - probably unsupported type.
2025-10-14 20:49:07,134 - ERROR - Error saving order 63eab8c6-13a5-4dea-b284-04c52952d2c8: Error binding parameter 0 - probably unsupported type.
2025-10-14 20:49:07,134 - ERROR - Error saving order 9fefb12e-4b08-49db-9895-a5fd90c3c9e9: Error binding parameter 0 - probably unsupported type.
2025-10-14 20:49:07,134 - ERROR - Error saving order b01de547-fcba-4ab1-803c-71e1cded5d78: Error binding parameter 0 - probably unsupported type.
2025-10-14 20:49:07,134 - ERROR - Error saving order 1227f48a-ade1-424e-8d94-a92b8182a589: Error binding parameter 0 - probably unsupported type.
2025-10-14 20:49:07,134 - ERROR - Error saving order 24af4e5a-e7f2-43e9-8c19-a1f79b1a078d: Error binding parameter 0 - probably unsupported type.
2025-10-14 20:49:07,134 - ERROR - Error saving order 13561897-e744-4116-ad17-d335aaa36113: Error binding parameter 0 - probably unsupported type.
2025-10-14 20:49:07,134 - ERROR - Error saving order 6f5eb5b6-719c-45c6-a4dd-fa0fff5f6fb2: Error binding parameter 0 - probably unsupported type.
2025-10-14 20:49:07,134 - ERROR - Error saving order 2fa1d559-9792-410b-8d9e-d73ea6ac5c36: Error binding parameter 0 - probably unsupported type.
2025-10-14 20:49:07,135 - ERROR - Error saving order cf13dafe-3955-498f-b27a-6f6a211e7600: Error binding parameter 0 - probably unsupported type.
2025-10-14 20:49:07,135 - ERROR - Error saving order c42e41ca-383a-4f76-8017-c5a25e42a103: Error binding parameter 0 - probably unsupported type.
2025-10-14 20:49:07,135 - ERROR - Error saving order 94acb76a-0e41-48f5-a103-34544ec8e9d6: Error binding parameter 0 - probably unsupported type.
2025-10-14 20:49:07,135 - ERROR - Error saving order d5c1acab-1e27-4e97-8dc6-8c58ad4b5d6b: Error binding parameter 0 - probably unsupported type.
2025-10-14 20:49:07,135 - ERROR - Error saving order b5a4bfad-f852-4018-8c00-75809c7e8a28: Error binding parameter 0 - probably unsupported type.
2025-10-14 20:49:07,135 - ERROR - Error saving order 571c57a0-1667-4d6d-a93e-582766d6b0bf: Error binding parameter 0 - probably unsupported type.
2025-10-14 20:49:07,135 - ERROR - Error saving order cbee228f-3086-4869-82a1-fe30893245a8: Error binding parameter 0 - probably unsupported type.
2025-10-14 20:49:07,135 - ERROR - Error saving order 62ad1102-3e87-41c1-b278-80252e6de914: Error binding parameter 0 - probably unsupported type.
2025-10-14 20:49:07,135 - ERROR - Error saving order fc116308-b865-41fa-95ea-1d9efc8aa4b8: Error binding parameter 0 - probably unsupported type.
2025-10-14 20:49:07,135 - ERROR - Error saving order 6ed9aaf5-afd3-405e-bf8b-8321cdcb9161: Error binding parameter 0 - probably unsupported type.
2025-10-14 20:49:07,136 - ERROR - Error saving order 59e12756-e7d7-42e3-91e5-2cb46eaabc0f: Error binding parameter 0 - probably unsupported type.
2025-10-14 20:49:07,136 - ERROR - Error saving order ee21ad8a-95c4-499d-9052-46d7e79eff85: Error binding parameter 0 - probably unsupported type.
2025-10-14 20:49:07,136 - ERROR - Error saving order 7d9502e4-f5f5-4a32-93a2-c5435234d1db: Error binding parameter 0 - probably unsupported type.
2025-10-14 20:49:07,136 - ERROR - Error saving order c3c26ba2-d606-4197-942e-b7f258c3fccb: Error binding parameter 0 - probably unsupported type.
2025-10-14 20:49:07,136 - ERROR - Error saving order 8014c23e-1cc9-4f26-a600-d78c4f6d6870: Error binding parameter 0 - probably unsupported type.
2025-10-14 20:49:07,136 - ERROR - Error saving order f2f1c387-d193-4c32-a6f8-e7a3c5fda08a: Error binding parameter 0 - probably unsupported type.
2025-10-14 20:49:07,136 - ERROR - Error saving order bde56bf4-1cca-4c4e-9ac6-fb69113fd579: Error binding parameter 0 - probably unsupported type.
2025-10-14 20:49:07,136 - ERROR - Error saving order b1679122-b628-45d4-aba3-47f4866bf9c7: Error binding parameter 0 - probably unsupported type.
2025-10-14 20:49:07,136 - ERROR - Error saving order 8eb88605-5694-4c52-ab07-342dc121e192: Error binding parameter 0 - probably unsupported type.
2025-10-14 20:49:07,136 - ERROR - Error saving order 89a6f0e2-b63f-45fe-96c0-7ec5c14987da: Error binding parameter 0 - probably unsupported type.
2025-10-14 20:49:07,136 - ERROR - Error saving order c3d13d9f-c9e0-4108-a8e2-b13a5a864e74: Error binding parameter 0 - probably unsupported type.
2025-10-14 20:49:07,137 - ERROR - Error saving order a253f9a6-df11-4c42-a5fa-297f7ace3bdd: Error binding parameter 0 - probably unsupported type.
2025-10-14 20:49:07,137 - ERROR - Error saving order d2077fb3-81aa-40d5-bc83-c6ae750e0344: Error binding parameter 0 - probably unsupported type.
2025-10-14 20:49:07,137 - ERROR - Error saving order d4c82670-389b-4d34-a1ab-d8bdaa3ae40b: Error binding parameter 0 - probably unsupported type.
2025-10-14 20:49:07,137 - ERROR - Error saving order 1478857b-8ec7-46e7-9cb4-8b64e1e6c0dc: Error binding parameter 0 - probably unsupported type.
2025-10-14 20:49:07,137 - ERROR - Error saving order ab4dcabf-e83c-4db0-91c5-f3ed19c422b4: Error binding parameter 0 - probably unsupported type.
2025-10-14 20:49:07,137 - ERROR - Error saving order 85eeb366-e499-4eee-acd6-fa9beb398388: Error binding parameter 0 - probably unsupported type.
2025-10-14 20:49:07,137 - ERROR - Error saving order 86550f2e-d250-4642-878d-d9d9fd23d861: Error binding parameter 0 - probably unsupported type.
2025-10-14 20:49:07,137 - ERROR - Error saving order 8a051985-297f-4550-914a-a586dff3f380: Error binding parameter 0 - probably unsupported type.
2025-10-14 20:49:07,137 - ERROR - Error saving order 9dd38042-40a0-4a8e-aa33-3a53210b4bfc: Error binding parameter 0 - probably unsupported type.
2025-10-14 20:49:07,137 - ERROR - Error saving order 99d54ce0-55f5-4e63-946f-ead29211b98b: Error binding parameter 0 - probably unsupported type.
2025-10-14 20:49:07,138 - ERROR - Error saving order 9a24533c-ed43-45c3-afff-3500db7243d2: Error binding parameter 0 - probably unsupported type.
2025-10-14 20:49:07,138 - ERROR - Error saving order ffd7bb9d-adbd-4141-bc1b-0745fbc23d39: Error binding parameter 0 - probably unsupported type.
2025-10-14 20:49:07,138 - ERROR - Error saving order 5f48c36c-7940-42b0-ab7a-63386876b232: Error binding parameter 0 - probably unsupported type.
2025-10-14 20:49:07,138 - ERROR - Error saving order 1fc0cf1f-a7fc-473c-9cd0-d267902a6328: Error binding parameter 0 - probably unsupported type.
2025-10-14 20:49:07,138 - ERROR - Error saving order 499f6f1e-fede-44b9-8fe9-7c18f7713b06: Error binding parameter 0 - probably unsupported type.
2025-10-14 20:49:07,138 - ERROR - Error saving order 8b1c59f5-0290-4197-9803-0c8c93b5548b: Error binding parameter 0 - probably unsupported type.
2025-10-14 20:49:07,138 - ERROR - Error saving order 41b1d36f-9908-4bd7-b543-9ccffaaa8301: Error binding parameter 0 - probably unsupported type.
2025-10-14 20:49:07,138 - ERROR - Error saving order 5ae6ce7f-852d-49cd-b522-67e1bdab047c: Error binding parameter 0 - probably unsupported type.
2025-10-14 20:49:07,138 - ERROR - Error saving order 7edfe914-706d-497e-9e79-944f442528ad: Error binding parameter 0 - probably unsupported type.
2025-10-14 20:49:07,138 - ERROR - Error saving order b9de3dd2-64d7-4cee-82bb-43c55932f85e: Error binding parameter 0 - probably unsupported type.
2025-10-14 20:49:07,138 - ERROR - Error saving order d4109fb8-877a-4a74-b56f-7683dc1a4a5e: Error binding parameter 0 - probably unsupported type.
2025-10-14 20:49:07,139 - ERROR - Error saving order a28019be-9cc8-491c-b40f-86c00d021a1b: Error binding parameter 0 - probably unsupported type.
2025-10-14 20:49:07,139 - ERROR - Error saving order 504a3859-ac57-49b4-a5f4-ebb3552cd1aa: Error binding parameter 0 - probably unsupported type.
2025-10-14 20:49:07,139 - ERROR - Error saving order 13b7d128-caf1-4ae8-afa7-5940ff20a7a3: Error binding parameter 0 - probably unsupported type.
2025-10-14 20:49:07,139 - ERROR - Error saving order 2a23acf7-73da-4be6-899a-73a07239e150: Error binding parameter 0 - probably unsupported type.
2025-10-14 20:49:07,139 - ERROR - Error saving order 29e25444-e430-435c-b2ee-160483ac015c: Error binding parameter 0 - probably unsupported type.
2025-10-14 20:49:07,139 - ERROR - Error saving order 7ad36fb8-118b-43ec-b3f4-5155ed521036: Error binding parameter 0 - probably unsupported type.
2025-10-14 20:49:07,139 - ERROR - Error saving order 212587ee-a3ad-4a31-bc0e-dbf674442bc2: Error binding parameter 0 - probably unsupported type.
2025-10-14 20:49:07,139 - ERROR - Error saving order 43f47c0f-159d-43ab-b31e-e6965bd343d0: Error binding parameter 0 - probably unsupported type.
2025-10-14 20:49:07,139 - ERROR - Error saving order a92951cf-1dec-4a1e-85f8-47bcdc9e4476: Error binding parameter 0 - probably unsupported type.
2025-10-14 20:49:07,139 - ERROR - Error saving order 592938b8-227b-4ef6-814e-32605c73b516: Error binding parameter 0 - probably unsupported type.
2025-10-14 20:49:07,139 - ERROR - Error saving order e0006871-4119-46a8-9adf-e2b92245ced1: Error binding parameter 0 - probably unsupported type.
2025-10-14 20:49:07,140 - ERROR - Error saving order 143ac497-f0ba-424d-8f00-a2bc69f77e5f: Error binding parameter 0 - probably unsupported type.
2025-10-14 20:49:07,140 - ERROR - Error saving order 1199dac3-47a4-41f3-b9c5-22c7d06f8619: Error binding parameter 0 - probably unsupported type.
2025-10-14 20:49:07,140 - ERROR - Error saving order 58cfc0f7-791a-489c-ae0b-b3fd026596c8: Error binding parameter 0 - probably unsupported type.
2025-10-14 20:49:07,140 - ERROR - Error saving order ba380cd2-5532-408a-96b3-8481569b98f8: Error binding parameter 0 - probably unsupported type.
2025-10-14 20:49:07,140 - ERROR - Error saving order 7a857044-147c-4f6e-9889-dbab18227176: Error binding parameter 0 - probably unsupported type.
2025-10-14 20:49:07,140 - ERROR - Error saving order 6d448096-2768-4cb1-a078-953c70aad702: Error binding parameter 0 - probably unsupported type.
2025-10-14 20:49:07,140 - ERROR - Error saving order fc6383e2-937f-4f33-b3fe-1c7a1f6c7195: Error binding parameter 0 - probably unsupported type.
2025-10-14 20:49:07,140 - ERROR - Error saving order 1c50c23b-7582-4436-9856-697ccc66c93f: Error binding parameter 0 - probably unsupported type.
2025-10-14 20:49:07,140 - ERROR - Error saving order 3e54e751-b361-44e7-b7bb-a09e46247ef3: Error binding parameter 0 - probably unsupported type.
2025-10-14 20:49:07,140 - ERROR - Error saving order 4b35b2bc-9c3a-4c1c-bf40-b6efbd8c0453: Error binding parameter 0 - probably unsupported type.
2025-10-14 20:49:07,141 - ERROR - Error saving order a437fdd5-54c2-41e1-aebd-678b3c9d994f: Error binding parameter 0 - probably unsupported type.
2025-10-14 20:49:07,141 - ERROR - Error saving order b589c350-9c4a-4f8d-a8a8-67c360e5c41b: Error binding parameter 0 - probably unsupported type.
2025-10-14 20:49:07,141 - ERROR - Error saving order 2d3409b7-e7d6-4a2a-a2fc-116c1eb9502f: Error binding parameter 0 - probably unsupported type.
2025-10-14 20:49:07,141 - ERROR - Error saving order 7a7b950e-c3c3-45e9-8b27-6357efe06540: Error binding parameter 0 - probably unsupported type.
2025-10-14 20:49:07,141 - ERROR - Error saving order b75b7d84-9321-46d4-8ca0-31abf3c73871: Error binding parameter 0 - probably unsupported type.
2025-10-14 20:49:07,141 - ERROR - Error saving order f51aa16a-49de-4c5a-aef9-322ae742308b: Error binding parameter 0 - probably unsupported type.
2025-10-14 20:49:07,141 - ERROR - Error saving order 3862e822-dd87-49c5-bdcb-b52a9b684cbe: Error binding parameter 0 - probably unsupported type.
2025-10-14 20:49:07,141 - ERROR - Error saving order 211de28e-577a-4c06-b7fa-87f30dce2447: Error binding parameter 0 - probably unsupported type.
2025-10-14 20:49:07,141 - ERROR - Error saving order 913fcd14-3d92-4744-9a35-15cc771c8305: Error binding parameter 0 - probably unsupported type.
2025-10-14 20:49:07,141 - ERROR - Error saving order 7795e0b6-f9e8-49ca-b7e9-e0587ec940fb: Error binding parameter 0 - probably unsupported type.
2025-10-14 20:49:07,141 - ERROR - Error saving order eb296d88-ba5b-49aa-bc60-7378b61de638: Error binding parameter 0 - probably unsupported type.
2025-10-14 20:49:07,142 - ERROR - Error saving order 68f93a67-fbad-4c90-831c-6512ff163c45: Error binding parameter 0 - probably unsupported type.
2025-10-14 20:49:07,142 - ERROR - Error saving order 62b61184-44bf-4ec3-992a-964f21f0621b: Error binding parameter 0 - probably unsupported type.
2025-10-14 20:49:07,142 - ERROR - Error saving order 1950b5a2-41c2-430a-b13d-4401b5df196c: Error binding parameter 0 - probably unsupported type.
2025-10-14 20:49:07,142 - ERROR - Error saving order 95e81642-4732-4be6-bf64-48a120106ea3: Error binding parameter 0 - probably unsupported type.
2025-10-14 20:49:07,142 - ERROR - Error saving order bb8990cb-a21c-4f02-9874-43b2f4cd81f8: Error binding parameter 0 - probably unsupported type.
2025-10-14 20:49:07,142 - ERROR - Error saving order cbfb130c-d466-4e00-9636-92ed8526b861: Error binding parameter 0 - probably unsupported type.
2025-10-14 20:49:07,142 - ERROR - Error saving order f121c7b6-6c36-471c-8911-7cca5026d0a5: Error binding parameter 0 - probably unsupported type.
2025-10-14 20:49:07,142 - ERROR - Error saving order 53431455-1182-454d-9ada-6401fa9721c6: Error binding parameter 0 - probably unsupported type.
2025-10-14 20:49:07,142 - ERROR - Error saving order 761a442d-8572-4b3b-adfb-9b8992038b65: Error binding parameter 0 - probably unsupported type.
2025-10-14 20:49:07,142 - ERROR - Error saving order 20922ae9-a6d0-43aa-8e43-95e39c75d808: Error binding parameter 0 - probably unsupported type.
2025-10-14 20:49:07,142 - ERROR - Error saving order 63a423b8-4a85-4b2f-8f93-5f1bfc19eadc: Error binding parameter 0 - probably unsupported type.
2025-10-14 20:49:07,142 - ERROR - Error saving order b0bd9631-4cd5-404a-b1a3-3bd95dc4679b: Error binding parameter 0 - probably unsupported type.
2025-10-14 20:49:07,142 - ERROR - Error saving order 16fd29a5-f63d-4ec6-9858-896b959ffb7c: Error binding parameter 0 - probably unsupported type.
2025-10-14 20:49:07,143 - ERROR - Error saving order 5638e2f8-8523-48d0-8575-62e0bb31a897: Error binding parameter 0 - probably unsupported type.
2025-10-14 20:49:07,143 - ERROR - Error saving order aa48f460-4796-4587-bda8-d993d7abc0a9: Error binding parameter 0 - probably unsupported type.
2025-10-14 20:49:07,143 - ERROR - Error saving order ecd1d2b1-d087-4273-8b94-c2715d5d637a: Error binding parameter 0 - probably unsupported type.
2025-10-14 20:49:07,143 - ERROR - Error saving order c747229f-960f-436c-b77e-2a861789b176: Error binding parameter 0 - probably unsupported type.
2025-10-14 20:49:07,143 - ERROR - Error saving order 4381234c-4e7f-4da8-a01b-f980352ba454: Error binding parameter 0 - probably unsupported type.
2025-10-14 20:49:07,143 - ERROR - Error saving order c1889508-5f7d-4cc3-9556-6028428642a8: Error binding parameter 0 - probably unsupported type.
2025-10-14 20:49:07,143 - ERROR - Error saving order b4835af3-ae1d-4d55-8810-a50aaa8209f4: Error binding parameter 0 - probably unsupported type.
2025-10-14 20:49:07,143 - ERROR - Error saving order ba316385-86ff-4069-8cfd-aa7f94447976: Error binding parameter 0 - probably unsupported type.
2025-10-14 20:49:07,143 - ERROR - Error saving order 405d3902-edd2-4446-8935-963cd1e70071: Error binding parameter 0 - probably unsupported type.
2025-10-14 20:49:07,143 - ERROR - Error saving order 4b185dbc-f4bb-477a-ab37-9fa543ce499f: Error binding parameter 0 - probably unsupported type.
2025-10-14 20:49:07,143 - ERROR - Error saving order 4dac3165-5d0d-470b-ba2e-72d0d780933c: Error binding parameter 0 - probably unsupported type.
2025-10-14 20:49:07,143 - ERROR - Error saving order e53ea354-2e2a-48db-96dc-fdaa83853dc3: Error binding parameter 0 - probably unsupported type.
2025-10-14 20:49:07,144 - ERROR - Error saving order ff589f1a-173b-444d-b1bb-208696419e94: Error binding parameter 0 - probably unsupported type.
2025-10-14 20:49:07,144 - ERROR - Error saving order 82697024-f10e-4470-a35d-fedf3ce6362d: Error binding parameter 0 - probably unsupported type.
2025-10-14 20:49:07,144 - ERROR - Error saving order fa795e33-70bc-4907-976a-b08da3e661d0: Error binding parameter 0 - probably unsupported type.
2025-10-14 20:49:07,144 - ERROR - Error saving order 61009bd5-e296-4edb-a5c3-131389683e2a: Error binding parameter 0 - probably unsupported type.
2025-10-14 20:49:07,144 - ERROR - Error saving order f034e6ce-964d-43a8-9504-c1798be53d94: Error binding parameter 0 - probably unsupported type.
2025-10-14 20:49:07,144 - ERROR - Error saving order 5ef66670-ac72-4d8b-b05f-2298cfc3f4b4: Error binding parameter 0 - probably unsupported type.
2025-10-14 20:49:07,144 - ERROR - Error saving order b5aea7b3-7956-4202-a0fa-4529ec95ed96: Error binding parameter 0 - probably unsupported type.
2025-10-14 20:49:07,144 - ERROR - Error saving order 12f9d6e3-33e0-4150-993d-15022620db1e: Error binding parameter 0 - probably unsupported type.
2025-10-14 20:49:07,144 - ERROR - Error saving order c019de03-6dda-4c5c-a5f4-9d49c1544822: Error binding parameter 0 - probably unsupported type.
2025-10-14 20:49:07,144 - ERROR - Error saving order f45b2b14-1057-4857-8b8e-df1cfa42675a: Error binding parameter 0 - probably unsupported type.
2025-10-14 20:49:07,144 - ERROR - Error saving order 5685d518-fdf7-4a3e-855e-03e0fb8d4724: Error binding parameter 0 - probably unsupported type.
2025-10-14 20:49:07,144 - ERROR - Error saving order ee9209a8-adcc-4251-b2c5-3221371e7d95: Error binding parameter 0 - probably unsupported type.
2025-10-14 20:49:07,144 - ERROR - Error saving order 5eb5962e-73d2-42ff-a725-f4b3e4c3a6cc: Error binding parameter 0 - probably unsupported type.
2025-10-14 20:49:07,145 - ERROR - Error saving order c5d8dbe3-648b-4c25-9163-c391b2dc9e42: Error binding parameter 0 - probably unsupported type.
2025-10-14 20:49:07,145 - ERROR - Error saving order 7b1d5e89-3178-4366-9170-c63a06b6fbb2: Error binding parameter 0 - probably unsupported type.
2025-10-14 20:49:07,145 - ERROR - Error saving order 8a6ab426-5756-400b-b203-c43da90aaf45: Error binding parameter 0 - probably unsupported type.
2025-10-14 20:49:07,145 - ERROR - Error saving order e08cd1ea-cb7f-4382-b4ff-3c3e1dbffa13: Error binding parameter 0 - probably unsupported type.
2025-10-14 20:49:07,145 - ERROR - Error saving order ae06f8e0-bed7-4daf-84d1-d9932df9ab95: Error binding parameter 0 - probably unsupported type.
2025-10-14 20:49:07,145 - ERROR - Error saving order 75c35d0a-c1fe-4e07-9875-d757e44f1362: Error binding parameter 0 - probably unsupported type.
2025-10-14 20:49:07,145 - ERROR - Error saving order 86d06fb9-d1bd-411b-ae9b-d2898fd9025a: Error binding parameter 0 - probably unsupported type.
2025-10-14 20:49:07,145 - ERROR - Error saving order f52feb59-9a00-4e99-a2a8-f4b279953561: Error binding parameter 0 - probably unsupported type.
2025-10-14 20:49:07,145 - ERROR - Error saving order a5bfaadf-6197-471c-8ab1-d87311c0a316: Error binding parameter 0 - probably unsupported type.
2025-10-14 20:49:07,145 - ERROR - Error saving order e0a8e06b-109d-45b8-b3f7-417e93a1f777: Error binding parameter 0 - probably unsupported type.
2025-10-14 20:49:07,145 - ERROR - Error saving order 7251f27c-1085-4b2d-a477-f530e7676763: Error binding parameter 0 - probably unsupported type.
2025-10-14 20:49:07,145 - ERROR - Error saving order a7ef52df-f1ce-4411-8096-53b35a079bea: Error binding parameter 0 - probably unsupported type.
2025-10-14 20:49:07,146 - ERROR - Error saving order 5e086858-ef95-4bc0-8561-cbeed0fc49bd: Error binding parameter 0 - probably unsupported type.
2025-10-14 20:49:07,146 - ERROR - Error saving order bb3aba14-a07a-427d-8974-829044c40abc: Error binding parameter 0 - probably unsupported type.
2025-10-14 20:49:07,146 - ERROR - Error saving order 697ce1ec-2faa-477f-8e5f-368f1177ae94: Error binding parameter 0 - probably unsupported type.
2025-10-14 20:49:07,146 - ERROR - Error saving order 664efee2-3985-46e6-b451-3901c8bb2b78: Error binding parameter 0 - probably unsupported type.
2025-10-14 20:49:07,146 - ERROR - Error saving order cef64a91-91a4-4208-b912-f8943ca5c02b: Error binding parameter 0 - probably unsupported type.
2025-10-14 20:49:07,146 - ERROR - Error saving order f19b0e4a-6c7c-4917-8752-5170bb947197: Error binding parameter 0 - probably unsupported type.
2025-10-14 20:49:07,146 - ERROR - Error saving order 4d5d38a3-88bf-4dc7-af40-2cb0e182cfe9: Error binding parameter 0 - probably unsupported type.
2025-10-14 20:49:07,146 - ERROR - Error saving order 6deb2904-4d5b-4599-a099-4a7671ff812b: Error binding parameter 0 - probably unsupported type.
2025-10-14 20:49:07,146 - ERROR - Error saving order d4f50e82-3fa1-4b02-bc7c-71f4f2d82809: Error binding parameter 0 - probably unsupported type.
2025-10-14 20:49:07,146 - ERROR - Error saving order de02101c-18e2-40b0-92b5-baf764390512: Error binding parameter 0 - probably unsupported type.
2025-10-14 20:49:07,146 - ERROR - Error saving order 95c0f2bb-3383-4ff1-aa3e-f0a30898e3b6: Error binding parameter 0 - probably unsupported type.
2025-10-14 20:49:07,146 - ERROR - Error saving order d09bdf53-0251-4b5a-9a85-0201359f09f6: Error binding parameter 0 - probably unsupported type.
2025-10-14 20:49:07,146 - ERROR - Error saving order f97b08ee-cab2-4fb3-a8fa-6aec589d030d: Error binding parameter 0 - probably unsupported type.
2025-10-14 20:49:07,147 - ERROR - Error saving order 5e548b02-7608-40a3-ab1f-270ea20c8a64: Error binding parameter 0 - probably unsupported type.
2025-10-14 20:49:07,147 - ERROR - Error saving order 43edaa83-5650-4611-989b-c7a35ce5a2f7: Error binding parameter 0 - probably unsupported type.
2025-10-14 20:49:07,147 - ERROR - Error saving order 906ed739-0f3b-43b3-8543-58c83a197ff7: Error binding parameter 0 - probably unsupported type.
2025-10-14 20:49:07,147 - ERROR - Error saving order 5ed66066-a344-4e9a-8dd7-161bd1be941b: Error binding parameter 0 - probably unsupported type.
2025-10-14 20:49:07,147 - ERROR - Error saving order 10ebd068-faa4-40db-9e99-afb18bd8f72c: Error binding parameter 0 - probably unsupported type.
2025-10-14 20:49:07,147 - ERROR - Error saving order efb1a510-17e6-49ec-b5fc-ec8d3779844e: Error binding parameter 0 - probably unsupported type.
2025-10-14 20:49:07,147 - ERROR - Error saving order 7b817bcb-eda4-4723-90e9-8ea2065193af: Error binding parameter 0 - probably unsupported type.
2025-10-14 20:49:07,147 - ERROR - Error saving order 40729d9e-d481-4914-a2e4-40ca5fbeb52b: Error binding parameter 0 - probably unsupported type.
2025-10-14 20:49:07,147 - ERROR - Error saving order ed8be679-7faf-4d62-92e6-477337a4ee22: Error binding parameter 0 - probably unsupported type.
2025-10-14 20:49:07,147 - ERROR - Error saving order 509eeb78-0528-4920-9160-f2bf1ba0b78a: Error binding parameter 0 - probably unsupported type.
2025-10-14 20:49:07,147 - ERROR - Error saving order 6c7bf251-f46e-40a2-8768-5b2f0b4c73eb: Error binding parameter 0 - probably unsupported type.
2025-10-14 20:49:07,147 - ERROR - Error saving order 80727c3f-9d91-460c-9efd-f68e07ec68bb: Error binding parameter 0 - probably unsupported type.
2025-10-14 20:49:07,148 - ERROR - Error saving order ea634b8a-85e1-41f8-a495-48a74e07d169: Error binding parameter 0 - probably unsupported type.
2025-10-14 20:49:07,148 - ERROR - Error saving order 1873869a-6494-4f16-8292-d012d30735c0: Error binding parameter 0 - probably unsupported type.
2025-10-14 20:49:07,148 - ERROR - Error saving order d64f659b-24e4-4dfb-a35e-61601020eee2: Error binding parameter 0 - probably unsupported type.
2025-10-14 20:49:07,148 - ERROR - Error saving order 8ab3f86a-4d7e-47bc-b502-ac92e34751a1: Error binding parameter 0 - probably unsupported type.
2025-10-14 20:49:07,148 - ERROR - Error saving order 34d75bd1-a04b-4d4c-bd35-afe61ae04318: Error binding parameter 0 - probably unsupported type.
2025-10-14 20:49:07,148 - ERROR - Error saving order 138c357c-1772-4f39-90ac-206716a2715a: Error binding parameter 0 - probably unsupported type.
2025-10-14 20:49:07,148 - ERROR - Error saving order 74c9c977-ec63-40be-954b-8de146f74efc: Error binding parameter 0 - probably unsupported type.
2025-10-14 20:49:07,148 - ERROR - Error saving order 61d65e21-bbb9-4da3-a9e6-daa094ebf400: Error binding parameter 0 - probably unsupported type.
2025-10-14 20:49:07,148 - ERROR - Error saving order 21f1a92a-0cab-4860-9df2-5ced067792c4: Error binding parameter 0 - probably unsupported type.
2025-10-14 20:49:07,148 - ERROR - Error saving order bccdd4a6-bfad-48f0-ab2e-7e76ec7a7974: Error binding parameter 0 - probably unsupported type.
2025-10-14 20:49:07,148 - ERROR - Error saving order abd7888b-99cc-41c9-a3f4-0b74a8393628: Error binding parameter 0 - probably unsupported type.
2025-10-14 20:49:07,148 - ERROR - Error saving order 797aa6b5-33c0-4f78-8b46-99d2c98ffe95: Error binding parameter 0 - probably unsupported type.
2025-10-14 20:49:07,148 - ERROR - Error saving order 5e325e59-009f-4fd2-872d-5c755b2dd415: Error binding parameter 0 - probably unsupported type.
2025-10-14 20:49:07,149 - ERROR - Error saving order 40232aa3-334b-442d-be6c-e1befb9985d7: Error binding parameter 0 - probably unsupported type.
2025-10-14 20:49:07,149 - ERROR - Error saving order 517b3eea-0132-49ba-8425-55204ff2155d: Error binding parameter 0 - probably unsupported type.
2025-10-14 20:49:07,149 - ERROR - Error saving order 9a6a5c21-5846-4388-9d55-6cf33ad477ce: Error binding parameter 0 - probably unsupported type.
2025-10-14 20:49:07,149 - ERROR - Error saving order d77291d9-7a66-4a7f-9307-1b34dbee3c72: Error binding parameter 0 - probably unsupported type.
2025-10-14 20:49:07,149 - ERROR - Error saving order 2b345a52-5133-4e54-ad9a-e590080a108c: Error binding parameter 0 - probably unsupported type.
2025-10-14 20:49:07,149 - ERROR - Error saving order e32b97d3-bb7e-40cb-9b6d-9c16db1f1618: Error binding parameter 0 - probably unsupported type.
2025-10-14 20:49:07,149 - ERROR - Error saving order 50e3e975-65f7-46a6-af34-79127984a51f: Error binding parameter 0 - probably unsupported type.
2025-10-14 20:49:07,149 - ERROR - Error saving order df53e703-0517-4848-ae54-960d09dc5aef: Error binding parameter 0 - probably unsupported type.
2025-10-14 20:49:07,149 - ERROR - Error saving order e8f2cf8b-804c-45df-acd7-7528231b65be: Error binding parameter 0 - probably unsupported type.
2025-10-14 20:49:07,149 - ERROR - Error saving order bbfbb3a6-6408-4ee2-ad1e-9a6a27288fc5: Error binding parameter 0 - probably unsupported type.
2025-10-14 20:49:07,149 - ERROR - Error saving order 2028f68c-da12-4c6a-ad5c-3302e7c981b0: Error binding parameter 0 - probably unsupported type.
2025-10-14 20:49:07,149 - ERROR - Error saving order e3700954-85e0-4451-84b4-c977fae50450: Error binding parameter 0 - probably unsupported type.
2025-10-14 20:49:07,150 - ERROR - Error saving order da67c5e6-a198-4036-a2bc-bc3998b677ea: Error binding parameter 0 - probably unsupported type.
2025-10-14 20:49:07,150 - ERROR - Error saving order 6ea3646f-471f-4ced-97ec-2ee37e8de70f: Error binding parameter 0 - probably unsupported type.
2025-10-14 20:49:07,150 - ERROR - Error saving order 63537f65-b77e-4d5f-b060-24ccf2542f9d: Error binding parameter 0 - probably unsupported type.
2025-10-14 20:49:07,150 - ERROR - Error saving order e63920e3-a400-4d6b-88aa-9008c70a1980: Error binding parameter 0 - probably unsupported type.
2025-10-14 20:49:07,150 - ERROR - Error saving order d470a1c8-c83e-4614-94cc-a4f222eafe6c: Error binding parameter 0 - probably unsupported type.
2025-10-14 20:49:07,150 - ERROR - Error saving order 467af2ac-b54c-4aa8-9caa-f254c5c74646: Error binding parameter 0 - probably unsupported type.
2025-10-14 20:49:07,150 - ERROR - Error saving order 4385fd50-b635-4692-8b91-42560c4a1e11: Error binding parameter 0 - probably unsupported type.
2025-10-14 20:49:07,150 - ERROR - Error saving order 35c13a58-54ae-403f-974c-6515b769f4c8: Error binding parameter 0 - probably unsupported type.
2025-10-14 20:49:07,150 - ERROR - Error saving order 6b84f556-2dee-4f73-adb6-0f6822b0386f: Error binding parameter 0 - probably unsupported type.
2025-10-14 20:49:07,150 - ERROR - Error saving order 5c9d1d6d-1a12-47bf-88df-414a3acd2ad2: Error binding parameter 0 - probably unsupported type.
2025-10-14 20:49:07,150 - ERROR - Error saving order 88c100e7-cd35-43c0-89d0-e9ad4dfccaab: Error binding parameter 0 - probably unsupported type.
2025-10-14 20:49:07,150 - ERROR - Error saving order dfedfe78-5f2d-4782-85ee-b111b3aa4f47: Error binding parameter 0 - probably unsupported type.
2025-10-14 20:49:07,150 - ERROR - Error saving order f31f947a-70a7-4a7d-baa1-c41b8a8b22ec: Error binding parameter 0 - probably unsupported type.
2025-10-14 20:49:07,151 - ERROR - Error saving order 9435abea-206b-4b9a-9177-b2914b00eb0d: Error binding parameter 0 - probably unsupported type.
2025-10-14 20:49:07,151 - ERROR - Error saving order 3f661989-6a86-49fb-9093-d484b2bb020a: Error binding parameter 0 - probably unsupported type.
2025-10-14 20:49:07,151 - ERROR - Error saving order e37e1da9-bf07-4aed-a744-f9169a3c2f5e: Error binding parameter 0 - probably unsupported type.
2025-10-14 20:49:07,151 - ERROR - Error saving order edca2d1b-e32b-4b0c-98b8-89210d7da3ce: Error binding parameter 0 - probably unsupported type.
2025-10-14 20:49:07,151 - ERROR - Error saving order 8ae40da2-4a7b-4084-850a-f9bdbf677eec: Error binding parameter 0 - probably unsupported type.
2025-10-14 20:49:07,151 - ERROR - Error saving order 8dd42c3b-bcd8-42a3-a73e-ddd1a7007c63: Error binding parameter 0 - probably unsupported type.
2025-10-14 20:49:07,151 - ERROR - Error saving order 5addf9ad-33bc-47d2-8f93-4a0f76b71016: Error binding parameter 0 - probably unsupported type.
2025-10-14 20:49:07,151 - ERROR - Error saving order 2f513012-e0cc-453b-8729-2448717ab6b2: Error binding parameter 0 - probably unsupported type.
2025-10-14 20:49:07,151 - ERROR - Error saving order 162835f4-78c0-4d1c-8897-040759e61be6: Error binding parameter 0 - probably unsupported type.
2025-10-14 20:49:07,151 - ERROR - Error saving order f329fe87-025e-472c-b735-0fdd1a0a7a9d: Error binding parameter 0 - probably unsupported type.
2025-10-14 20:49:07,151 - ERROR - Error saving order 786e873a-0e75-416b-a815-299594fb7d44: Error binding parameter 0 - probably unsupported type.
2025-10-14 20:49:07,151 - ERROR - Error saving order 83d6a041-531d-4c56-a8b8-64a2133b0a32: Error binding parameter 0 - probably unsupported type.
2025-10-14 20:49:07,152 - ERROR - Error saving order 6b23768e-8913-4927-96a7-c759d2717c50: Error binding parameter 0 - probably unsupported type.
2025-10-14 20:49:07,152 - ERROR - Error saving order 8cef3f95-d9f9-4d1c-8569-3a412c8b0ced: Error binding parameter 0 - probably unsupported type.
2025-10-14 20:49:07,152 - ERROR - Error saving order 3311ca9d-6103-48e8-9e49-8f77a24b3f50: Error binding parameter 0 - probably unsupported type.
2025-10-14 20:49:07,152 - ERROR - Error saving order d336c8a9-55ac-4e0e-9a5e-eeb4477db64b: Error binding parameter 0 - probably unsupported type.
2025-10-14 20:49:07,152 - ERROR - Error saving order 64b7258f-9199-41f1-816c-184239505f13: Error binding parameter 0 - probably unsupported type.
2025-10-14 20:49:07,152 - ERROR - Error saving order bca46218-c2b2-42d7-82aa-f9610864d19b: Error binding parameter 0 - probably unsupported type.
2025-10-14 20:49:07,152 - ERROR - Error saving order 3b1abada-fdc8-44b8-9522-48ba1bb6d68c: Error binding parameter 0 - probably unsupported type.
2025-10-14 20:49:07,152 - ERROR - Error saving order 2048afba-38bc-4b31-9fcf-69cc64545816: Error binding parameter 0 - probably unsupported type.
2025-10-14 20:49:07,152 - ERROR - Error saving order 161f79b4-8ad5-4f3a-9582-0fbb632c69bc: Error binding parameter 0 - probably unsupported type.
2025-10-14 20:49:07,152 - ERROR - Error saving order 25a969b4-f0ef-4f31-8e84-e745d24f9ea0: Error binding parameter 0 - probably unsupported type.
2025-10-14 20:49:07,152 - ERROR - Error saving order cabc8edb-040a-4b45-84af-55e766b5f262: Error binding parameter 0 - probably unsupported type.
2025-10-14 20:49:07,152 - ERROR - Error saving order 401d7e4e-09bd-4d6c-897d-6cd5278c1a7c: Error binding parameter 0 - probably unsupported type.
2025-10-14 20:49:07,153 - ERROR - Error saving order 9bd455de-a8ab-454a-b52e-79d430fbacfb: Error binding parameter 0 - probably unsupported type.
2025-10-14 20:49:07,153 - ERROR - Error saving order 636526a1-baaf-4e59-94f5-43a263ab3bc4: Error binding parameter 0 - probably unsupported type.
2025-10-14 20:49:07,153 - ERROR - Error saving order ef7702b8-c52b-4c9c-bb95-95c5b28efce8: Error binding parameter 0 - probably unsupported type.
2025-10-14 20:49:07,153 - ERROR - Error saving order 29edf12f-10ab-4166-874d-69bc489d08fb: Error binding parameter 0 - probably unsupported type.
2025-10-14 20:49:07,153 - ERROR - Error saving order d32a8b39-ade3-439a-a28b-bce7d3ebe1ca: Error binding parameter 0 - probably unsupported type.
2025-10-14 20:49:07,153 - ERROR - Error saving order a803c2b6-5bec-4462-91e0-bec4ece68622: Error binding parameter 0 - probably unsupported type.
2025-10-14 20:49:07,153 - ERROR - Error saving order b30ddcd0-b22b-461c-9757-f929180885fc: Error binding parameter 0 - probably unsupported type.
2025-10-14 20:49:07,153 - ERROR - Error saving order 866eb326-e6a3-4c9d-8327-1b948c88ad40: Error binding parameter 0 - probably unsupported type.
2025-10-14 20:49:07,153 - ERROR - Error saving order 2acdd5ff-697b-4f70-b69f-7fdaf34f6baa: Error binding parameter 0 - probably unsupported type.
2025-10-14 20:49:07,153 - ERROR - Error saving order dceecf01-029a-4fe2-8b92-70f31fb2e416: Error binding parameter 0 - probably unsupported type.
2025-10-14 20:49:07,153 - ERROR - Error saving order a3e8cde8-04c8-4a4e-ac91-b7fe7588d630: Error binding parameter 0 - probably unsupported type.
2025-10-14 20:49:07,153 - ERROR - Error saving order 4a27ed69-1ac4-40ba-89d8-0410cc3d2548: Error binding parameter 0 - probably unsupported type.
2025-10-14 20:49:07,154 - ERROR - Error saving order e3a83e45-0869-4fbb-a488-39a8455ab6fe: Error binding parameter 0 - probably unsupported type.
2025-10-14 20:49:07,154 - ERROR - Error saving order ba8bd62b-5a7e-4152-8532-a7a45a286866: Error binding parameter 0 - probably unsupported type.
2025-10-14 20:49:07,154 - ERROR - Error saving order 1eda6cec-41d4-4f5d-8046-bfa9eef4c046: Error binding parameter 0 - probably unsupported type.
2025-10-14 20:49:07,154 - ERROR - Error saving order 809236da-d82e-4f4e-a4b1-34b89ccc9fec: Error binding parameter 0 - probably unsupported type.
2025-10-14 20:49:07,154 - ERROR - Error saving order 1363b7f0-ec9d-40d2-9b41-664e94d95415: Error binding parameter 0 - probably unsupported type.
2025-10-14 20:49:07,154 - ERROR - Error saving order ab9f879e-5d57-4e47-a356-9f5744afa3b1: Error binding parameter 0 - probably unsupported type.
2025-10-14 20:49:07,154 - ERROR - Error saving order 2bf4e16b-5fdd-4421-ac3e-c14af473c8d2: Error binding parameter 0 - probably unsupported type.
2025-10-14 20:49:07,154 - ERROR - Error saving order e7ca0faf-e7fb-4cb2-9be4-52994a277803: Error binding parameter 0 - probably unsupported type.
2025-10-14 20:49:07,154 - ERROR - Error saving order d164534e-7c31-4488-a236-878d5114cdbb: Error binding parameter 0 - probably unsupported type.
2025-10-14 20:49:07,154 - ERROR - Error saving order 744f5432-10a5-4668-9bf5-122d2f20e213: Error binding parameter 0 - probably unsupported type.
2025-10-14 20:49:07,154 - ERROR - Error saving order 31445c85-801d-4d38-a815-d2c3475f5add: Error binding parameter 0 - probably unsupported type.
2025-10-14 20:49:07,154 - ERROR - Error saving order 30da4144-982a-4c90-a995-178b8b2b8b1a: Error binding parameter 0 - probably unsupported type.
2025-10-14 20:49:07,154 - ERROR - Error saving order 95d4b009-b286-4427-9f03-7b58149f318d: Error binding parameter 0 - probably unsupported type.
2025-10-14 20:49:07,155 - ERROR - Error saving order 547d8a80-fecb-4540-8425-02245bb4093f: Error binding parameter 0 - probably unsupported type.
2025-10-14 20:49:07,155 - ERROR - Error saving order abd1c39f-c87c-43df-91e9-b9a568de6567: Error binding parameter 0 - probably unsupported type.
2025-10-14 20:49:07,155 - ERROR - Error saving order 65e1c585-f9a2-4949-9768-611c7861c503: Error binding parameter 0 - probably unsupported type.
2025-10-14 20:49:07,155 - ERROR - Error saving order 7374b7d3-c0f6-4189-b62d-aa1eeb347b86: Error binding parameter 0 - probably unsupported type.
2025-10-14 20:49:07,155 - ERROR - Error saving order a6846b58-bc3f-47f1-9da0-ca4d240f1800: Error binding parameter 0 - probably unsupported type.
2025-10-14 20:49:07,155 - ERROR - Error saving order 1a31081f-46b1-413f-b6f6-337290bdbc6d: Error binding parameter 0 - probably unsupported type.
2025-10-14 20:49:07,155 - ERROR - Error saving order 751f34de-bf1a-43bc-831d-c8fd0f337f8e: Error binding parameter 0 - probably unsupported type.
2025-10-14 20:49:07,155 - ERROR - Error saving order a5aced33-a824-4a56-b5e2-b5952b26c9a8: Error binding parameter 0 - probably unsupported type.
2025-10-14 20:49:07,155 - ERROR - Error saving order d28cde2c-48e0-4497-b399-83a0f5515863: Error binding parameter 0 - probably unsupported type.
2025-10-14 20:49:07,155 - ERROR - Error saving order 1348ab5f-5899-4b6a-b18b-b14419b4d9bf: Error binding parameter 0 - probably unsupported type.
2025-10-14 20:49:07,155 - ERROR - Error saving order 68d8c009-6ccc-4681-93f0-e25dc355d7af: Error binding parameter 0 - probably unsupported type.
2025-10-14 20:49:07,155 - ERROR - Error saving order c29c31fb-889d-4d06-9785-febab7f8f0b6: Error binding parameter 0 - probably unsupported type.
2025-10-14 20:49:07,155 - ERROR - Error saving order ff8f449c-4c1e-41a5-bdef-ecc1cc3db32d: Error binding parameter 0 - probably unsupported type.
2025-10-14 20:49:07,156 - ERROR - Error saving order ed809288-c910-464f-80cb-26b89bd8f03a: Error binding parameter 0 - probably unsupported type.
2025-10-14 20:49:07,156 - ERROR - Error saving order ce387a6d-df9b-4da4-abec-26bfc2998c26: Error binding parameter 0 - probably unsupported type.
2025-10-14 20:49:07,156 - ERROR - Error saving order 1df1e7c4-2a49-4305-985a-9274e44a631d: Error binding parameter 0 - probably unsupported type.
2025-10-14 20:49:07,156 - ERROR - Error saving order 969f1841-f84a-434c-9ac6-93a0977368db: Error binding parameter 0 - probably unsupported type.
2025-10-14 20:49:07,156 - ERROR - Error saving order 562d7cd7-302a-4cda-8455-bddc650fccda: Error binding parameter 0 - probably unsupported type.
2025-10-14 20:49:07,156 - ERROR - Error saving order 228918a4-5115-41da-870f-0246511ce85e: Error binding parameter 0 - probably unsupported type.
2025-10-14 20:49:07,156 - ERROR - Error saving order cccbeca3-db93-48e3-90d1-9c5dc6b07d55: Error binding parameter 0 - probably unsupported type.
2025-10-14 20:49:07,156 - ERROR - Error saving order 3ce2dfae-4e98-42d2-879e-b3a78fa16288: Error binding parameter 0 - probably unsupported type.
2025-10-14 20:49:07,156 - ERROR - Error saving order cf5e5f0b-3cc7-499a-a2b1-a5211ae1363b: Error binding parameter 0 - probably unsupported type.
2025-10-14 20:49:07,156 - ERROR - Error saving order da2a5583-7475-42eb-b72d-79083433a811: Error binding parameter 0 - probably unsupported type.
2025-10-14 20:49:07,156 - ERROR - Error saving order de392168-c654-4516-9e9f-c0291206fa5d: Error binding parameter 0 - probably unsupported type.
2025-10-14 20:49:07,156 - ERROR - Error saving order 2b405837-50f4-4518-8718-52fe25ea66fb: Error binding parameter 0 - probably unsupported type.
2025-10-14 20:49:07,156 - ERROR - Error saving order f22c8d65-d6f4-49a4-b7c3-55fa03d8d2aa: Error binding parameter 0 - probably unsupported type.
2025-10-14 20:49:07,157 - ERROR - Error saving order 6bc593de-f28c-4ecf-a609-325571ab0112: Error binding parameter 0 - probably unsupported type.
2025-10-14 20:49:07,157 - ERROR - Error saving order 37e932d2-9ae3-4700-8644-690dc0d11e90: Error binding parameter 0 - probably unsupported type.
2025-10-14 20:49:07,157 - ERROR - Error saving order eefd7af9-43ec-4620-bf17-cb1560abd3bb: Error binding parameter 0 - probably unsupported type.
2025-10-14 20:49:07,157 - ERROR - Error saving order 2eb524c6-27f5-4c5d-9c50-a74e46c32771: Error binding parameter 0 - probably unsupported type.
2025-10-14 20:49:07,157 - ERROR - Error saving order 8c6c02f5-24a3-494f-a03c-81428c8ff018: Error binding parameter 0 - probably unsupported type.
2025-10-14 20:49:07,157 - ERROR - Error saving order fa1a91f8-6c95-4c96-874a-916026fa9704: Error binding parameter 0 - probably unsupported type.
2025-10-14 20:49:07,157 - ERROR - Error saving order 2598e08a-9c56-4ebe-834f-4c75611e2de7: Error binding parameter 0 - probably unsupported type.
2025-10-14 20:49:07,157 - ERROR - Error saving order 5da4dd84-1b2c-4c9b-b2e0-dff2aeb89238: Error binding parameter 0 - probably unsupported type.
2025-10-14 20:49:07,157 - ERROR - Error saving order 2001ff0b-ab9e-4b1e-8126-306645a8ef2d: Error binding parameter 0 - probably unsupported type.
2025-10-14 20:49:07,157 - ERROR - Error saving order 8a71e90d-0d35-469c-8077-9b954096e1f8: Error binding parameter 0 - probably unsupported type.
2025-10-14 20:49:07,157 - ERROR - Error saving order 779ff465-10fe-4ac9-90ac-4c544cff9e70: Error binding parameter 0 - probably unsupported type.
2025-10-14 20:49:07,157 - ERROR - Error saving order 86ea1f30-e6b1-40cf-a2a4-447bf0ef3c60: Error binding parameter 0 - probably unsupported type.
2025-10-14 20:49:07,157 - ERROR - Error saving order e8d8fadb-8a7d-4617-9bce-d8ff6dcb40dc: Error binding parameter 0 - probably unsupported type.
2025-10-14 20:49:07,158 - ERROR - Error saving order 740204cd-3281-4f13-8e58-108fe2f17835: Error binding parameter 0 - probably unsupported type.
2025-10-14 20:49:07,158 - ERROR - Error saving order 2c5afdb4-32a0-445c-9401-632097ef9b27: Error binding parameter 0 - probably unsupported type.
2025-10-14 20:49:07,158 - ERROR - Error saving order fdc528a5-79c8-470f-a725-e00995c87b5a: Error binding parameter 0 - probably unsupported type.
2025-10-14 20:49:07,158 - ERROR - Error saving order deb484bc-fd39-4610-bbda-046d9b10995d: Error binding parameter 0 - probably unsupported type.
2025-10-14 20:49:07,158 - ERROR - Error saving order 694072eb-0def-483d-95ba-bd82e1a412ab: Error binding parameter 0 - probably unsupported type.
2025-10-14 20:49:07,158 - ERROR - Error saving order bab2c752-f1e8-4cd7-ac7e-e3870ceedfbc: Error binding parameter 0 - probably unsupported type.
2025-10-14 20:49:07,158 - ERROR - Error saving order b2671664-3e7d-4d81-8c6e-3c1977b31582: Error binding parameter 0 - probably unsupported type.
2025-10-14 20:49:07,158 - ERROR - Error saving order ad087059-6f28-447a-b187-17be1348a595: Error binding parameter 0 - probably unsupported type.
2025-10-14 20:49:07,158 - ERROR - Error saving order dd6285b9-8890-4b16-8033-b3d0f87ffe95: Error binding parameter 0 - probably unsupported type.
2025-10-14 20:49:07,158 - ERROR - Error saving order 181fb7f8-f873-4229-8342-279519d1eeb4: Error binding parameter 0 - probably unsupported type.
2025-10-14 20:49:07,158 - ERROR - Error saving order b6c53e4c-cb62-461e-8ee3-4c750e962460: Error binding parameter 0 - probably unsupported type.
2025-10-14 20:49:07,158 - ERROR - Error saving order 5eec3a09-0e4e-42f6-8f57-16fc377394f8: Error binding parameter 0 - probably unsupported type.
2025-10-14 20:49:07,158 - ERROR - Error saving order ed3dd4a9-8878-409b-baef-3160dd2cf592: Error binding parameter 0 - probably unsupported type.
2025-10-14 20:49:07,159 - ERROR - Error saving order 21543ea5-01ae-41ff-9ad6-7bc4ebe3519b: Error binding parameter 0 - probably unsupported type.
2025-10-14 20:49:07,159 - ERROR - Error saving order 28f0c6ff-6797-4f0b-81ed-eed6b7010b8b: Error binding parameter 0 - probably unsupported type.
2025-10-14 20:49:07,159 - ERROR - Error saving order a923d969-39c0-43e1-aa4e-85f7178c0b1d: Error binding parameter 0 - probably unsupported type.
2025-10-14 20:49:07,159 - ERROR - Error saving order e8d81778-6ad7-43b0-8837-5b04640d0fc3: Error binding parameter 0 - probably unsupported type.
2025-10-14 20:49:07,159 - ERROR - Error saving order 30057ef3-3aa7-4b5d-b12d-44e9a83d1610: Error binding parameter 0 - probably unsupported type.
2025-10-14 20:49:07,159 - ERROR - Error saving order 8e14bc58-9459-4328-b998-0b468edc272a: Error binding parameter 0 - probably unsupported type.
2025-10-14 20:49:07,159 - ERROR - Error saving order 5592df67-97e6-491b-866b-da47de2aec34: Error binding parameter 0 - probably unsupported type.
2025-10-14 20:49:07,159 - ERROR - Error saving order ce229474-694f-4e8e-b1c5-5106852a746f: Error binding parameter 0 - probably unsupported type.
2025-10-14 20:49:07,159 - ERROR - Error saving order f70058f8-5d2a-436d-9f7b-e530e6580eb6: Error binding parameter 0 - probably unsupported type.
2025-10-14 20:49:07,159 - ERROR - Error saving order a40a4e57-e549-49cf-bd81-c1b573f6d9b0: Error binding parameter 0 - probably unsupported type.
2025-10-14 20:49:07,159 - ERROR - Error saving order e39b2ed4-0251-4cf6-b2e2-3979f71d3513: Error binding parameter 0 - probably unsupported type.
2025-10-14 20:49:07,159 - ERROR - Error saving order 6be778f8-b92e-42a1-a289-4a469704a7cd: Error binding parameter 0 - probably unsupported type.
2025-10-14 20:49:07,159 - ERROR - Error saving order 602b6ce1-4920-458d-b1d4-d5be1d7cd690: Error binding parameter 0 - probably unsupported type.
2025-10-14 20:49:07,160 - ERROR - Error saving order 236b48ee-0c3f-4d08-8730-f9a50dbe3284: Error binding parameter 0 - probably unsupported type.
2025-10-14 20:49:07,160 - ERROR - Error saving order dd2e417f-e099-4d02-9e29-82bd74bfc743: Error binding parameter 0 - probably unsupported type.
2025-10-14 20:49:07,160 - ERROR - Error saving order 4400f2ae-7d83-40ef-afd3-5094949b9106: Error binding parameter 0 - probably unsupported type.
2025-10-14 20:49:07,160 - ERROR - Error saving order 244eb5c3-eb04-4491-a015-3e7a310beb4d: Error binding parameter 0 - probably unsupported type.
2025-10-14 20:49:07,160 - ERROR - Error saving order 1f22c873-c922-4f4c-9572-7d9eb9a556b1: Error binding parameter 0 - probably unsupported type.
2025-10-14 20:49:07,160 - ERROR - Error saving order 499a90bb-f8c4-4831-9c47-2074f63a30ed: Error binding parameter 0 - probably unsupported type.
2025-10-14 20:49:07,160 - ERROR - Error saving order a893568e-fc17-41e4-9fa2-fd0b21a0524b: Error binding parameter 0 - probably unsupported type.
2025-10-14 20:49:07,160 - ERROR - Error saving order c89d8c67-b50f-4ddb-87b7-12dbf467cab9: Error binding parameter 0 - probably unsupported type.
2025-10-14 20:49:07,160 - ERROR - Error saving order 6d1632a7-24d2-476d-b821-b608efa8bc3a: Error binding parameter 0 - probably unsupported type.
2025-10-14 20:49:07,160 - ERROR - Error saving order 2c08acf9-d704-48db-b02e-ac3b368e7f2b: Error binding parameter 0 - probably unsupported type.
2025-10-14 20:49:07,160 - ERROR - Error saving order 7519f61d-4b7f-4a4b-b4b9-3a1e5b7f3076: Error binding parameter 0 - probably unsupported type.
2025-10-14 20:49:07,161 - ERROR - Error saving order fb655f67-a361-489d-98b4-332e910c49fa: Error binding parameter 0 - probably unsupported type.
2025-10-14 20:49:07,161 - ERROR - Error saving order e72b15b8-15ea-4faa-9b94-d2632fb261f6: Error binding parameter 0 - probably unsupported type.
2025-10-14 20:49:07,161 - ERROR - Error saving order 3f880d08-ead9-4a10-9c75-8957143cd5d9: Error binding parameter 0 - probably unsupported type.
2025-10-14 20:49:07,161 - ERROR - Error saving order 8ffb8f43-d08e-4a32-8278-fd3431f93cb3: Error binding parameter 0 - probably unsupported type.
2025-10-14 20:49:07,161 - ERROR - Error saving order 82841fc7-f22b-4ab4-94ab-8f94c40db273: Error binding parameter 0 - probably unsupported type.
2025-10-14 20:49:07,161 - ERROR - Error saving order 7ea08369-d8eb-41c4-9aad-3b46b322df91: Error binding parameter 0 - probably unsupported type.
2025-10-14 20:49:07,161 - ERROR - Error saving order dac73e9e-6e0f-4718-ba76-4db57a254b05: Error binding parameter 0 - probably unsupported type.
2025-10-14 20:49:07,161 - ERROR - Error saving order 7463a515-f795-43ae-b44b-5fdfb5aa4c3c: Error binding parameter 0 - probably unsupported type.
2025-10-14 20:49:07,161 - ERROR - Error saving order 448d4ad9-d365-4ecf-bf8a-f8445ce17525: Error binding parameter 0 - probably unsupported type.
2025-10-14 20:49:07,161 - ERROR - Error saving order ca9d11a3-384a-4a60-9864-5f3ec2da592c: Error binding parameter 0 - probably unsupported type.
2025-10-14 20:49:07,161 - ERROR - Error saving order 36e2de71-ef30-4050-a75d-100602bba80b: Error binding parameter 0 - probably unsupported type.
2025-10-14 20:49:07,161 - ERROR - Error saving order 751c67a5-b14a-43f5-a172-ab1b79834d77: Error binding parameter 0 - probably unsupported type.
2025-10-14 20:49:07,161 - ERROR - Error saving order 29036ab9-a168-4618-87f5-f802aba3c07a: Error binding parameter 0 - probably unsupported type.
2025-10-14 20:49:07,162 - ERROR - Error saving order 86b2a58c-e31c-497d-baae-5782c1f08bde: Error binding parameter 0 - probably unsupported type.
2025-10-14 20:49:07,162 - ERROR - Error saving order e8d21e74-5df7-4fcc-b414-197c185ebe4e: Error binding parameter 0 - probably unsupported type.
2025-10-14 20:49:07,162 - ERROR - Error saving order 29cd900a-61cc-454e-84f2-3faf8ad01361: Error binding parameter 0 - probably unsupported type.
2025-10-14 20:49:07,162 - ERROR - Error saving order bcfc5754-4844-46cb-995d-5b04a94e1d6b: Error binding parameter 0 - probably unsupported type.
2025-10-14 20:49:07,162 - ERROR - Error saving order ffcc76be-e46e-4356-b5e9-26ade016d6f9: Error binding parameter 0 - probably unsupported type.
2025-10-14 20:49:07,162 - ERROR - Error saving order e1e082d3-a793-48e5-81ec-a7a714148ecc: Error binding parameter 0 - probably unsupported type.
2025-10-14 20:49:07,162 - ERROR - Error saving order 1c475e65-91d6-4259-a82a-603d7dc1a7f7: Error binding parameter 0 - probably unsupported type.
2025-10-14 20:49:07,162 - ERROR - Error saving order 420adcad-22fa-4d68-8758-5d0595b1cfd7: Error binding parameter 0 - probably unsupported type.
2025-10-14 20:49:07,162 - ERROR - Error saving order cb0bfee5-cfa5-4146-a246-fe64e1238147: Error binding parameter 0 - probably unsupported type.
2025-10-14 20:49:07,162 - ERROR - Error saving order 38d69be8-be11-4131-80d2-ec2606c029b3: Error binding parameter 0 - probably unsupported type.
2025-10-14 20:49:07,162 - ERROR - Error saving order 38311e31-5fa3-49bb-be5f-4bb548034f67: Error binding parameter 0 - probably unsupported type.
2025-10-14 20:49:07,162 - ERROR - Error saving order 14778bd4-f11c-47c1-84ed-3297ecb66773: Error binding parameter 0 - probably unsupported type.
2025-10-14 20:49:07,163 - ERROR - Error saving order ed9eb9dd-28dc-4d56-bf7e-f72b2b28d46f: Error binding parameter 0 - probably unsupported type.
2025-10-14 20:49:07,163 - ERROR - Error saving order 460507e9-cbfe-4c40-8a83-58b4aadadbc3: Error binding parameter 0 - probably unsupported type.
2025-10-14 20:49:07,163 - ERROR - Error saving order 1e7022f4-d471-472c-9081-658d93ca2f4c: Error binding parameter 0 - probably unsupported type.
2025-10-14 20:49:07,163 - ERROR - Error saving order 602e8184-f1b5-43a6-8519-ed4cd7e46b22: Error binding parameter 0 - probably unsupported type.
2025-10-14 20:49:07,163 - ERROR - Error saving order 30cb25e3-d06f-4a7c-a994-1dcd21d5c36c: Error binding parameter 0 - probably unsupported type.
2025-10-14 20:49:07,163 - ERROR - Error saving order 1d0fb929-e645-4957-9773-727af27b04b7: Error binding parameter 0 - probably unsupported type.
2025-10-14 20:49:07,163 - ERROR - Error saving order 1e7e8879-0bd0-471b-9a2e-41b46c6f20ac: Error binding parameter 0 - probably unsupported type.
2025-10-14 20:49:07,163 - ERROR - Error saving order 68716d0f-7a9b-4629-8fd9-3fadd29cb102: Error binding parameter 0 - probably unsupported type.
2025-10-14 20:49:07,163 - ERROR - Error saving order b739fffa-2260-442a-8122-be3228c6b44a: Error binding parameter 0 - probably unsupported type.
2025-10-14 20:49:07,163 - ERROR - Error saving order bb2877c1-3b91-4a38-b214-63e07566f7a4: Error binding parameter 0 - probably unsupported type.
2025-10-14 20:49:07,163 - ERROR - Error saving order 712037cd-a160-49fb-a745-64ca703254a7: Error binding parameter 0 - probably unsupported type.
2025-10-14 20:49:07,163 - ERROR - Error saving order 91c17e99-6636-4cbf-863f-85ada432fe93: Error binding parameter 0 - probably unsupported type.
2025-10-14 20:49:07,164 - ERROR - Error saving order c41f9be6-6307-4c6a-8f1e-a222e7d76e6e: Error binding parameter 0 - probably unsupported type.
2025-10-14 20:49:07,164 - ERROR - Error saving order bcffa3e5-42b5-4ca2-a66d-74183543da7e: Error binding parameter 0 - probably unsupported type.
2025-10-14 20:49:07,164 - ERROR - Error saving order 7f84cfa8-8623-472e-9860-e3760366e95c: Error binding parameter 0 - probably unsupported type.
2025-10-14 20:49:07,164 - ERROR - Error saving order f6bc6c2c-368c-455a-be56-1ee76752981e: Error binding parameter 0 - probably unsupported type.
2025-10-14 20:49:07,164 - ERROR - Error saving order 499c3d33-e805-4986-8b30-c67893d96210: Error binding parameter 0 - probably unsupported type.
2025-10-14 20:49:07,164 - ERROR - Error saving order c031de65-4891-4f3a-9062-127f2c0a52c6: Error binding parameter 0 - probably unsupported type.
2025-10-14 20:49:07,164 - ERROR - Error saving order 58f8b633-834e-4f3b-9ec3-d36666e21b4f: Error binding parameter 0 - probably unsupported type.
2025-10-14 20:49:07,164 - ERROR - Error saving order 48432c8a-238b-45dc-8170-13c6a3d6cec4: Error binding parameter 0 - probably unsupported type.
2025-10-14 20:49:07,164 - ERROR - Error saving order 32d9ad60-8dec-49a2-b47b-8bb0dd8c6aee: Error binding parameter 0 - probably unsupported type.
2025-10-14 20:49:07,164 - ERROR - Error saving order a5840b75-aee7-4b3a-b4e7-6f290fce02de: Error binding parameter 0 - probably unsupported type.
2025-10-14 20:49:07,164 - ERROR - Error saving order c1eea0cd-4ad5-44a6-b9f4-2c0f4b0e2c66: Error binding parameter 0 - probably unsupported type.
2025-10-14 20:49:07,164 - ERROR - Error saving order 94508ade-8370-4c18-9bbe-bb4bdb1a215a: Error binding parameter 0 - probably unsupported type.
2025-10-14 20:49:07,165 - ERROR - Error saving order 3e9fae2e-7398-4f13-aadb-7c9df3e27e40: Error binding parameter 0 - probably unsupported type.
2025-10-14 20:49:07,165 - ERROR - Error saving order 4df08a61-f5fa-4cf7-8cfe-2f26ca6028ba: Error binding parameter 0 - probably unsupported type.
2025-10-14 20:49:07,165 - ERROR - Error saving order ac96ddf5-2499-48a6-b71a-88568b5fdd44: Error binding parameter 0 - probably unsupported type.
2025-10-14 20:49:07,165 - ERROR - Error saving order 2dee3f49-ce43-4b9d-a676-036c68efc1e9: Error binding parameter 0 - probably unsupported type.
2025-10-14 20:49:07,165 - ERROR - Error saving order 8c8464a6-4940-46a2-ad46-e696c2d8fc49: Error binding parameter 0 - probably unsupported type.
2025-10-14 20:49:07,165 - ERROR - Error saving order 58703537-7f0a-4c45-a209-c0c701f2ba09: Error binding parameter 0 - probably unsupported type.
2025-10-14 20:49:07,165 - ERROR - Error saving order d7a55ffe-6948-4ef1-89b3-b3d891f72cbb: Error binding parameter 0 - probably unsupported type.
2025-10-14 20:49:07,165 - ERROR - Error saving order e5b310c7-393a-4294-8d75-5c47e9581d5b: Error binding parameter 0 - probably unsupported type.
2025-10-14 20:49:07,165 - ERROR - Error saving order cc4b9504-9ed3-480f-9e88-fbbdf2f23bb6: Error binding parameter 0 - probably unsupported type.
2025-10-14 20:49:07,165 - ERROR - Error saving order 9a208591-584b-45de-9114-8205326ec01f: Error binding parameter 0 - probably unsupported type.
2025-10-14 20:49:07,165 - ERROR - Error saving order b7cbff8c-310b-424a-a601-9f5fc48c6299: Error binding parameter 0 - probably unsupported type.
2025-10-14 20:49:07,165 - ERROR - Error saving order ab8902ba-f871-488e-8458-01c4841ffdbd: Error binding parameter 0 - probably unsupported type.
2025-10-14 20:49:07,165 - ERROR - Error saving order 301676d5-8f40-4584-8db8-e3c8443acbe8: Error binding parameter 0 - probably unsupported type.
2025-10-14 20:49:07,166 - ERROR - Error saving order e5cc38d2-8be7-4c33-b746-5da99df896bc: Error binding parameter 0 - probably unsupported type.
2025-10-14 20:49:07,166 - ERROR - Error saving order 126e89e6-2990-46b5-ae5d-29cb15b4f0a3: Error binding parameter 0 - probably unsupported type.
2025-10-14 20:49:07,166 - ERROR - Error saving order 4db579e0-2326-43cc-bdcf-ee644f3c3cb5: Error binding parameter 0 - probably unsupported type.
2025-10-14 20:49:07,166 - ERROR - Error saving order 6886f281-c8d0-4fce-b8be-48b23c800a57: Error binding parameter 0 - probably unsupported type.
2025-10-14 20:49:07,166 - ERROR - Error saving order 9cff0e82-95c4-4ef2-a5e3-966a0c6338ab: Error binding parameter 0 - probably unsupported type.
2025-10-14 20:49:07,166 - ERROR - Error saving order 2cd4178c-25c2-417d-bed9-ac0d7c9d3d92: Error binding parameter 0 - probably unsupported type.
2025-10-14 20:49:07,166 - ERROR - Error saving order d8c93bc0-dd15-4041-8e27-2170bcf686af: Error binding parameter 0 - probably unsupported type.
2025-10-14 20:49:07,166 - ERROR - Error saving order c5a70e3f-2047-46d2-80a1-6cb1aa280b89: Error binding parameter 0 - probably unsupported type.
2025-10-14 20:49:07,166 - ERROR - Error saving order 6e73492a-2e8d-4ffc-8076-ba56daa92c60: Error binding parameter 0 - probably unsupported type.
2025-10-14 20:49:07,166 - ERROR - Error saving order cd12248d-482b-4529-96ad-bbd63ed75310: Error binding parameter 0 - probably unsupported type.
2025-10-14 20:49:07,166 - ERROR - Error saving order e56eaba6-831c-46fd-91cd-5aef6fed9615: Error binding parameter 0 - probably unsupported type.
2025-10-14 20:49:07,166 - ERROR - Error saving order dfc1909e-03f4-479a-a36f-0e0990184caa: Error binding parameter 0 - probably unsupported type.
2025-10-14 20:49:07,167 - ERROR - Error saving order 2e0652d7-f860-4c69-9656-cea41c8ac399: Error binding parameter 0 - probably unsupported type.
2025-10-14 20:49:07,167 - ERROR - Error saving order 1c0ee43e-4bc7-44a8-ac98-d3f1f5fe77e7: Error binding parameter 0 - probably unsupported type.
2025-10-14 20:49:07,167 - ERROR - Error saving order 8d7fddb8-4a91-4ca7-96c4-df4361ebc64b: Error binding parameter 0 - probably unsupported type.
2025-10-14 20:49:07,167 - ERROR - Error saving order cbb06621-fb03-4f92-b0a0-aff9471fb9e7: Error binding parameter 0 - probably unsupported type.
2025-10-14 20:49:07,167 - ERROR - Error saving order f2710107-4cb6-4b5a-9654-bee6c878ec7b: Error binding parameter 0 - probably unsupported type.
2025-10-14 20:49:07,167 - ERROR - Error saving order ebb37aca-8a6d-4488-8675-d0085314a314: Error binding parameter 0 - probably unsupported type.
2025-10-14 20:49:07,167 - ERROR - Error saving order 143d8f28-add7-4df4-8018-913857b33cb2: Error binding parameter 0 - probably unsupported type.
2025-10-14 20:49:07,167 - ERROR - Error saving order a75db811-e2d6-4ce1-93a9-2d788b4c6217: Error binding parameter 0 - probably unsupported type.
2025-10-14 20:49:07,167 - ERROR - Error saving order 2a98a89f-bfff-48ff-a630-14de0deb4ad9: Error binding parameter 0 - probably unsupported type.
2025-10-14 20:49:07,167 - ERROR - Error saving order 4dcb8a3b-c480-4617-a469-9fbcd46d2b9a: Error binding parameter 0 - probably unsupported type.
2025-10-14 20:49:07,167 - ERROR - Error saving order a7506f0c-d8e7-4ba7-a96c-8479a39c45e5: Error binding parameter 0 - probably unsupported type.
2025-10-14 20:49:07,167 - ERROR - Error saving order 906c4ea2-006f-45da-8021-752a927ebe29: Error binding parameter 0 - probably unsupported type.
2025-10-14 20:49:07,167 - ERROR - Error saving order d70d1b86-f1b0-4633-b170-81f402346474: Error binding parameter 0 - probably unsupported type.
2025-10-14 20:49:07,167 - ERROR - Error saving order 1d30017b-44cf-4c5e-b677-cc16ca9a291a: Error binding parameter 0 - probably unsupported type.
2025-10-14 20:49:07,168 - ERROR - Error saving order b004f59a-d84c-48d7-929a-cd1cec937548: Error binding parameter 0 - probably unsupported type.
2025-10-14 20:49:07,168 - ERROR - Error saving order 7f355202-d91f-4072-8966-eb565d09b8ba: Error binding parameter 0 - probably unsupported type.
2025-10-14 20:49:07,168 - ERROR - Error saving order f07f488f-c224-4c20-80ad-8c74d48c00eb: Error binding parameter 0 - probably unsupported type.
2025-10-14 20:49:07,168 - ERROR - Error saving order 2b73821f-cdba-4458-a49b-cdee5a2a5ea6: Error binding parameter 0 - probably unsupported type.
2025-10-14 20:49:07,168 - ERROR - Error saving order bb3046ad-261a-4042-bbe0-e915a4c635fd: Error binding parameter 0 - probably unsupported type.
2025-10-14 20:49:07,168 - ERROR - Error saving order 85d8f234-c858-41b5-9065-50d95cf48c4b: Error binding parameter 0 - probably unsupported type.
2025-10-14 20:49:07,168 - ERROR - Error saving order 8e77bb0c-b2c9-4ad0-a75a-2ff49569515f: Error binding parameter 0 - probably unsupported type.
2025-10-14 20:49:07,168 - ERROR - Error saving order 84f2b468-18d4-4203-a123-9dd3abe3b184: Error binding parameter 0 - probably unsupported type.
2025-10-14 20:49:07,168 - ERROR - Error saving order ed314a69-6282-4aa6-b0f9-1937ca1dc0fd: Error binding parameter 0 - probably unsupported type.
2025-10-14 20:49:07,168 - ERROR - Error saving order 60adfd14-0876-4e40-9416-06bfd4c3d094: Error binding parameter 0 - probably unsupported type.
2025-10-14 20:49:07,168 - ERROR - Error saving order f1f807b3-d6d8-41c9-95de-81dcaa8b0804: Error binding parameter 0 - probably unsupported type.
2025-10-14 20:49:07,168 - ERROR - Error saving order bd89b74b-6638-4081-b08f-0b6ee152ed74: Error binding parameter 0 - probably unsupported type.
2025-10-14 20:49:07,168 - ERROR - Error saving order 285ce67e-55ad-4936-b1ef-db2fb8ff0dcb: Error binding parameter 0 - probably unsupported type.
2025-10-14 20:49:07,169 - ERROR - Error saving order b2abde62-ca4e-4230-8d05-7e8e2c9347cf: Error binding parameter 0 - probably unsupported type.
2025-10-14 20:49:07,169 - ERROR - Error saving order 345eac14-e902-4e88-9034-82bf10923207: Error binding parameter 0 - probably unsupported type.
2025-10-14 20:49:07,169 - ERROR - Error saving order 186b501f-24a4-4cbe-a785-888f8bd22266: Error binding parameter 0 - probably unsupported type.
2025-10-14 20:49:07,169 - ERROR - Error saving order ff62324b-552c-4343-98c1-1fa3e78c0202: Error binding parameter 0 - probably unsupported type.
2025-10-14 20:49:07,169 - ERROR - Error saving order f855d3a8-afa5-45a0-9202-baa0ffa1f975: Error binding parameter 0 - probably unsupported type.
2025-10-14 20:49:07,169 - ERROR - Error saving order 6bb8070b-26c6-493a-98a6-0e2dadcecc20: Error binding parameter 0 - probably unsupported type.
2025-10-14 20:49:07,169 - ERROR - Error saving order 3a5060fe-2bb4-4997-be4c-ceed13d3d510: Error binding parameter 0 - probably unsupported type.
2025-10-14 20:49:07,169 - ERROR - Error saving order faf00a44-1e52-4ee6-85bf-1b72f715fca8: Error binding parameter 0 - probably unsupported type.
2025-10-14 20:49:07,169 - ERROR - Error saving order e2f881b2-7138-42fe-8095-6c078b782217: Error binding parameter 0 - probably unsupported type.
2025-10-14 20:49:07,169 - ERROR - Error saving order a9f42da9-9f1d-43fd-bea0-2b3e6361cfc5: Error binding parameter 0 - probably unsupported type.
2025-10-14 20:49:07,169 - ERROR - Error saving order 6adbcd74-60c3-4bdc-aa0d-cba89d4e6acc: Error binding parameter 0 - probably unsupported type.
2025-10-14 20:49:07,169 - ERROR - Error saving order 3d8a8fb0-bd51-4fbb-a630-01ca2f8efd01: Error binding parameter 0 - probably unsupported type.
2025-10-14 20:49:07,169 - ERROR - Error saving order 394474d5-39a4-4a38-8e56-e86c6f18483f: Error binding parameter 0 - probably unsupported type.
2025-10-14 20:49:07,169 - ERROR - Error saving order 7dedf243-0ceb-49e9-a402-ffda8279bcae: Error binding parameter 0 - probably unsupported type.
2025-10-14 20:49:07,170 - ERROR - Error saving order 70bd4b13-0adf-47cf-a74c-26de4b9e93c8: Error binding parameter 0 - probably unsupported type.
2025-10-14 20:49:07,170 - ERROR - Error saving order d6a36d72-689c-48fd-86ce-d77abc7f2325: Error binding parameter 0 - probably unsupported type.
2025-10-14 20:49:07,170 - ERROR - Error saving order 7d580a5e-ddbf-4e2b-9771-64c4798f1e2f: Error binding parameter 0 - probably unsupported type.
2025-10-14 20:49:07,170 - ERROR - Error saving order 575df0ca-135b-4387-b1c7-de660f2a325e: Error binding parameter 0 - probably unsupported type.
2025-10-14 20:49:07,170 - ERROR - Error saving order f96698ed-ff8d-40b5-aae3-49fd04448cb5: Error binding parameter 0 - probably unsupported type.
2025-10-14 20:49:07,170 - ERROR - Error saving order 1e38e866-74a3-4996-a673-6351155494b4: Error binding parameter 0 - probably unsupported type.
2025-10-14 20:49:07,170 - ERROR - Error saving order cc29a83d-dfdc-46c3-a912-4b3578290b61: Error binding parameter 0 - probably unsupported type.
2025-10-14 20:49:07,170 - ERROR - Error saving order a8624858-c267-4c4c-946f-ef1142f91e3f: Error binding parameter 0 - probably unsupported type.
2025-10-14 20:49:07,170 - ERROR - Error saving order 2166f36f-2fdd-43c5-a421-10580c55a5b7: Error binding parameter 0 - probably unsupported type.
2025-10-14 20:49:07,170 - ERROR - Error saving order 66954fdf-b575-4966-9563-e20634586c12: Error binding parameter 0 - probably unsupported type.
2025-10-14 20:49:07,170 - ERROR - Error saving order 5a99be54-0cc4-429b-891c-db39e45cafea: Error binding parameter 0 - probably unsupported type.
2025-10-14 20:49:07,170 - ERROR - Error saving order 4e068dcd-1ebd-4dd0-96b4-00f47d38308d: Error binding parameter 0 - probably unsupported type.
2025-10-14 20:49:07,170 - ERROR - Error saving order f46aa7bf-d506-4441-9aa4-5f813f49c7da: Error binding parameter 0 - probably unsupported type.
2025-10-14 20:49:07,170 - ERROR - Error saving order 5c8f98aa-4082-43d2-ba58-178219521687: Error binding parameter 0 - probably unsupported type.
2025-10-14 20:49:07,171 - ERROR - Error saving order ba14564b-c14a-490d-b2d0-449524684db0: Error binding parameter 0 - probably unsupported type.
2025-10-14 20:49:07,171 - ERROR - Error saving order 5e3d8d1c-0e3f-47f6-9d11-1eebb935fb0c: Error binding parameter 0 - probably unsupported type.
2025-10-14 20:49:07,171 - ERROR - Error saving order bd6219da-b23a-4b9b-9e43-667edcdd75f6: Error binding parameter 0 - probably unsupported type.
2025-10-14 20:49:07,171 - ERROR - Error saving order 7eb06012-e86f-418d-8341-457abed831d3: Error binding parameter 0 - probably unsupported type.
2025-10-14 20:49:07,171 - ERROR - Error saving order bcc84fd8-128d-4251-a614-375ca7df875f: Error binding parameter 0 - probably unsupported type.
2025-10-14 20:49:07,171 - ERROR - Error saving order 9a546a56-8427-43d9-9dbe-cc9b812c7931: Error binding parameter 0 - probably unsupported type.
2025-10-14 20:49:07,171 - ERROR - Error saving order 70467608-1693-4940-bed8-a4160b7c62fa: Error binding parameter 0 - probably unsupported type.
2025-10-14 20:49:07,171 - ERROR - Error saving order 414bf1f3-559a-4f00-8dbd-6a060e939b77: Error binding parameter 0 - probably unsupported type.
2025-10-14 20:49:07,171 - ERROR - Error saving order 957fc556-ab25-4d8f-80ee-a0366565839f: Error binding parameter 0 - probably unsupported type.
2025-10-14 20:49:07,171 - ERROR - Error saving order b5a60948-0382-4b61-9598-eefea4c557c2: Error binding parameter 0 - probably unsupported type.
2025-10-14 20:49:07,171 - ERROR - Error saving order 82db39ed-0ebb-4ae5-ac5c-d4ddd4ecb97f: Error binding parameter 0 - probably unsupported type.
2025-10-14 20:49:07,171 - ERROR - Error saving order a90dcb4e-0cd4-4205-8939-e02da1cb00af: Error binding parameter 0 - probably unsupported type.
2025-10-14 20:49:07,171 - ERROR - Error saving order 462f344f-d76c-4dcb-9e02-c311491f7806: Error binding parameter 0 - probably unsupported type.
2025-10-14 20:49:07,171 - ERROR - Error saving order 5588b8aa-9e58-41a3-bf49-e09bede24427: Error binding parameter 0 - probably unsupported type.
2025-10-14 20:49:07,172 - ERROR - Error saving order bc65fa8a-a7c6-45d1-b7d8-9b52981fe7ae: Error binding parameter 0 - probably unsupported type.
2025-10-14 20:49:07,172 - ERROR - Error saving order 45eaa0a0-2196-4b2e-925f-1943ef51bcd5: Error binding parameter 0 - probably unsupported type.
2025-10-14 20:49:07,172 - ERROR - Error saving order 92afb072-493f-4ff5-9c25-ac1d05ca46b0: Error binding parameter 0 - probably unsupported type.
2025-10-14 20:49:07,172 - ERROR - Error saving order 35118b36-ade0-4273-9d9f-afba8dab0967: Error binding parameter 0 - probably unsupported type.
2025-10-14 20:49:07,172 - ERROR - Error saving order 9d0d1a4f-6032-4102-8c89-bcd722395ce3: Error binding parameter 0 - probably unsupported type.
2025-10-14 20:49:07,172 - ERROR - Error saving order 153857ff-6a8f-457f-8320-d1fd3e79f740: Error binding parameter 0 - probably unsupported type.
2025-10-14 20:49:07,172 - ERROR - Error saving order dcc4af2e-3481-4373-b107-9ff2fda3215d: Error binding parameter 0 - probably unsupported type.
2025-10-14 20:49:07,172 - ERROR - Error saving order 450a2329-8bfb-4385-be5a-44ae6280e633: Error binding parameter 0 - probably unsupported type.
2025-10-14 20:49:07,172 - ERROR - Error saving order 57f67d3c-14af-47ee-8b89-379c50a625ae: Error binding parameter 0 - probably unsupported type.
2025-10-14 20:49:07,172 - ERROR - Error saving order fb708b72-e319-4d63-9688-349f4ce9e417: Error binding parameter 0 - probably unsupported type.
2025-10-14 20:49:07,172 - ERROR - Error saving order ff4f7785-b74f-48c4-8702-95215745d82b: Error binding parameter 0 - probably unsupported type.
2025-10-14 20:49:07,172 - ERROR - Error saving order 93fcf792-5b06-4aa9-910d-933643bcb4b5: Error binding parameter 0 - probably unsupported type.
2025-10-14 20:49:07,172 - ERROR - Error saving order 46afafa9-982b-4274-9fc7-205ede5fedf8: Error binding parameter 0 - probably unsupported type.
2025-10-14 20:49:07,172 - ERROR - Error saving order 7e0ecb20-be4e-4b27-8635-69b5b44a37e4: Error binding parameter 0 - probably unsupported type.
2025-10-14 20:49:07,172 - ERROR - Error saving order 7af4cbbc-56b3-41e2-bd88-5552673e5ade: Error binding parameter 0 - probably unsupported type.
2025-10-14 20:49:07,173 - ERROR - Error saving order f5c1f1fe-ec69-407d-9cc1-21515685146d: Error binding parameter 0 - probably unsupported type.
2025-10-14 20:49:07,173 - ERROR - Error saving order b844a79b-5054-4ba0-bcf2-e8d173727c70: Error binding parameter 0 - probably unsupported type.
2025-10-14 20:49:07,173 - ERROR - Error saving order d685f7ea-f86c-4c5e-939e-7c09f9e5db38: Error binding parameter 0 - probably unsupported type.
2025-10-14 20:49:07,173 - ERROR - Error saving order 58cf7014-1c4e-4737-beed-beb5d4397dc9: Error binding parameter 0 - probably unsupported type.
2025-10-14 20:49:07,173 - ERROR - Error saving order 9b365048-cd39-49e1-9fb3-737497b16ee8: Error binding parameter 0 - probably unsupported type.
2025-10-14 20:49:07,173 - ERROR - Error saving order b96e2d07-cbd9-4de2-b164-f287fc011bd5: Error binding parameter 0 - probably unsupported type.
2025-10-14 20:49:07,173 - ERROR - Error saving order 937d724f-e842-4363-af39-ec216b7d55b8: Error binding parameter 0 - probably unsupported type.
2025-10-14 20:49:07,173 - ERROR - Error saving order accc291b-5651-406d-9008-422453f4f225: Error binding parameter 0 - probably unsupported type.
2025-10-14 20:49:07,173 - ERROR - Error saving order c3b7e5ef-6beb-49e7-80e9-d05b7b0a8e96: Error binding parameter 0 - probably unsupported type.
2025-10-14 20:49:07,173 - ERROR - Error saving order 64bd6f8e-2ca6-4d66-a765-35a77d21460d: Error binding parameter 0 - probably unsupported type.
2025-10-14 20:49:07,173 - ERROR - Error saving order 52ef4a92-c9e2-459c-bbc0-a37ab75a6f2c: Error binding parameter 0 - probably unsupported type.
2025-10-14 20:49:07,173 - ERROR - Error saving order b5c8d6d8-96b9-4ae6-adfa-f4bad79f980d: Error binding parameter 0 - probably unsupported type.
2025-10-14 20:49:07,173 - INFO - Saved 0 new orders, skipped 0 existing orders
2025-10-14 20:49:07,174 - INFO - Download completed: 0 new trades saved, 0 existing trades skipped
2025-10-14 20:49:07,177 - INFO - Alpaca client initialized successfully
2025-10-14 20:49:07,178 - INFO - Trades database initialized
2025-10-14 20:49:07,178 - INFO - Date range: 2025-10-07 to 2025-10-14
2025-10-14 20:49:07,178 - INFO - Fetching orders from Alpaca API...
2025-10-14 20:49:07,977 - INFO - Successfully fetched 500 orders
2025-10-14 20:49:07,978 - ERROR - Error saving order 53117c64-dc8f-4dd1-a500-7e0e4668dea0: Error binding parameter 0 - probably unsupported type.
2025-10-14 20:49:07,978 - ERROR - Error saving order 788de4ef-4c37-42b0-b642-59b2c2273be5: Error binding parameter 0 - probably unsupported type.
2025-10-14 20:49:07,979 - ERROR - Error saving order f37df24c-00f4-466b-a37f-a564172688b0: Error binding parameter 0 - probably unsupported type.
2025-10-14 20:49:07,979 - ERROR - Error saving order f3eb1ad1-74c7-49c5-a4b8-41da694586fd: Error binding parameter 0 - probably unsupported type.
2025-10-14 20:49:07,979 - ERROR - Error saving order fcc77b75-9c7f-4d8c-9df1-47f97ed4f592: Error binding parameter 0 - probably unsupported type.
2025-10-14 20:49:07,979 - ERROR - Error saving order b5730ecb-c061-498e-9af4-3b30e10e48ef: Error binding parameter 0 - probably unsupported type.
2025-10-14 20:49:07,979 - ERROR - Error saving order 7b6d0874-e7b9-4464-b1c0-fb3f37189728: Error binding parameter 0 - probably unsupported type.
2025-10-14 20:49:07,979 - ERROR - Error saving order cc3a078d-f28d-4d00-b5c1-c4cc40380f0b: Error binding parameter 0 - probably unsupported type.
2025-10-14 20:49:07,979 - ERROR - Error saving order e43dfb6b-4e33-4786-9598-1446da548825: Error binding parameter 0 - probably unsupported type.
2025-10-14 20:49:07,979 - ERROR - Error saving order a396a98f-f3a1-47b3-8a11-f50f9d3789f8: Error binding parameter 0 - probably unsupported type.
2025-10-14 20:49:07,979 - ERROR - Error saving order 63eab8c6-13a5-4dea-b284-04c52952d2c8: Error binding parameter 0 - probably unsupported type.
2025-10-14 20:49:07,979 - ERROR - Error saving order 9fefb12e-4b08-49db-9895-a5fd90c3c9e9: Error binding parameter 0 - probably unsupported type.
2025-10-14 20:49:07,980 - ERROR - Error saving order b01de547-fcba-4ab1-803c-71e1cded5d78: Error binding parameter 0 - probably unsupported type.
2025-10-14 20:49:07,980 - ERROR - Error saving order 1227f48a-ade1-424e-8d94-a92b8182a589: Error binding parameter 0 - probably unsupported type.
2025-10-14 20:49:07,980 - ERROR - Error saving order 24af4e5a-e7f2-43e9-8c19-a1f79b1a078d: Error binding parameter 0 - probably unsupported type.
2025-10-14 20:49:07,980 - ERROR - Error saving order 13561897-e744-4116-ad17-d335aaa36113: Error binding parameter 0 - probably unsupported type.
2025-10-14 20:49:07,980 - ERROR - Error saving order 6f5eb5b6-719c-45c6-a4dd-fa0fff5f6fb2: Error binding parameter 0 - probably unsupported type.
2025-10-14 20:49:07,980 - ERROR - Error saving order 2fa1d559-9792-410b-8d9e-d73ea6ac5c36: Error binding parameter 0 - probably unsupported type.
2025-10-14 20:49:07,980 - ERROR - Error saving order cf13dafe-3955-498f-b27a-6f6a211e7600: Error binding parameter 0 - probably unsupported type.
2025-10-14 20:49:07,980 - ERROR - Error saving order c42e41ca-383a-4f76-8017-c5a25e42a103: Error binding parameter 0 - probably unsupported type.
2025-10-14 20:49:07,980 - ERROR - Error saving order 94acb76a-0e41-48f5-a103-34544ec8e9d6: Error binding parameter 0 - probably unsupported type.
2025-10-14 20:49:07,980 - ERROR - Error saving order d5c1acab-1e27-4e97-8dc6-8c58ad4b5d6b: Error binding parameter 0 - probably unsupported type.
2025-10-14 20:49:07,980 - ERROR - Error saving order b5a4bfad-f852-4018-8c00-75809c7e8a28: Error binding parameter 0 - probably unsupported type.
2025-10-14 20:49:07,981 - ERROR - Error saving order 571c57a0-1667-4d6d-a93e-582766d6b0bf: Error binding parameter 0 - probably unsupported type.
2025-10-14 20:49:07,981 - ERROR - Error saving order cbee228f-3086-4869-82a1-fe30893245a8: Error binding parameter 0 - probably unsupported type.
2025-10-14 20:49:07,981 - ERROR - Error saving order 62ad1102-3e87-41c1-b278-80252e6de914: Error binding parameter 0 - probably unsupported type.
2025-10-14 20:49:07,981 - ERROR - Error saving order fc116308-b865-41fa-95ea-1d9efc8aa4b8: Error binding parameter 0 - probably unsupported type.
2025-10-14 20:49:07,981 - ERROR - Error saving order 6ed9aaf5-afd3-405e-bf8b-8321cdcb9161: Error binding parameter 0 - probably unsupported type.
2025-10-14 20:49:07,981 - ERROR - Error saving order 59e12756-e7d7-42e3-91e5-2cb46eaabc0f: Error binding parameter 0 - probably unsupported type.
2025-10-14 20:49:07,981 - ERROR - Error saving order ee21ad8a-95c4-499d-9052-46d7e79eff85: Error binding parameter 0 - probably unsupported type.
2025-10-14 20:49:07,981 - ERROR - Error saving order 7d9502e4-f5f5-4a32-93a2-c5435234d1db: Error binding parameter 0 - probably unsupported type.
2025-10-14 20:49:07,981 - ERROR - Error saving order c3c26ba2-d606-4197-942e-b7f258c3fccb: Error binding parameter 0 - probably unsupported type.
2025-10-14 20:49:07,981 - ERROR - Error saving order 8014c23e-1cc9-4f26-a600-d78c4f6d6870: Error binding parameter 0 - probably unsupported type.
2025-10-14 20:49:07,982 - ERROR - Error saving order f2f1c387-d193-4c32-a6f8-e7a3c5fda08a: Error binding parameter 0 - probably unsupported type.
2025-10-14 20:49:07,982 - ERROR - Error saving order bde56bf4-1cca-4c4e-9ac6-fb69113fd579: Error binding parameter 0 - probably unsupported type.
2025-10-14 20:49:07,982 - ERROR - Error saving order b1679122-b628-45d4-aba3-47f4866bf9c7: Error binding parameter 0 - probably unsupported type.
2025-10-14 20:49:07,982 - ERROR - Error saving order 8eb88605-5694-4c52-ab07-342dc121e192: Error binding parameter 0 - probably unsupported type.
2025-10-14 20:49:07,982 - ERROR - Error saving order 89a6f0e2-b63f-45fe-96c0-7ec5c14987da: Error binding parameter 0 - probably unsupported type.
2025-10-14 20:49:07,982 - ERROR - Error saving order c3d13d9f-c9e0-4108-a8e2-b13a5a864e74: Error binding parameter 0 - probably unsupported type.
2025-10-14 20:49:07,982 - ERROR - Error saving order a253f9a6-df11-4c42-a5fa-297f7ace3bdd: Error binding parameter 0 - probably unsupported type.
2025-10-14 20:49:07,982 - ERROR - Error saving order d2077fb3-81aa-40d5-bc83-c6ae750e0344: Error binding parameter 0 - probably unsupported type.
2025-10-14 20:49:07,982 - ERROR - Error saving order d4c82670-389b-4d34-a1ab-d8bdaa3ae40b: Error binding parameter 0 - probably unsupported type.
2025-10-14 20:49:07,982 - ERROR - Error saving order 1478857b-8ec7-46e7-9cb4-8b64e1e6c0dc: Error binding parameter 0 - probably unsupported type.
2025-10-14 20:49:07,982 - ERROR - Error saving order ab4dcabf-e83c-4db0-91c5-f3ed19c422b4: Error binding parameter 0 - probably unsupported type.
2025-10-14 20:49:07,983 - ERROR - Error saving order 85eeb366-e499-4eee-acd6-fa9beb398388: Error binding parameter 0 - probably unsupported type.
2025-10-14 20:49:07,983 - ERROR - Error saving order 86550f2e-d250-4642-878d-d9d9fd23d861: Error binding parameter 0 - probably unsupported type.
2025-10-14 20:49:07,983 - ERROR - Error saving order 8a051985-297f-4550-914a-a586dff3f380: Error binding parameter 0 - probably unsupported type.
2025-10-14 20:49:07,983 - ERROR - Error saving order 9dd38042-40a0-4a8e-aa33-3a53210b4bfc: Error binding parameter 0 - probably unsupported type.
2025-10-14 20:49:07,983 - ERROR - Error saving order 99d54ce0-55f5-4e63-946f-ead29211b98b: Error binding parameter 0 - probably unsupported type.
2025-10-14 20:49:07,983 - ERROR - Error saving order 9a24533c-ed43-45c3-afff-3500db7243d2: Error binding parameter 0 - probably unsupported type.
2025-10-14 20:49:07,983 - ERROR - Error saving order ffd7bb9d-adbd-4141-bc1b-0745fbc23d39: Error binding parameter 0 - probably unsupported type.
2025-10-14 20:49:07,983 - ERROR - Error saving order 5f48c36c-7940-42b0-ab7a-63386876b232: Error binding parameter 0 - probably unsupported type.
2025-10-14 20:49:07,983 - ERROR - Error saving order 1fc0cf1f-a7fc-473c-9cd0-d267902a6328: Error binding parameter 0 - probably unsupported type.
2025-10-14 20:49:07,983 - ERROR - Error saving order 499f6f1e-fede-44b9-8fe9-7c18f7713b06: Error binding parameter 0 - probably unsupported type.
2025-10-14 20:49:07,984 - ERROR - Error saving order 8b1c59f5-0290-4197-9803-0c8c93b5548b: Error binding parameter 0 - probably unsupported type.
2025-10-14 20:49:07,984 - ERROR - Error saving order 41b1d36f-9908-4bd7-b543-9ccffaaa8301: Error binding parameter 0 - probably unsupported type.
2025-10-14 20:49:07,984 - ERROR - Error saving order 5ae6ce7f-852d-49cd-b522-67e1bdab047c: Error binding parameter 0 - probably unsupported type.
2025-10-14 20:49:07,984 - ERROR - Error saving order 7edfe914-706d-497e-9e79-944f442528ad: Error binding parameter 0 - probably unsupported type.
2025-10-14 20:49:07,984 - ERROR - Error saving order b9de3dd2-64d7-4cee-82bb-43c55932f85e: Error binding parameter 0 - probably unsupported type.
2025-10-14 20:49:07,984 - ERROR - Error saving order d4109fb8-877a-4a74-b56f-7683dc1a4a5e: Error binding parameter 0 - probably unsupported type.
2025-10-14 20:49:07,984 - ERROR - Error saving order a28019be-9cc8-491c-b40f-86c00d021a1b: Error binding parameter 0 - probably unsupported type.
2025-10-14 20:49:07,984 - ERROR - Error saving order 504a3859-ac57-49b4-a5f4-ebb3552cd1aa: Error binding parameter 0 - probably unsupported type.
2025-10-14 20:49:07,984 - ERROR - Error saving order 13b7d128-caf1-4ae8-afa7-5940ff20a7a3: Error binding parameter 0 - probably unsupported type.
2025-10-14 20:49:07,984 - ERROR - Error saving order 2a23acf7-73da-4be6-899a-73a07239e150: Error binding parameter 0 - probably unsupported type.
2025-10-14 20:49:07,984 - ERROR - Error saving order 29e25444-e430-435c-b2ee-160483ac015c: Error binding parameter 0 - probably unsupported type.
2025-10-14 20:49:07,985 - ERROR - Error saving order 7ad36fb8-118b-43ec-b3f4-5155ed521036: Error binding parameter 0 - probably unsupported type.
2025-10-14 20:49:07,985 - ERROR - Error saving order 212587ee-a3ad-4a31-bc0e-dbf674442bc2: Error binding parameter 0 - probably unsupported type.
2025-10-14 20:49:07,985 - ERROR - Error saving order 43f47c0f-159d-43ab-b31e-e6965bd343d0: Error binding parameter 0 - probably unsupported type.
2025-10-14 20:49:07,985 - ERROR - Error saving order a92951cf-1dec-4a1e-85f8-47bcdc9e4476: Error binding parameter 0 - probably unsupported type.
2025-10-14 20:49:07,985 - ERROR - Error saving order 592938b8-227b-4ef6-814e-32605c73b516: Error binding parameter 0 - probably unsupported type.
2025-10-14 20:49:07,985 - ERROR - Error saving order e0006871-4119-46a8-9adf-e2b92245ced1: Error binding parameter 0 - probably unsupported type.
2025-10-14 20:49:07,985 - ERROR - Error saving order 143ac497-f0ba-424d-8f00-a2bc69f77e5f: Error binding parameter 0 - probably unsupported type.
2025-10-14 20:49:07,985 - ERROR - Error saving order 1199dac3-47a4-41f3-b9c5-22c7d06f8619: Error binding parameter 0 - probably unsupported type.
2025-10-14 20:49:07,985 - ERROR - Error saving order 58cfc0f7-791a-489c-ae0b-b3fd026596c8: Error binding parameter 0 - probably unsupported type.
2025-10-14 20:49:07,985 - ERROR - Error saving order ba380cd2-5532-408a-96b3-8481569b98f8: Error binding parameter 0 - probably unsupported type.
2025-10-14 20:49:07,986 - ERROR - Error saving order 7a857044-147c-4f6e-9889-dbab18227176: Error binding parameter 0 - probably unsupported type.
2025-10-14 20:49:07,986 - ERROR - Error saving order 6d448096-2768-4cb1-a078-953c70aad702: Error binding parameter 0 - probably unsupported type.
2025-10-14 20:49:07,986 - ERROR - Error saving order fc6383e2-937f-4f33-b3fe-1c7a1f6c7195: Error binding parameter 0 - probably unsupported type.
2025-10-14 20:49:07,986 - ERROR - Error saving order 1c50c23b-7582-4436-9856-697ccc66c93f: Error binding parameter 0 - probably unsupported type.
2025-10-14 20:49:07,986 - ERROR - Error saving order 3e54e751-b361-44e7-b7bb-a09e46247ef3: Error binding parameter 0 - probably unsupported type.
2025-10-14 20:49:07,986 - ERROR - Error saving order 4b35b2bc-9c3a-4c1c-bf40-b6efbd8c0453: Error binding parameter 0 - probably unsupported type.
2025-10-14 20:49:07,986 - ERROR - Error saving order a437fdd5-54c2-41e1-aebd-678b3c9d994f: Error binding parameter 0 - probably unsupported type.
2025-10-14 20:49:07,986 - ERROR - Error saving order b589c350-9c4a-4f8d-a8a8-67c360e5c41b: Error binding parameter 0 - probably unsupported type.
2025-10-14 20:49:07,986 - ERROR - Error saving order 2d3409b7-e7d6-4a2a-a2fc-116c1eb9502f: Error binding parameter 0 - probably unsupported type.
2025-10-14 20:49:07,986 - ERROR - Error saving order 7a7b950e-c3c3-45e9-8b27-6357efe06540: Error binding parameter 0 - probably unsupported type.
2025-10-14 20:49:07,986 - ERROR - Error saving order b75b7d84-9321-46d4-8ca0-31abf3c73871: Error binding parameter 0 - probably unsupported type.
2025-10-14 20:49:07,987 - ERROR - Error saving order f51aa16a-49de-4c5a-aef9-322ae742308b: Error binding parameter 0 - probably unsupported type.
2025-10-14 20:49:07,987 - ERROR - Error saving order 3862e822-dd87-49c5-bdcb-b52a9b684cbe: Error binding parameter 0 - probably unsupported type.
2025-10-14 20:49:07,987 - ERROR - Error saving order 211de28e-577a-4c06-b7fa-87f30dce2447: Error binding parameter 0 - probably unsupported type.
2025-10-14 20:49:07,987 - ERROR - Error saving order 913fcd14-3d92-4744-9a35-15cc771c8305: Error binding parameter 0 - probably unsupported type.
2025-10-14 20:49:07,987 - ERROR - Error saving order 7795e0b6-f9e8-49ca-b7e9-e0587ec940fb: Error binding parameter 0 - probably unsupported type.
2025-10-14 20:49:07,987 - ERROR - Error saving order eb296d88-ba5b-49aa-bc60-7378b61de638: Error binding parameter 0 - probably unsupported type.
2025-10-14 20:49:07,987 - ERROR - Error saving order 68f93a67-fbad-4c90-831c-6512ff163c45: Error binding parameter 0 - probably unsupported type.
2025-10-14 20:49:07,987 - ERROR - Error saving order 62b61184-44bf-4ec3-992a-964f21f0621b: Error binding parameter 0 - probably unsupported type.
2025-10-14 20:49:07,987 - ERROR - Error saving order 1950b5a2-41c2-430a-b13d-4401b5df196c: Error binding parameter 0 - probably unsupported type.
2025-10-14 20:49:07,987 - ERROR - Error saving order 95e81642-4732-4be6-bf64-48a120106ea3: Error binding parameter 0 - probably unsupported type.
2025-10-14 20:49:07,988 - ERROR - Error saving order bb8990cb-a21c-4f02-9874-43b2f4cd81f8: Error binding parameter 0 - probably unsupported type.
2025-10-14 20:49:07,988 - ERROR - Error saving order cbfb130c-d466-4e00-9636-92ed8526b861: Error binding parameter 0 - probably unsupported type.
2025-10-14 20:49:07,988 - ERROR - Error saving order f121c7b6-6c36-471c-8911-7cca5026d0a5: Error binding parameter 0 - probably unsupported type.
2025-10-14 20:49:07,988 - ERROR - Error saving order 53431455-1182-454d-9ada-6401fa9721c6: Error binding parameter 0 - probably unsupported type.
2025-10-14 20:49:07,988 - ERROR - Error saving order 761a442d-8572-4b3b-adfb-9b8992038b65: Error binding parameter 0 - probably unsupported type.
2025-10-14 20:49:07,988 - ERROR - Error saving order 20922ae9-a6d0-43aa-8e43-95e39c75d808: Error binding parameter 0 - probably unsupported type.
2025-10-14 20:49:07,988 - ERROR - Error saving order 63a423b8-4a85-4b2f-8f93-5f1bfc19eadc: Error binding parameter 0 - probably unsupported type.
2025-10-14 20:49:07,988 - ERROR - Error saving order b0bd9631-4cd5-404a-b1a3-3bd95dc4679b: Error binding parameter 0 - probably unsupported type.
2025-10-14 20:49:07,988 - ERROR - Error saving order 16fd29a5-f63d-4ec6-9858-896b959ffb7c: Error binding parameter 0 - probably unsupported type.
2025-10-14 20:49:07,988 - ERROR - Error saving order 5638e2f8-8523-48d0-8575-62e0bb31a897: Error binding parameter 0 - probably unsupported type.
2025-10-14 20:49:07,988 - ERROR - Error saving order aa48f460-4796-4587-bda8-d993d7abc0a9: Error binding parameter 0 - probably unsupported type.
2025-10-14 20:49:07,989 - ERROR - Error saving order ecd1d2b1-d087-4273-8b94-c2715d5d637a: Error binding parameter 0 - probably unsupported type.
2025-10-14 20:49:07,989 - ERROR - Error saving order c747229f-960f-436c-b77e-2a861789b176: Error binding parameter 0 - probably unsupported type.
2025-10-14 20:49:07,989 - ERROR - Error saving order 4381234c-4e7f-4da8-a01b-f980352ba454: Error binding parameter 0 - probably unsupported type.
2025-10-14 20:49:07,989 - ERROR - Error saving order c1889508-5f7d-4cc3-9556-6028428642a8: Error binding parameter 0 - probably unsupported type.
2025-10-14 20:49:07,989 - ERROR - Error saving order b4835af3-ae1d-4d55-8810-a50aaa8209f4: Error binding parameter 0 - probably unsupported type.
2025-10-14 20:49:07,989 - ERROR - Error saving order ba316385-86ff-4069-8cfd-aa7f94447976: Error binding parameter 0 - probably unsupported type.
2025-10-14 20:49:07,989 - ERROR - Error saving order 405d3902-edd2-4446-8935-963cd1e70071: Error binding parameter 0 - probably unsupported type.
2025-10-14 20:49:07,989 - ERROR - Error saving order 4b185dbc-f4bb-477a-ab37-9fa543ce499f: Error binding parameter 0 - probably unsupported type.
2025-10-14 20:49:07,989 - ERROR - Error saving order 4dac3165-5d0d-470b-ba2e-72d0d780933c: Error binding parameter 0 - probably unsupported type.
2025-10-14 20:49:07,989 - ERROR - Error saving order e53ea354-2e2a-48db-96dc-fdaa83853dc3: Error binding parameter 0 - probably unsupported type.
2025-10-14 20:49:07,990 - ERROR - Error saving order ff589f1a-173b-444d-b1bb-208696419e94: Error binding parameter 0 - probably unsupported type.
2025-10-14 20:49:07,990 - ERROR - Error saving order 82697024-f10e-4470-a35d-fedf3ce6362d: Error binding parameter 0 - probably unsupported type.
2025-10-14 20:49:07,990 - ERROR - Error saving order fa795e33-70bc-4907-976a-b08da3e661d0: Error binding parameter 0 - probably unsupported type.
2025-10-14 20:49:07,990 - ERROR - Error saving order 61009bd5-e296-4edb-a5c3-131389683e2a: Error binding parameter 0 - probably unsupported type.
2025-10-14 20:49:07,990 - ERROR - Error saving order f034e6ce-964d-43a8-9504-c1798be53d94: Error binding parameter 0 - probably unsupported type.
2025-10-14 20:49:07,990 - ERROR - Error saving order 5ef66670-ac72-4d8b-b05f-2298cfc3f4b4: Error binding parameter 0 - probably unsupported type.
2025-10-14 20:49:07,990 - ERROR - Error saving order b5aea7b3-7956-4202-a0fa-4529ec95ed96: Error binding parameter 0 - probably unsupported type.
2025-10-14 20:49:07,990 - ERROR - Error saving order 12f9d6e3-33e0-4150-993d-15022620db1e: Error binding parameter 0 - probably unsupported type.
2025-10-14 20:49:07,990 - ERROR - Error saving order c019de03-6dda-4c5c-a5f4-9d49c1544822: Error binding parameter 0 - probably unsupported type.
2025-10-14 20:49:07,990 - ERROR - Error saving order f45b2b14-1057-4857-8b8e-df1cfa42675a: Error binding parameter 0 - probably unsupported type.
2025-10-14 20:49:07,990 - ERROR - Error saving order 5685d518-fdf7-4a3e-855e-03e0fb8d4724: Error binding parameter 0 - probably unsupported type.
2025-10-14 20:49:07,991 - ERROR - Error saving order ee9209a8-adcc-4251-b2c5-3221371e7d95: Error binding parameter 0 - probably unsupported type.
2025-10-14 20:49:07,991 - ERROR - Error saving order 5eb5962e-73d2-42ff-a725-f4b3e4c3a6cc: Error binding parameter 0 - probably unsupported type.
2025-10-14 20:49:07,991 - ERROR - Error saving order c5d8dbe3-648b-4c25-9163-c391b2dc9e42: Error binding parameter 0 - probably unsupported type.
2025-10-14 20:49:07,991 - ERROR - Error saving order 7b1d5e89-3178-4366-9170-c63a06b6fbb2: Error binding parameter 0 - probably unsupported type.
2025-10-14 20:49:07,991 - ERROR - Error saving order 8a6ab426-5756-400b-b203-c43da90aaf45: Error binding parameter 0 - probably unsupported type.
2025-10-14 20:49:07,991 - ERROR - Error saving order e08cd1ea-cb7f-4382-b4ff-3c3e1dbffa13: Error binding parameter 0 - probably unsupported type.
2025-10-14 20:49:07,991 - ERROR - Error saving order ae06f8e0-bed7-4daf-84d1-d9932df9ab95: Error binding parameter 0 - probably unsupported type.
2025-10-14 20:49:07,991 - ERROR - Error saving order 75c35d0a-c1fe-4e07-9875-d757e44f1362: Error binding parameter 0 - probably unsupported type.
2025-10-14 20:49:07,991 - ERROR - Error saving order 86d06fb9-d1bd-411b-ae9b-d2898fd9025a: Error binding parameter 0 - probably unsupported type.
2025-10-14 20:49:07,991 - ERROR - Error saving order f52feb59-9a00-4e99-a2a8-f4b279953561: Error binding parameter 0 - probably unsupported type.
2025-10-14 20:49:07,992 - ERROR - Error saving order a5bfaadf-6197-471c-8ab1-d87311c0a316: Error binding parameter 0 - probably unsupported type.
2025-10-14 20:49:07,992 - ERROR - Error saving order e0a8e06b-109d-45b8-b3f7-417e93a1f777: Error binding parameter 0 - probably unsupported type.
2025-10-14 20:49:07,992 - ERROR - Error saving order 7251f27c-1085-4b2d-a477-f530e7676763: Error binding parameter 0 - probably unsupported type.
2025-10-14 20:49:07,992 - ERROR - Error saving order a7ef52df-f1ce-4411-8096-53b35a079bea: Error binding parameter 0 - probably unsupported type.
2025-10-14 20:49:07,992 - ERROR - Error saving order 5e086858-ef95-4bc0-8561-cbeed0fc49bd: Error binding parameter 0 - probably unsupported type.
2025-10-14 20:49:07,992 - ERROR - Error saving order bb3aba14-a07a-427d-8974-829044c40abc: Error binding parameter 0 - probably unsupported type.
2025-10-14 20:49:07,992 - ERROR - Error saving order 697ce1ec-2faa-477f-8e5f-368f1177ae94: Error binding parameter 0 - probably unsupported type.
2025-10-14 20:49:07,992 - ERROR - Error saving order 664efee2-3985-46e6-b451-3901c8bb2b78: Error binding parameter 0 - probably unsupported type.
2025-10-14 20:49:07,992 - ERROR - Error saving order cef64a91-91a4-4208-b912-f8943ca5c02b: Error binding parameter 0 - probably unsupported type.
2025-10-14 20:49:07,992 - ERROR - Error saving order f19b0e4a-6c7c-4917-8752-5170bb947197: Error binding parameter 0 - probably unsupported type.
2025-10-14 20:49:07,992 - ERROR - Error saving order 4d5d38a3-88bf-4dc7-af40-2cb0e182cfe9: Error binding parameter 0 - probably unsupported type.
2025-10-14 20:49:07,993 - ERROR - Error saving order 6deb2904-4d5b-4599-a099-4a7671ff812b: Error binding parameter 0 - probably unsupported type.
2025-10-14 20:49:07,993 - ERROR - Error saving order d4f50e82-3fa1-4b02-bc7c-71f4f2d82809: Error binding parameter 0 - probably unsupported type.
2025-10-14 20:49:07,993 - ERROR - Error saving order de02101c-18e2-40b0-92b5-baf764390512: Error binding parameter 0 - probably unsupported type.
2025-10-14 20:49:07,993 - ERROR - Error saving order 95c0f2bb-3383-4ff1-aa3e-f0a30898e3b6: Error binding parameter 0 - probably unsupported type.
2025-10-14 20:49:07,993 - ERROR - Error saving order d09bdf53-0251-4b5a-9a85-0201359f09f6: Error binding parameter 0 - probably unsupported type.
2025-10-14 20:49:07,993 - ERROR - Error saving order f97b08ee-cab2-4fb3-a8fa-6aec589d030d: Error binding parameter 0 - probably unsupported type.
2025-10-14 20:49:07,993 - ERROR - Error saving order 5e548b02-7608-40a3-ab1f-270ea20c8a64: Error binding parameter 0 - probably unsupported type.
2025-10-14 20:49:07,993 - ERROR - Error saving order 43edaa83-5650-4611-989b-c7a35ce5a2f7: Error binding parameter 0 - probably unsupported type.
2025-10-14 20:49:07,993 - ERROR - Error saving order 906ed739-0f3b-43b3-8543-58c83a197ff7: Error binding parameter 0 - probably unsupported type.
2025-10-14 20:49:07,993 - ERROR - Error saving order 5ed66066-a344-4e9a-8dd7-161bd1be941b: Error binding parameter 0 - probably unsupported type.
2025-10-14 20:49:07,993 - ERROR - Error saving order 10ebd068-faa4-40db-9e99-afb18bd8f72c: Error binding parameter 0 - probably unsupported type.
2025-10-14 20:49:07,994 - ERROR - Error saving order efb1a510-17e6-49ec-b5fc-ec8d3779844e: Error binding parameter 0 - probably unsupported type.
2025-10-14 20:49:07,994 - ERROR - Error saving order 7b817bcb-eda4-4723-90e9-8ea2065193af: Error binding parameter 0 - probably unsupported type.
2025-10-14 20:49:07,994 - ERROR - Error saving order 40729d9e-d481-4914-a2e4-40ca5fbeb52b: Error binding parameter 0 - probably unsupported type.
2025-10-14 20:49:07,994 - ERROR - Error saving order ed8be679-7faf-4d62-92e6-477337a4ee22: Error binding parameter 0 - probably unsupported type.
2025-10-14 20:49:07,994 - ERROR - Error saving order 509eeb78-0528-4920-9160-f2bf1ba0b78a: Error binding parameter 0 - probably unsupported type.
2025-10-14 20:49:07,994 - ERROR - Error saving order 6c7bf251-f46e-40a2-8768-5b2f0b4c73eb: Error binding parameter 0 - probably unsupported type.
2025-10-14 20:49:07,994 - ERROR - Error saving order 80727c3f-9d91-460c-9efd-f68e07ec68bb: Error binding parameter 0 - probably unsupported type.
2025-10-14 20:49:07,994 - ERROR - Error saving order ea634b8a-85e1-41f8-a495-48a74e07d169: Error binding parameter 0 - probably unsupported type.
2025-10-14 20:49:07,994 - ERROR - Error saving order 1873869a-6494-4f16-8292-d012d30735c0: Error binding parameter 0 - probably unsupported type.
2025-10-14 20:49:07,994 - ERROR - Error saving order d64f659b-24e4-4dfb-a35e-61601020eee2: Error binding parameter 0 - probably unsupported type.
2025-10-14 20:49:07,994 - ERROR - Error saving order 8ab3f86a-4d7e-47bc-b502-ac92e34751a1: Error binding parameter 0 - probably unsupported type.
2025-10-14 20:49:07,995 - ERROR - Error saving order 34d75bd1-a04b-4d4c-bd35-afe61ae04318: Error binding parameter 0 - probably unsupported type.
2025-10-14 20:49:07,995 - ERROR - Error saving order 138c357c-1772-4f39-90ac-206716a2715a: Error binding parameter 0 - probably unsupported type.
2025-10-14 20:49:07,995 - ERROR - Error saving order 74c9c977-ec63-40be-954b-8de146f74efc: Error binding parameter 0 - probably unsupported type.
2025-10-14 20:49:07,995 - ERROR - Error saving order 61d65e21-bbb9-4da3-a9e6-daa094ebf400: Error binding parameter 0 - probably unsupported type.
2025-10-14 20:49:07,995 - ERROR - Error saving order 21f1a92a-0cab-4860-9df2-5ced067792c4: Error binding parameter 0 - probably unsupported type.
2025-10-14 20:49:07,995 - ERROR - Error saving order bccdd4a6-bfad-48f0-ab2e-7e76ec7a7974: Error binding parameter 0 - probably unsupported type.
2025-10-14 20:49:07,995 - ERROR - Error saving order abd7888b-99cc-41c9-a3f4-0b74a8393628: Error binding parameter 0 - probably unsupported type.
2025-10-14 20:49:07,995 - ERROR - Error saving order 797aa6b5-33c0-4f78-8b46-99d2c98ffe95: Error binding parameter 0 - probably unsupported type.
2025-10-14 20:49:07,995 - ERROR - Error saving order 5e325e59-009f-4fd2-872d-5c755b2dd415: Error binding parameter 0 - probably unsupported type.
2025-10-14 20:49:07,995 - ERROR - Error saving order 40232aa3-334b-442d-be6c-e1befb9985d7: Error binding parameter 0 - probably unsupported type.
2025-10-14 20:49:07,996 - ERROR - Error saving order 517b3eea-0132-49ba-8425-55204ff2155d: Error binding parameter 0 - probably unsupported type.
2025-10-14 20:49:07,996 - ERROR - Error saving order 9a6a5c21-5846-4388-9d55-6cf33ad477ce: Error binding parameter 0 - probably unsupported type.
2025-10-14 20:49:07,996 - ERROR - Error saving order d77291d9-7a66-4a7f-9307-1b34dbee3c72: Error binding parameter 0 - probably unsupported type.
2025-10-14 20:49:07,996 - ERROR - Error saving order 2b345a52-5133-4e54-ad9a-e590080a108c: Error binding parameter 0 - probably unsupported type.
2025-10-14 20:49:07,996 - ERROR - Error saving order e32b97d3-bb7e-40cb-9b6d-9c16db1f1618: Error binding parameter 0 - probably unsupported type.
2025-10-14 20:49:07,996 - ERROR - Error saving order 50e3e975-65f7-46a6-af34-79127984a51f: Error binding parameter 0 - probably unsupported type.
2025-10-14 20:49:07,996 - ERROR - Error saving order df53e703-0517-4848-ae54-960d09dc5aef: Error binding parameter 0 - probably unsupported type.
2025-10-14 20:49:07,996 - ERROR - Error saving order e8f2cf8b-804c-45df-acd7-7528231b65be: Error binding parameter 0 - probably unsupported type.
2025-10-14 20:49:07,996 - ERROR - Error saving order bbfbb3a6-6408-4ee2-ad1e-9a6a27288fc5: Error binding parameter 0 - probably unsupported type.
2025-10-14 20:49:07,996 - ERROR - Error saving order 2028f68c-da12-4c6a-ad5c-3302e7c981b0: Error binding parameter 0 - probably unsupported type.
2025-10-14 20:49:07,996 - ERROR - Error saving order e3700954-85e0-4451-84b4-c977fae50450: Error binding parameter 0 - probably unsupported type.
2025-10-14 20:49:07,996 - ERROR - Error saving order da67c5e6-a198-4036-a2bc-bc3998b677ea: Error binding parameter 0 - probably unsupported type.
2025-10-14 20:49:07,997 - ERROR - Error saving order 6ea3646f-471f-4ced-97ec-2ee37e8de70f: Error binding parameter 0 - probably unsupported type.
2025-10-14 20:49:07,997 - ERROR - Error saving order 63537f65-b77e-4d5f-b060-24ccf2542f9d: Error binding parameter 0 - probably unsupported type.
2025-10-14 20:49:07,997 - ERROR - Error saving order e63920e3-a400-4d6b-88aa-9008c70a1980: Error binding parameter 0 - probably unsupported type.
2025-10-14 20:49:07,997 - ERROR - Error saving order d470a1c8-c83e-4614-94cc-a4f222eafe6c: Error binding parameter 0 - probably unsupported type.
2025-10-14 20:49:07,997 - ERROR - Error saving order 467af2ac-b54c-4aa8-9caa-f254c5c74646: Error binding parameter 0 - probably unsupported type.
2025-10-14 20:49:07,997 - ERROR - Error saving order 4385fd50-b635-4692-8b91-42560c4a1e11: Error binding parameter 0 - probably unsupported type.
2025-10-14 20:49:07,997 - ERROR - Error saving order 35c13a58-54ae-403f-974c-6515b769f4c8: Error binding parameter 0 - probably unsupported type.
2025-10-14 20:49:07,997 - ERROR - Error saving order 6b84f556-2dee-4f73-adb6-0f6822b0386f: Error binding parameter 0 - probably unsupported type.
2025-10-14 20:49:07,997 - ERROR - Error saving order 5c9d1d6d-1a12-47bf-88df-414a3acd2ad2: Error binding parameter 0 - probably unsupported type.
2025-10-14 20:49:07,997 - ERROR - Error saving order 88c100e7-cd35-43c0-89d0-e9ad4dfccaab: Error binding parameter 0 - probably unsupported type.
2025-10-14 20:49:07,997 - ERROR - Error saving order dfedfe78-5f2d-4782-85ee-b111b3aa4f47: Error binding parameter 0 - probably unsupported type.
2025-10-14 20:49:07,998 - ERROR - Error saving order f31f947a-70a7-4a7d-baa1-c41b8a8b22ec: Error binding parameter 0 - probably unsupported type.
2025-10-14 20:49:07,998 - ERROR - Error saving order 9435abea-206b-4b9a-9177-b2914b00eb0d: Error binding parameter 0 - probably unsupported type.
2025-10-14 20:49:07,998 - ERROR - Error saving order 3f661989-6a86-49fb-9093-d484b2bb020a: Error binding parameter 0 - probably unsupported type.
2025-10-14 20:49:07,998 - ERROR - Error saving order e37e1da9-bf07-4aed-a744-f9169a3c2f5e: Error binding parameter 0 - probably unsupported type.
2025-10-14 20:49:07,998 - ERROR - Error saving order edca2d1b-e32b-4b0c-98b8-89210d7da3ce: Error binding parameter 0 - probably unsupported type.
2025-10-14 20:49:07,998 - ERROR - Error saving order 8ae40da2-4a7b-4084-850a-f9bdbf677eec: Error binding parameter 0 - probably unsupported type.
2025-10-14 20:49:07,998 - ERROR - Error saving order 8dd42c3b-bcd8-42a3-a73e-ddd1a7007c63: Error binding parameter 0 - probably unsupported type.
2025-10-14 20:49:07,998 - ERROR - Error saving order 5addf9ad-33bc-47d2-8f93-4a0f76b71016: Error binding parameter 0 - probably unsupported type.
2025-10-14 20:49:07,998 - ERROR - Error saving order 2f513012-e0cc-453b-8729-2448717ab6b2: Error binding parameter 0 - probably unsupported type.
2025-10-14 20:49:07,998 - ERROR - Error saving order 162835f4-78c0-4d1c-8897-040759e61be6: Error binding parameter 0 - probably unsupported type.
2025-10-14 20:49:07,998 - ERROR - Error saving order f329fe87-025e-472c-b735-0fdd1a0a7a9d: Error binding parameter 0 - probably unsupported type.
2025-10-14 20:49:07,998 - ERROR - Error saving order 786e873a-0e75-416b-a815-299594fb7d44: Error binding parameter 0 - probably unsupported type.
2025-10-14 20:49:07,999 - ERROR - Error saving order 83d6a041-531d-4c56-a8b8-64a2133b0a32: Error binding parameter 0 - probably unsupported type.
2025-10-14 20:49:07,999 - ERROR - Error saving order 6b23768e-8913-4927-96a7-c759d2717c50: Error binding parameter 0 - probably unsupported type.
2025-10-14 20:49:07,999 - ERROR - Error saving order 8cef3f95-d9f9-4d1c-8569-3a412c8b0ced: Error binding parameter 0 - probably unsupported type.
2025-10-14 20:49:07,999 - ERROR - Error saving order 3311ca9d-6103-48e8-9e49-8f77a24b3f50: Error binding parameter 0 - probably unsupported type.
2025-10-14 20:49:07,999 - ERROR - Error saving order d336c8a9-55ac-4e0e-9a5e-eeb4477db64b: Error binding parameter 0 - probably unsupported type.
2025-10-14 20:49:07,999 - ERROR - Error saving order 64b7258f-9199-41f1-816c-184239505f13: Error binding parameter 0 - probably unsupported type.
2025-10-14 20:49:07,999 - ERROR - Error saving order bca46218-c2b2-42d7-82aa-f9610864d19b: Error binding parameter 0 - probably unsupported type.
2025-10-14 20:49:07,999 - ERROR - Error saving order 3b1abada-fdc8-44b8-9522-48ba1bb6d68c: Error binding parameter 0 - probably unsupported type.
2025-10-14 20:49:07,999 - ERROR - Error saving order 2048afba-38bc-4b31-9fcf-69cc64545816: Error binding parameter 0 - probably unsupported type.
2025-10-14 20:49:07,999 - ERROR - Error saving order 161f79b4-8ad5-4f3a-9582-0fbb632c69bc: Error binding parameter 0 - probably unsupported type.
2025-10-14 20:49:07,999 - ERROR - Error saving order 25a969b4-f0ef-4f31-8e84-e745d24f9ea0: Error binding parameter 0 - probably unsupported type.
2025-10-14 20:49:07,999 - ERROR - Error saving order cabc8edb-040a-4b45-84af-55e766b5f262: Error binding parameter 0 - probably unsupported type.
2025-10-14 20:49:08,000 - ERROR - Error saving order 401d7e4e-09bd-4d6c-897d-6cd5278c1a7c: Error binding parameter 0 - probably unsupported type.
2025-10-14 20:49:08,000 - ERROR - Error saving order 9bd455de-a8ab-454a-b52e-79d430fbacfb: Error binding parameter 0 - probably unsupported type.
2025-10-14 20:49:08,000 - ERROR - Error saving order 636526a1-baaf-4e59-94f5-43a263ab3bc4: Error binding parameter 0 - probably unsupported type.
2025-10-14 20:49:08,000 - ERROR - Error saving order ef7702b8-c52b-4c9c-bb95-95c5b28efce8: Error binding parameter 0 - probably unsupported type.
2025-10-14 20:49:08,000 - ERROR - Error saving order 29edf12f-10ab-4166-874d-69bc489d08fb: Error binding parameter 0 - probably unsupported type.
2025-10-14 20:49:08,000 - ERROR - Error saving order d32a8b39-ade3-439a-a28b-bce7d3ebe1ca: Error binding parameter 0 - probably unsupported type.
2025-10-14 20:49:08,000 - ERROR - Error saving order a803c2b6-5bec-4462-91e0-bec4ece68622: Error binding parameter 0 - probably unsupported type.
2025-10-14 20:49:08,000 - ERROR - Error saving order b30ddcd0-b22b-461c-9757-f929180885fc: Error binding parameter 0 - probably unsupported type.
2025-10-14 20:49:08,000 - ERROR - Error saving order 866eb326-e6a3-4c9d-8327-1b948c88ad40: Error binding parameter 0 - probably unsupported type.
2025-10-14 20:49:08,000 - ERROR - Error saving order 2acdd5ff-697b-4f70-b69f-7fdaf34f6baa: Error binding parameter 0 - probably unsupported type.
2025-10-14 20:49:08,000 - ERROR - Error saving order dceecf01-029a-4fe2-8b92-70f31fb2e416: Error binding parameter 0 - probably unsupported type.
2025-10-14 20:49:08,000 - ERROR - Error saving order a3e8cde8-04c8-4a4e-ac91-b7fe7588d630: Error binding parameter 0 - probably unsupported type.
2025-10-14 20:49:08,000 - ERROR - Error saving order 4a27ed69-1ac4-40ba-89d8-0410cc3d2548: Error binding parameter 0 - probably unsupported type.
2025-10-14 20:49:08,001 - ERROR - Error saving order e3a83e45-0869-4fbb-a488-39a8455ab6fe: Error binding parameter 0 - probably unsupported type.
2025-10-14 20:49:08,001 - ERROR - Error saving order ba8bd62b-5a7e-4152-8532-a7a45a286866: Error binding parameter 0 - probably unsupported type.
2025-10-14 20:49:08,001 - ERROR - Error saving order 1eda6cec-41d4-4f5d-8046-bfa9eef4c046: Error binding parameter 0 - probably unsupported type.
2025-10-14 20:49:08,001 - ERROR - Error saving order 809236da-d82e-4f4e-a4b1-34b89ccc9fec: Error binding parameter 0 - probably unsupported type.
2025-10-14 20:49:08,001 - ERROR - Error saving order 1363b7f0-ec9d-40d2-9b41-664e94d95415: Error binding parameter 0 - probably unsupported type.
2025-10-14 20:49:08,001 - ERROR - Error saving order ab9f879e-5d57-4e47-a356-9f5744afa3b1: Error binding parameter 0 - probably unsupported type.
2025-10-14 20:49:08,001 - ERROR - Error saving order 2bf4e16b-5fdd-4421-ac3e-c14af473c8d2: Error binding parameter 0 - probably unsupported type.
2025-10-14 20:49:08,001 - ERROR - Error saving order e7ca0faf-e7fb-4cb2-9be4-52994a277803: Error binding parameter 0 - probably unsupported type.
2025-10-14 20:49:08,001 - ERROR - Error saving order d164534e-7c31-4488-a236-878d5114cdbb: Error binding parameter 0 - probably unsupported type.
2025-10-14 20:49:08,001 - ERROR - Error saving order 744f5432-10a5-4668-9bf5-122d2f20e213: Error binding parameter 0 - probably unsupported type.
2025-10-14 20:49:08,001 - ERROR - Error saving order 31445c85-801d-4d38-a815-d2c3475f5add: Error binding parameter 0 - probably unsupported type.
2025-10-14 20:49:08,001 - ERROR - Error saving order 30da4144-982a-4c90-a995-178b8b2b8b1a: Error binding parameter 0 - probably unsupported type.
2025-10-14 20:49:08,002 - ERROR - Error saving order 95d4b009-b286-4427-9f03-7b58149f318d: Error binding parameter 0 - probably unsupported type.
2025-10-14 20:49:08,002 - ERROR - Error saving order 547d8a80-fecb-4540-8425-02245bb4093f: Error binding parameter 0 - probably unsupported type.
2025-10-14 20:49:08,002 - ERROR - Error saving order abd1c39f-c87c-43df-91e9-b9a568de6567: Error binding parameter 0 - probably unsupported type.
2025-10-14 20:49:08,002 - ERROR - Error saving order 65e1c585-f9a2-4949-9768-611c7861c503: Error binding parameter 0 - probably unsupported type.
2025-10-14 20:49:08,002 - ERROR - Error saving order 7374b7d3-c0f6-4189-b62d-aa1eeb347b86: Error binding parameter 0 - probably unsupported type.
2025-10-14 20:49:08,002 - ERROR - Error saving order a6846b58-bc3f-47f1-9da0-ca4d240f1800: Error binding parameter 0 - probably unsupported type.
2025-10-14 20:49:08,002 - ERROR - Error saving order 1a31081f-46b1-413f-b6f6-337290bdbc6d: Error binding parameter 0 - probably unsupported type.
2025-10-14 20:49:08,002 - ERROR - Error saving order 751f34de-bf1a-43bc-831d-c8fd0f337f8e: Error binding parameter 0 - probably unsupported type.
2025-10-14 20:49:08,002 - ERROR - Error saving order a5aced33-a824-4a56-b5e2-b5952b26c9a8: Error binding parameter 0 - probably unsupported type.
2025-10-14 20:49:08,002 - ERROR - Error saving order d28cde2c-48e0-4497-b399-83a0f5515863: Error binding parameter 0 - probably unsupported type.
2025-10-14 20:49:08,002 - ERROR - Error saving order 1348ab5f-5899-4b6a-b18b-b14419b4d9bf: Error binding parameter 0 - probably unsupported type.
2025-10-14 20:49:08,002 - ERROR - Error saving order 68d8c009-6ccc-4681-93f0-e25dc355d7af: Error binding parameter 0 - probably unsupported type.
2025-10-14 20:49:08,002 - ERROR - Error saving order c29c31fb-889d-4d06-9785-febab7f8f0b6: Error binding parameter 0 - probably unsupported type.
2025-10-14 20:49:08,003 - ERROR - Error saving order ff8f449c-4c1e-41a5-bdef-ecc1cc3db32d: Error binding parameter 0 - probably unsupported type.
2025-10-14 20:49:08,003 - ERROR - Error saving order ed809288-c910-464f-80cb-26b89bd8f03a: Error binding parameter 0 - probably unsupported type.
2025-10-14 20:49:08,003 - ERROR - Error saving order ce387a6d-df9b-4da4-abec-26bfc2998c26: Error binding parameter 0 - probably unsupported type.
2025-10-14 20:49:08,003 - ERROR - Error saving order 1df1e7c4-2a49-4305-985a-9274e44a631d: Error binding parameter 0 - probably unsupported type.
2025-10-14 20:49:08,003 - ERROR - Error saving order 969f1841-f84a-434c-9ac6-93a0977368db: Error binding parameter 0 - probably unsupported type.
2025-10-14 20:49:08,003 - ERROR - Error saving order 562d7cd7-302a-4cda-8455-bddc650fccda: Error binding parameter 0 - probably unsupported type.
2025-10-14 20:49:08,003 - ERROR - Error saving order 228918a4-5115-41da-870f-0246511ce85e: Error binding parameter 0 - probably unsupported type.
2025-10-14 20:49:08,003 - ERROR - Error saving order cccbeca3-db93-48e3-90d1-9c5dc6b07d55: Error binding parameter 0 - probably unsupported type.
2025-10-14 20:49:08,003 - ERROR - Error saving order 3ce2dfae-4e98-42d2-879e-b3a78fa16288: Error binding parameter 0 - probably unsupported type.
2025-10-14 20:49:08,003 - ERROR - Error saving order cf5e5f0b-3cc7-499a-a2b1-a5211ae1363b: Error binding parameter 0 - probably unsupported type.
2025-10-14 20:49:08,003 - ERROR - Error saving order da2a5583-7475-42eb-b72d-79083433a811: Error binding parameter 0 - probably unsupported type.
2025-10-14 20:49:08,003 - ERROR - Error saving order de392168-c654-4516-9e9f-c0291206fa5d: Error binding parameter 0 - probably unsupported type.
2025-10-14 20:49:08,004 - ERROR - Error saving order 2b405837-50f4-4518-8718-52fe25ea66fb: Error binding parameter 0 - probably unsupported type.
2025-10-14 20:49:08,004 - ERROR - Error saving order f22c8d65-d6f4-49a4-b7c3-55fa03d8d2aa: Error binding parameter 0 - probably unsupported type.
2025-10-14 20:49:08,004 - ERROR - Error saving order 6bc593de-f28c-4ecf-a609-325571ab0112: Error binding parameter 0 - probably unsupported type.
2025-10-14 20:49:08,004 - ERROR - Error saving order 37e932d2-9ae3-4700-8644-690dc0d11e90: Error binding parameter 0 - probably unsupported type.
2025-10-14 20:49:08,004 - ERROR - Error saving order eefd7af9-43ec-4620-bf17-cb1560abd3bb: Error binding parameter 0 - probably unsupported type.
2025-10-14 20:49:08,004 - ERROR - Error saving order 2eb524c6-27f5-4c5d-9c50-a74e46c32771: Error binding parameter 0 - probably unsupported type.
2025-10-14 20:49:08,004 - ERROR - Error saving order 8c6c02f5-24a3-494f-a03c-81428c8ff018: Error binding parameter 0 - probably unsupported type.
2025-10-14 20:49:08,004 - ERROR - Error saving order fa1a91f8-6c95-4c96-874a-916026fa9704: Error binding parameter 0 - probably unsupported type.
2025-10-14 20:49:08,004 - ERROR - Error saving order 2598e08a-9c56-4ebe-834f-4c75611e2de7: Error binding parameter 0 - probably unsupported type.
2025-10-14 20:49:08,004 - ERROR - Error saving order 5da4dd84-1b2c-4c9b-b2e0-dff2aeb89238: Error binding parameter 0 - probably unsupported type.
2025-10-14 20:49:08,004 - ERROR - Error saving order 2001ff0b-ab9e-4b1e-8126-306645a8ef2d: Error binding parameter 0 - probably unsupported type.
2025-10-14 20:49:08,004 - ERROR - Error saving order 8a71e90d-0d35-469c-8077-9b954096e1f8: Error binding parameter 0 - probably unsupported type.
2025-10-14 20:49:08,004 - ERROR - Error saving order 779ff465-10fe-4ac9-90ac-4c544cff9e70: Error binding parameter 0 - probably unsupported type.
2025-10-14 20:49:08,005 - ERROR - Error saving order 86ea1f30-e6b1-40cf-a2a4-447bf0ef3c60: Error binding parameter 0 - probably unsupported type.
2025-10-14 20:49:08,005 - ERROR - Error saving order e8d8fadb-8a7d-4617-9bce-d8ff6dcb40dc: Error binding parameter 0 - probably unsupported type.
2025-10-14 20:49:08,005 - ERROR - Error saving order 740204cd-3281-4f13-8e58-108fe2f17835: Error binding parameter 0 - probably unsupported type.
2025-10-14 20:49:08,005 - ERROR - Error saving order 2c5afdb4-32a0-445c-9401-632097ef9b27: Error binding parameter 0 - probably unsupported type.
2025-10-14 20:49:08,005 - ERROR - Error saving order fdc528a5-79c8-470f-a725-e00995c87b5a: Error binding parameter 0 - probably unsupported type.
2025-10-14 20:49:08,005 - ERROR - Error saving order deb484bc-fd39-4610-bbda-046d9b10995d: Error binding parameter 0 - probably unsupported type.
2025-10-14 20:49:08,005 - ERROR - Error saving order 694072eb-0def-483d-95ba-bd82e1a412ab: Error binding parameter 0 - probably unsupported type.
2025-10-14 20:49:08,005 - ERROR - Error saving order bab2c752-f1e8-4cd7-ac7e-e3870ceedfbc: Error binding parameter 0 - probably unsupported type.
2025-10-14 20:49:08,005 - ERROR - Error saving order b2671664-3e7d-4d81-8c6e-3c1977b31582: Error binding parameter 0 - probably unsupported type.
2025-10-14 20:49:08,005 - ERROR - Error saving order ad087059-6f28-447a-b187-17be1348a595: Error binding parameter 0 - probably unsupported type.
2025-10-14 20:49:08,005 - ERROR - Error saving order dd6285b9-8890-4b16-8033-b3d0f87ffe95: Error binding parameter 0 - probably unsupported type.
2025-10-14 20:49:08,005 - ERROR - Error saving order 181fb7f8-f873-4229-8342-279519d1eeb4: Error binding parameter 0 - probably unsupported type.
2025-10-14 20:49:08,006 - ERROR - Error saving order b6c53e4c-cb62-461e-8ee3-4c750e962460: Error binding parameter 0 - probably unsupported type.
2025-10-14 20:49:08,006 - ERROR - Error saving order 5eec3a09-0e4e-42f6-8f57-16fc377394f8: Error binding parameter 0 - probably unsupported type.
2025-10-14 20:49:08,006 - ERROR - Error saving order ed3dd4a9-8878-409b-baef-3160dd2cf592: Error binding parameter 0 - probably unsupported type.
2025-10-14 20:49:08,006 - ERROR - Error saving order 21543ea5-01ae-41ff-9ad6-7bc4ebe3519b: Error binding parameter 0 - probably unsupported type.
2025-10-14 20:49:08,006 - ERROR - Error saving order 28f0c6ff-6797-4f0b-81ed-eed6b7010b8b: Error binding parameter 0 - probably unsupported type.
2025-10-14 20:49:08,006 - ERROR - Error saving order a923d969-39c0-43e1-aa4e-85f7178c0b1d: Error binding parameter 0 - probably unsupported type.
2025-10-14 20:49:08,006 - ERROR - Error saving order e8d81778-6ad7-43b0-8837-5b04640d0fc3: Error binding parameter 0 - probably unsupported type.
2025-10-14 20:49:08,006 - ERROR - Error saving order 30057ef3-3aa7-4b5d-b12d-44e9a83d1610: Error binding parameter 0 - probably unsupported type.
2025-10-14 20:49:08,006 - ERROR - Error saving order 8e14bc58-9459-4328-b998-0b468edc272a: Error binding parameter 0 - probably unsupported type.
2025-10-14 20:49:08,006 - ERROR - Error saving order 5592df67-97e6-491b-866b-da47de2aec34: Error binding parameter 0 - probably unsupported type.
2025-10-14 20:49:08,006 - ERROR - Error saving order ce229474-694f-4e8e-b1c5-5106852a746f: Error binding parameter 0 - probably unsupported type.
2025-10-14 20:49:08,006 - ERROR - Error saving order f70058f8-5d2a-436d-9f7b-e530e6580eb6: Error binding parameter 0 - probably unsupported type.
2025-10-14 20:49:08,006 - ERROR - Error saving order a40a4e57-e549-49cf-bd81-c1b573f6d9b0: Error binding parameter 0 - probably unsupported type.
2025-10-14 20:49:08,007 - ERROR - Error saving order e39b2ed4-0251-4cf6-b2e2-3979f71d3513: Error binding parameter 0 - probably unsupported type.
2025-10-14 20:49:08,007 - ERROR - Error saving order 6be778f8-b92e-42a1-a289-4a469704a7cd: Error binding parameter 0 - probably unsupported type.
2025-10-14 20:49:08,007 - ERROR - Error saving order 602b6ce1-4920-458d-b1d4-d5be1d7cd690: Error binding parameter 0 - probably unsupported type.
2025-10-14 20:49:08,007 - ERROR - Error saving order 236b48ee-0c3f-4d08-8730-f9a50dbe3284: Error binding parameter 0 - probably unsupported type.
2025-10-14 20:49:08,007 - ERROR - Error saving order dd2e417f-e099-4d02-9e29-82bd74bfc743: Error binding parameter 0 - probably unsupported type.
2025-10-14 20:49:08,007 - ERROR - Error saving order 4400f2ae-7d83-40ef-afd3-5094949b9106: Error binding parameter 0 - probably unsupported type.
2025-10-14 20:49:08,007 - ERROR - Error saving order 244eb5c3-eb04-4491-a015-3e7a310beb4d: Error binding parameter 0 - probably unsupported type.
2025-10-14 20:49:08,007 - ERROR - Error saving order 1f22c873-c922-4f4c-9572-7d9eb9a556b1: Error binding parameter 0 - probably unsupported type.
2025-10-14 20:49:08,007 - ERROR - Error saving order 499a90bb-f8c4-4831-9c47-2074f63a30ed: Error binding parameter 0 - probably unsupported type.
2025-10-14 20:49:08,007 - ERROR - Error saving order a893568e-fc17-41e4-9fa2-fd0b21a0524b: Error binding parameter 0 - probably unsupported type.
2025-10-14 20:49:08,007 - ERROR - Error saving order c89d8c67-b50f-4ddb-87b7-12dbf467cab9: Error binding parameter 0 - probably unsupported type.
2025-10-14 20:49:08,007 - ERROR - Error saving order 6d1632a7-24d2-476d-b821-b608efa8bc3a: Error binding parameter 0 - probably unsupported type.
2025-10-14 20:49:08,008 - ERROR - Error saving order 2c08acf9-d704-48db-b02e-ac3b368e7f2b: Error binding parameter 0 - probably unsupported type.
2025-10-14 20:49:08,008 - ERROR - Error saving order 7519f61d-4b7f-4a4b-b4b9-3a1e5b7f3076: Error binding parameter 0 - probably unsupported type.
2025-10-14 20:49:08,008 - ERROR - Error saving order fb655f67-a361-489d-98b4-332e910c49fa: Error binding parameter 0 - probably unsupported type.
2025-10-14 20:49:08,008 - ERROR - Error saving order e72b15b8-15ea-4faa-9b94-d2632fb261f6: Error binding parameter 0 - probably unsupported type.
2025-10-14 20:49:08,008 - ERROR - Error saving order 3f880d08-ead9-4a10-9c75-8957143cd5d9: Error binding parameter 0 - probably unsupported type.
2025-10-14 20:49:08,008 - ERROR - Error saving order 8ffb8f43-d08e-4a32-8278-fd3431f93cb3: Error binding parameter 0 - probably unsupported type.
2025-10-14 20:49:08,008 - ERROR - Error saving order 82841fc7-f22b-4ab4-94ab-8f94c40db273: Error binding parameter 0 - probably unsupported type.
2025-10-14 20:49:08,008 - ERROR - Error saving order 7ea08369-d8eb-41c4-9aad-3b46b322df91: Error binding parameter 0 - probably unsupported type.
2025-10-14 20:49:08,008 - ERROR - Error saving order dac73e9e-6e0f-4718-ba76-4db57a254b05: Error binding parameter 0 - probably unsupported type.
2025-10-14 20:49:08,008 - ERROR - Error saving order 7463a515-f795-43ae-b44b-5fdfb5aa4c3c: Error binding parameter 0 - probably unsupported type.
2025-10-14 20:49:08,008 - ERROR - Error saving order 448d4ad9-d365-4ecf-bf8a-f8445ce17525: Error binding parameter 0 - probably unsupported type.
2025-10-14 20:49:08,008 - ERROR - Error saving order ca9d11a3-384a-4a60-9864-5f3ec2da592c: Error binding parameter 0 - probably unsupported type.
2025-10-14 20:49:08,008 - ERROR - Error saving order 36e2de71-ef30-4050-a75d-100602bba80b: Error binding parameter 0 - probably unsupported type.
2025-10-14 20:49:08,009 - ERROR - Error saving order 751c67a5-b14a-43f5-a172-ab1b79834d77: Error binding parameter 0 - probably unsupported type.
2025-10-14 20:49:08,009 - ERROR - Error saving order 29036ab9-a168-4618-87f5-f802aba3c07a: Error binding parameter 0 - probably unsupported type.
2025-10-14 20:49:08,009 - ERROR - Error saving order 86b2a58c-e31c-497d-baae-5782c1f08bde: Error binding parameter 0 - probably unsupported type.
2025-10-14 20:49:08,009 - ERROR - Error saving order e8d21e74-5df7-4fcc-b414-197c185ebe4e: Error binding parameter 0 - probably unsupported type.
2025-10-14 20:49:08,009 - ERROR - Error saving order 29cd900a-61cc-454e-84f2-3faf8ad01361: Error binding parameter 0 - probably unsupported type.
2025-10-14 20:49:08,009 - ERROR - Error saving order bcfc5754-4844-46cb-995d-5b04a94e1d6b: Error binding parameter 0 - probably unsupported type.
2025-10-14 20:49:08,009 - ERROR - Error saving order ffcc76be-e46e-4356-b5e9-26ade016d6f9: Error binding parameter 0 - probably unsupported type.
2025-10-14 20:49:08,009 - ERROR - Error saving order e1e082d3-a793-48e5-81ec-a7a714148ecc: Error binding parameter 0 - probably unsupported type.
2025-10-14 20:49:08,009 - ERROR - Error saving order 1c475e65-91d6-4259-a82a-603d7dc1a7f7: Error binding parameter 0 - probably unsupported type.
2025-10-14 20:49:08,009 - ERROR - Error saving order 420adcad-22fa-4d68-8758-5d0595b1cfd7: Error binding parameter 0 - probably unsupported type.
2025-10-14 20:49:08,009 - ERROR - Error saving order cb0bfee5-cfa5-4146-a246-fe64e1238147: Error binding parameter 0 - probably unsupported type.
2025-10-14 20:49:08,009 - ERROR - Error saving order 38d69be8-be11-4131-80d2-ec2606c029b3: Error binding parameter 0 - probably unsupported type.
2025-10-14 20:49:08,010 - ERROR - Error saving order 38311e31-5fa3-49bb-be5f-4bb548034f67: Error binding parameter 0 - probably unsupported type.
2025-10-14 20:49:08,010 - ERROR - Error saving order 14778bd4-f11c-47c1-84ed-3297ecb66773: Error binding parameter 0 - probably unsupported type.
2025-10-14 20:49:08,010 - ERROR - Error saving order ed9eb9dd-28dc-4d56-bf7e-f72b2b28d46f: Error binding parameter 0 - probably unsupported type.
2025-10-14 20:49:08,010 - ERROR - Error saving order 460507e9-cbfe-4c40-8a83-58b4aadadbc3: Error binding parameter 0 - probably unsupported type.
2025-10-14 20:49:08,010 - ERROR - Error saving order 1e7022f4-d471-472c-9081-658d93ca2f4c: Error binding parameter 0 - probably unsupported type.
2025-10-14 20:49:08,010 - ERROR - Error saving order 602e8184-f1b5-43a6-8519-ed4cd7e46b22: Error binding parameter 0 - probably unsupported type.
2025-10-14 20:49:08,010 - ERROR - Error saving order 30cb25e3-d06f-4a7c-a994-1dcd21d5c36c: Error binding parameter 0 - probably unsupported type.
2025-10-14 20:49:08,010 - ERROR - Error saving order 1d0fb929-e645-4957-9773-727af27b04b7: Error binding parameter 0 - probably unsupported type.
2025-10-14 20:49:08,010 - ERROR - Error saving order 1e7e8879-0bd0-471b-9a2e-41b46c6f20ac: Error binding parameter 0 - probably unsupported type.
2025-10-14 20:49:08,010 - ERROR - Error saving order 68716d0f-7a9b-4629-8fd9-3fadd29cb102: Error binding parameter 0 - probably unsupported type.
2025-10-14 20:49:08,010 - ERROR - Error saving order b739fffa-2260-442a-8122-be3228c6b44a: Error binding parameter 0 - probably unsupported type.
2025-10-14 20:49:08,010 - ERROR - Error saving order bb2877c1-3b91-4a38-b214-63e07566f7a4: Error binding parameter 0 - probably unsupported type.
2025-10-14 20:49:08,010 - ERROR - Error saving order 712037cd-a160-49fb-a745-64ca703254a7: Error binding parameter 0 - probably unsupported type.
2025-10-14 20:49:08,011 - ERROR - Error saving order 91c17e99-6636-4cbf-863f-85ada432fe93: Error binding parameter 0 - probably unsupported type.
2025-10-14 20:49:08,011 - ERROR - Error saving order c41f9be6-6307-4c6a-8f1e-a222e7d76e6e: Error binding parameter 0 - probably unsupported type.
2025-10-14 20:49:08,011 - ERROR - Error saving order bcffa3e5-42b5-4ca2-a66d-74183543da7e: Error binding parameter 0 - probably unsupported type.
2025-10-14 20:49:08,011 - ERROR - Error saving order 7f84cfa8-8623-472e-9860-e3760366e95c: Error binding parameter 0 - probably unsupported type.
2025-10-14 20:49:08,011 - ERROR - Error saving order f6bc6c2c-368c-455a-be56-1ee76752981e: Error binding parameter 0 - probably unsupported type.
2025-10-14 20:49:08,011 - ERROR - Error saving order 499c3d33-e805-4986-8b30-c67893d96210: Error binding parameter 0 - probably unsupported type.
2025-10-14 20:49:08,011 - ERROR - Error saving order c031de65-4891-4f3a-9062-127f2c0a52c6: Error binding parameter 0 - probably unsupported type.
2025-10-14 20:49:08,011 - ERROR - Error saving order 58f8b633-834e-4f3b-9ec3-d36666e21b4f: Error binding parameter 0 - probably unsupported type.
2025-10-14 20:49:08,011 - ERROR - Error saving order 48432c8a-238b-45dc-8170-13c6a3d6cec4: Error binding parameter 0 - probably unsupported type.
2025-10-14 20:49:08,011 - ERROR - Error saving order 32d9ad60-8dec-49a2-b47b-8bb0dd8c6aee: Error binding parameter 0 - probably unsupported type.
2025-10-14 20:49:08,011 - ERROR - Error saving order a5840b75-aee7-4b3a-b4e7-6f290fce02de: Error binding parameter 0 - probably unsupported type.
2025-10-14 20:49:08,011 - ERROR - Error saving order c1eea0cd-4ad5-44a6-b9f4-2c0f4b0e2c66: Error binding parameter 0 - probably unsupported type.
2025-10-14 20:49:08,012 - ERROR - Error saving order 94508ade-8370-4c18-9bbe-bb4bdb1a215a: Error binding parameter 0 - probably unsupported type.
2025-10-14 20:49:08,012 - ERROR - Error saving order 3e9fae2e-7398-4f13-aadb-7c9df3e27e40: Error binding parameter 0 - probably unsupported type.
2025-10-14 20:49:08,012 - ERROR - Error saving order 4df08a61-f5fa-4cf7-8cfe-2f26ca6028ba: Error binding parameter 0 - probably unsupported type.
2025-10-14 20:49:08,012 - ERROR - Error saving order ac96ddf5-2499-48a6-b71a-88568b5fdd44: Error binding parameter 0 - probably unsupported type.
2025-10-14 20:49:08,012 - ERROR - Error saving order 2dee3f49-ce43-4b9d-a676-036c68efc1e9: Error binding parameter 0 - probably unsupported type.
2025-10-14 20:49:08,012 - ERROR - Error saving order 8c8464a6-4940-46a2-ad46-e696c2d8fc49: Error binding parameter 0 - probably unsupported type.
2025-10-14 20:49:08,012 - ERROR - Error saving order 58703537-7f0a-4c45-a209-c0c701f2ba09: Error binding parameter 0 - probably unsupported type.
2025-10-14 20:49:08,012 - ERROR - Error saving order d7a55ffe-6948-4ef1-89b3-b3d891f72cbb: Error binding parameter 0 - probably unsupported type.
2025-10-14 20:49:08,012 - ERROR - Error saving order e5b310c7-393a-4294-8d75-5c47e9581d5b: Error binding parameter 0 - probably unsupported type.
2025-10-14 20:49:08,012 - ERROR - Error saving order cc4b9504-9ed3-480f-9e88-fbbdf2f23bb6: Error binding parameter 0 - probably unsupported type.
2025-10-14 20:49:08,012 - ERROR - Error saving order 9a208591-584b-45de-9114-8205326ec01f: Error binding parameter 0 - probably unsupported type.
2025-10-14 20:49:08,012 - ERROR - Error saving order b7cbff8c-310b-424a-a601-9f5fc48c6299: Error binding parameter 0 - probably unsupported type.
2025-10-14 20:49:08,012 - ERROR - Error saving order ab8902ba-f871-488e-8458-01c4841ffdbd: Error binding parameter 0 - probably unsupported type.
2025-10-14 20:49:08,013 - ERROR - Error saving order 301676d5-8f40-4584-8db8-e3c8443acbe8: Error binding parameter 0 - probably unsupported type.
2025-10-14 20:49:08,013 - ERROR - Error saving order e5cc38d2-8be7-4c33-b746-5da99df896bc: Error binding parameter 0 - probably unsupported type.
2025-10-14 20:49:08,013 - ERROR - Error saving order 126e89e6-2990-46b5-ae5d-29cb15b4f0a3: Error binding parameter 0 - probably unsupported type.
2025-10-14 20:49:08,013 - ERROR - Error saving order 4db579e0-2326-43cc-bdcf-ee644f3c3cb5: Error binding parameter 0 - probably unsupported type.
2025-10-14 20:49:08,013 - ERROR - Error saving order 6886f281-c8d0-4fce-b8be-48b23c800a57: Error binding parameter 0 - probably unsupported type.
2025-10-14 20:49:08,013 - ERROR - Error saving order 9cff0e82-95c4-4ef2-a5e3-966a0c6338ab: Error binding parameter 0 - probably unsupported type.
2025-10-14 20:49:08,013 - ERROR - Error saving order 2cd4178c-25c2-417d-bed9-ac0d7c9d3d92: Error binding parameter 0 - probably unsupported type.
2025-10-14 20:49:08,013 - ERROR - Error saving order d8c93bc0-dd15-4041-8e27-2170bcf686af: Error binding parameter 0 - probably unsupported type.
2025-10-14 20:49:08,013 - ERROR - Error saving order c5a70e3f-2047-46d2-80a1-6cb1aa280b89: Error binding parameter 0 - probably unsupported type.
2025-10-14 20:49:08,013 - ERROR - Error saving order 6e73492a-2e8d-4ffc-8076-ba56daa92c60: Error binding parameter 0 - probably unsupported type.
2025-10-14 20:49:08,013 - ERROR - Error saving order cd12248d-482b-4529-96ad-bbd63ed75310: Error binding parameter 0 - probably unsupported type.
2025-10-14 20:49:08,013 - ERROR - Error saving order e56eaba6-831c-46fd-91cd-5aef6fed9615: Error binding parameter 0 - probably unsupported type.
2025-10-14 20:49:08,014 - ERROR - Error saving order dfc1909e-03f4-479a-a36f-0e0990184caa: Error binding parameter 0 - probably unsupported type.
2025-10-14 20:49:08,014 - ERROR - Error saving order 2e0652d7-f860-4c69-9656-cea41c8ac399: Error binding parameter 0 - probably unsupported type.
2025-10-14 20:49:08,014 - ERROR - Error saving order 1c0ee43e-4bc7-44a8-ac98-d3f1f5fe77e7: Error binding parameter 0 - probably unsupported type.
2025-10-14 20:49:08,014 - ERROR - Error saving order 8d7fddb8-4a91-4ca7-96c4-df4361ebc64b: Error binding parameter 0 - probably unsupported type.
2025-10-14 20:49:08,014 - ERROR - Error saving order cbb06621-fb03-4f92-b0a0-aff9471fb9e7: Error binding parameter 0 - probably unsupported type.
2025-10-14 20:49:08,014 - ERROR - Error saving order f2710107-4cb6-4b5a-9654-bee6c878ec7b: Error binding parameter 0 - probably unsupported type.
2025-10-14 20:49:08,014 - ERROR - Error saving order ebb37aca-8a6d-4488-8675-d0085314a314: Error binding parameter 0 - probably unsupported type.
2025-10-14 20:49:08,014 - ERROR - Error saving order 143d8f28-add7-4df4-8018-913857b33cb2: Error binding parameter 0 - probably unsupported type.
2025-10-14 20:49:08,014 - ERROR - Error saving order a75db811-e2d6-4ce1-93a9-2d788b4c6217: Error binding parameter 0 - probably unsupported type.
2025-10-14 20:49:08,014 - ERROR - Error saving order 2a98a89f-bfff-48ff-a630-14de0deb4ad9: Error binding parameter 0 - probably unsupported type.
2025-10-14 20:49:08,014 - ERROR - Error saving order 4dcb8a3b-c480-4617-a469-9fbcd46d2b9a: Error binding parameter 0 - probably unsupported type.
2025-10-14 20:49:08,014 - ERROR - Error saving order a7506f0c-d8e7-4ba7-a96c-8479a39c45e5: Error binding parameter 0 - probably unsupported type.
2025-10-14 20:49:08,015 - ERROR - Error saving order 906c4ea2-006f-45da-8021-752a927ebe29: Error binding parameter 0 - probably unsupported type.
2025-10-14 20:49:08,015 - ERROR - Error saving order d70d1b86-f1b0-4633-b170-81f402346474: Error binding parameter 0 - probably unsupported type.
2025-10-14 20:49:08,015 - ERROR - Error saving order 1d30017b-44cf-4c5e-b677-cc16ca9a291a: Error binding parameter 0 - probably unsupported type.
2025-10-14 20:49:08,015 - ERROR - Error saving order b004f59a-d84c-48d7-929a-cd1cec937548: Error binding parameter 0 - probably unsupported type.
2025-10-14 20:49:08,015 - ERROR - Error saving order 7f355202-d91f-4072-8966-eb565d09b8ba: Error binding parameter 0 - probably unsupported type.
2025-10-14 20:49:08,015 - ERROR - Error saving order f07f488f-c224-4c20-80ad-8c74d48c00eb: Error binding parameter 0 - probably unsupported type.
2025-10-14 20:49:08,015 - ERROR - Error saving order 2b73821f-cdba-4458-a49b-cdee5a2a5ea6: Error binding parameter 0 - probably unsupported type.
2025-10-14 20:49:08,015 - ERROR - Error saving order bb3046ad-261a-4042-bbe0-e915a4c635fd: Error binding parameter 0 - probably unsupported type.
2025-10-14 20:49:08,015 - ERROR - Error saving order 85d8f234-c858-41b5-9065-50d95cf48c4b: Error binding parameter 0 - probably unsupported type.
2025-10-14 20:49:08,015 - ERROR - Error saving order 8e77bb0c-b2c9-4ad0-a75a-2ff49569515f: Error binding parameter 0 - probably unsupported type.
2025-10-14 20:49:08,015 - ERROR - Error saving order 84f2b468-18d4-4203-a123-9dd3abe3b184: Error binding parameter 0 - probably unsupported type.
2025-10-14 20:49:08,015 - ERROR - Error saving order ed314a69-6282-4aa6-b0f9-1937ca1dc0fd: Error binding parameter 0 - probably unsupported type.
2025-10-14 20:49:08,015 - ERROR - Error saving order 60adfd14-0876-4e40-9416-06bfd4c3d094: Error binding parameter 0 - probably unsupported type.
2025-10-14 20:49:08,016 - ERROR - Error saving order f1f807b3-d6d8-41c9-95de-81dcaa8b0804: Error binding parameter 0 - probably unsupported type.
2025-10-14 20:49:08,016 - ERROR - Error saving order bd89b74b-6638-4081-b08f-0b6ee152ed74: Error binding parameter 0 - probably unsupported type.
2025-10-14 20:49:08,016 - ERROR - Error saving order 285ce67e-55ad-4936-b1ef-db2fb8ff0dcb: Error binding parameter 0 - probably unsupported type.
2025-10-14 20:49:08,016 - ERROR - Error saving order b2abde62-ca4e-4230-8d05-7e8e2c9347cf: Error binding parameter 0 - probably unsupported type.
2025-10-14 20:49:08,016 - ERROR - Error saving order 345eac14-e902-4e88-9034-82bf10923207: Error binding parameter 0 - probably unsupported type.
2025-10-14 20:49:08,016 - ERROR - Error saving order 186b501f-24a4-4cbe-a785-888f8bd22266: Error binding parameter 0 - probably unsupported type.
2025-10-14 20:49:08,016 - ERROR - Error saving order ff62324b-552c-4343-98c1-1fa3e78c0202: Error binding parameter 0 - probably unsupported type.
2025-10-14 20:49:08,016 - ERROR - Error saving order f855d3a8-afa5-45a0-9202-baa0ffa1f975: Error binding parameter 0 - probably unsupported type.
2025-10-14 20:49:08,016 - ERROR - Error saving order 6bb8070b-26c6-493a-98a6-0e2dadcecc20: Error binding parameter 0 - probably unsupported type.
2025-10-14 20:49:08,016 - ERROR - Error saving order 3a5060fe-2bb4-4997-be4c-ceed13d3d510: Error binding parameter 0 - probably unsupported type.
2025-10-14 20:49:08,016 - ERROR - Error saving order faf00a44-1e52-4ee6-85bf-1b72f715fca8: Error binding parameter 0 - probably unsupported type.
2025-10-14 20:49:08,016 - ERROR - Error saving order e2f881b2-7138-42fe-8095-6c078b782217: Error binding parameter 0 - probably unsupported type.
2025-10-14 20:49:08,016 - ERROR - Error saving order a9f42da9-9f1d-43fd-bea0-2b3e6361cfc5: Error binding parameter 0 - probably unsupported type.
2025-10-14 20:49:08,017 - ERROR - Error saving order 6adbcd74-60c3-4bdc-aa0d-cba89d4e6acc: Error binding parameter 0 - probably unsupported type.
2025-10-14 20:49:08,017 - ERROR - Error saving order 3d8a8fb0-bd51-4fbb-a630-01ca2f8efd01: Error binding parameter 0 - probably unsupported type.
2025-10-14 20:49:08,017 - ERROR - Error saving order 394474d5-39a4-4a38-8e56-e86c6f18483f: Error binding parameter 0 - probably unsupported type.
2025-10-14 20:49:08,017 - ERROR - Error saving order 7dedf243-0ceb-49e9-a402-ffda8279bcae: Error binding parameter 0 - probably unsupported type.
2025-10-14 20:49:08,017 - ERROR - Error saving order 70bd4b13-0adf-47cf-a74c-26de4b9e93c8: Error binding parameter 0 - probably unsupported type.
2025-10-14 20:49:08,017 - ERROR - Error saving order d6a36d72-689c-48fd-86ce-d77abc7f2325: Error binding parameter 0 - probably unsupported type.
2025-10-14 20:49:08,017 - ERROR - Error saving order 7d580a5e-ddbf-4e2b-9771-64c4798f1e2f: Error binding parameter 0 - probably unsupported type.
2025-10-14 20:49:08,017 - ERROR - Error saving order 575df0ca-135b-4387-b1c7-de660f2a325e: Error binding parameter 0 - probably unsupported type.
2025-10-14 20:49:08,017 - ERROR - Error saving order f96698ed-ff8d-40b5-aae3-49fd04448cb5: Error binding parameter 0 - probably unsupported type.
2025-10-14 20:49:08,017 - ERROR - Error saving order 1e38e866-74a3-4996-a673-6351155494b4: Error binding parameter 0 - probably unsupported type.
2025-10-14 20:49:08,017 - ERROR - Error saving order cc29a83d-dfdc-46c3-a912-4b3578290b61: Error binding parameter 0 - probably unsupported type.
2025-10-14 20:49:08,017 - ERROR - Error saving order a8624858-c267-4c4c-946f-ef1142f91e3f: Error binding parameter 0 - probably unsupported type.
2025-10-14 20:49:08,018 - ERROR - Error saving order 2166f36f-2fdd-43c5-a421-10580c55a5b7: Error binding parameter 0 - probably unsupported type.
2025-10-14 20:49:08,018 - ERROR - Error saving order 66954fdf-b575-4966-9563-e20634586c12: Error binding parameter 0 - probably unsupported type.
2025-10-14 20:49:08,018 - ERROR - Error saving order 5a99be54-0cc4-429b-891c-db39e45cafea: Error binding parameter 0 - probably unsupported type.
2025-10-14 20:49:08,018 - ERROR - Error saving order 4e068dcd-1ebd-4dd0-96b4-00f47d38308d: Error binding parameter 0 - probably unsupported type.
2025-10-14 20:49:08,018 - ERROR - Error saving order f46aa7bf-d506-4441-9aa4-5f813f49c7da: Error binding parameter 0 - probably unsupported type.
2025-10-14 20:49:08,018 - ERROR - Error saving order 5c8f98aa-4082-43d2-ba58-178219521687: Error binding parameter 0 - probably unsupported type.
2025-10-14 20:49:08,018 - ERROR - Error saving order ba14564b-c14a-490d-b2d0-449524684db0: Error binding parameter 0 - probably unsupported type.
2025-10-14 20:49:08,018 - ERROR - Error saving order 5e3d8d1c-0e3f-47f6-9d11-1eebb935fb0c: Error binding parameter 0 - probably unsupported type.
2025-10-14 20:49:08,018 - ERROR - Error saving order bd6219da-b23a-4b9b-9e43-667edcdd75f6: Error binding parameter 0 - probably unsupported type.
2025-10-14 20:49:08,018 - ERROR - Error saving order 7eb06012-e86f-418d-8341-457abed831d3: Error binding parameter 0 - probably unsupported type.
2025-10-14 20:49:08,018 - ERROR - Error saving order bcc84fd8-128d-4251-a614-375ca7df875f: Error binding parameter 0 - probably unsupported type.
2025-10-14 20:49:08,018 - ERROR - Error saving order 9a546a56-8427-43d9-9dbe-cc9b812c7931: Error binding parameter 0 - probably unsupported type.
2025-10-14 20:49:08,018 - ERROR - Error saving order 70467608-1693-4940-bed8-a4160b7c62fa: Error binding parameter 0 - probably unsupported type.
2025-10-14 20:49:08,019 - ERROR - Error saving order 414bf1f3-559a-4f00-8dbd-6a060e939b77: Error binding parameter 0 - probably unsupported type.
2025-10-14 20:49:08,019 - ERROR - Error saving order 957fc556-ab25-4d8f-80ee-a0366565839f: Error binding parameter 0 - probably unsupported type.
2025-10-14 20:49:08,019 - ERROR - Error saving order b5a60948-0382-4b61-9598-eefea4c557c2: Error binding parameter 0 - probably unsupported type.
2025-10-14 20:49:08,019 - ERROR - Error saving order 82db39ed-0ebb-4ae5-ac5c-d4ddd4ecb97f: Error binding parameter 0 - probably unsupported type.
2025-10-14 20:49:08,019 - ERROR - Error saving order a90dcb4e-0cd4-4205-8939-e02da1cb00af: Error binding parameter 0 - probably unsupported type.
2025-10-14 20:49:08,019 - ERROR - Error saving order 462f344f-d76c-4dcb-9e02-c311491f7806: Error binding parameter 0 - probably unsupported type.
2025-10-14 20:49:08,019 - ERROR - Error saving order 5588b8aa-9e58-41a3-bf49-e09bede24427: Error binding parameter 0 - probably unsupported type.
2025-10-14 20:49:08,019 - ERROR - Error saving order bc65fa8a-a7c6-45d1-b7d8-9b52981fe7ae: Error binding parameter 0 - probably unsupported type.
2025-10-14 20:49:08,019 - ERROR - Error saving order 45eaa0a0-2196-4b2e-925f-1943ef51bcd5: Error binding parameter 0 - probably unsupported type.
2025-10-14 20:49:08,019 - ERROR - Error saving order 92afb072-493f-4ff5-9c25-ac1d05ca46b0: Error binding parameter 0 - probably unsupported type.
2025-10-14 20:49:08,019 - ERROR - Error saving order 35118b36-ade0-4273-9d9f-afba8dab0967: Error binding parameter 0 - probably unsupported type.
2025-10-14 20:49:08,019 - ERROR - Error saving order 9d0d1a4f-6032-4102-8c89-bcd722395ce3: Error binding parameter 0 - probably unsupported type.
2025-10-14 20:49:08,019 - ERROR - Error saving order 153857ff-6a8f-457f-8320-d1fd3e79f740: Error binding parameter 0 - probably unsupported type.
2025-10-14 20:49:08,020 - ERROR - Error saving order dcc4af2e-3481-4373-b107-9ff2fda3215d: Error binding parameter 0 - probably unsupported type.
2025-10-14 20:49:08,020 - ERROR - Error saving order 450a2329-8bfb-4385-be5a-44ae6280e633: Error binding parameter 0 - probably unsupported type.
2025-10-14 20:49:08,020 - ERROR - Error saving order 57f67d3c-14af-47ee-8b89-379c50a625ae: Error binding parameter 0 - probably unsupported type.
2025-10-14 20:49:08,020 - ERROR - Error saving order fb708b72-e319-4d63-9688-349f4ce9e417: Error binding parameter 0 - probably unsupported type.
2025-10-14 20:49:08,020 - ERROR - Error saving order ff4f7785-b74f-48c4-8702-95215745d82b: Error binding parameter 0 - probably unsupported type.
2025-10-14 20:49:08,020 - ERROR - Error saving order 93fcf792-5b06-4aa9-910d-933643bcb4b5: Error binding parameter 0 - probably unsupported type.
2025-10-14 20:49:08,020 - ERROR - Error saving order 46afafa9-982b-4274-9fc7-205ede5fedf8: Error binding parameter 0 - probably unsupported type.
2025-10-14 20:49:08,020 - ERROR - Error saving order 7e0ecb20-be4e-4b27-8635-69b5b44a37e4: Error binding parameter 0 - probably unsupported type.
2025-10-14 20:49:08,020 - ERROR - Error saving order 7af4cbbc-56b3-41e2-bd88-5552673e5ade: Error binding parameter 0 - probably unsupported type.
2025-10-14 20:49:08,020 - ERROR - Error saving order f5c1f1fe-ec69-407d-9cc1-21515685146d: Error binding parameter 0 - probably unsupported type.
2025-10-14 20:49:08,020 - ERROR - Error saving order b844a79b-5054-4ba0-bcf2-e8d173727c70: Error binding parameter 0 - probably unsupported type.
2025-10-14 20:49:08,020 - ERROR - Error saving order d685f7ea-f86c-4c5e-939e-7c09f9e5db38: Error binding parameter 0 - probably unsupported type.
2025-10-14 20:49:08,021 - ERROR - Error saving order 58cf7014-1c4e-4737-beed-beb5d4397dc9: Error binding parameter 0 - probably unsupported type.
2025-10-14 20:49:08,021 - ERROR - Error saving order 9b365048-cd39-49e1-9fb3-737497b16ee8: Error binding parameter 0 - probably unsupported type.
2025-10-14 20:49:08,021 - ERROR - Error saving order b96e2d07-cbd9-4de2-b164-f287fc011bd5: Error binding parameter 0 - probably unsupported type.
2025-10-14 20:49:08,021 - ERROR - Error saving order 937d724f-e842-4363-af39-ec216b7d55b8: Error binding parameter 0 - probably unsupported type.
2025-10-14 20:49:08,021 - ERROR - Error saving order accc291b-5651-406d-9008-422453f4f225: Error binding parameter 0 - probably unsupported type.
2025-10-14 20:49:08,021 - ERROR - Error saving order c3b7e5ef-6beb-49e7-80e9-d05b7b0a8e96: Error binding parameter 0 - probably unsupported type.
2025-10-14 20:49:08,021 - ERROR - Error saving order 64bd6f8e-2ca6-4d66-a765-35a77d21460d: Error binding parameter 0 - probably unsupported type.
2025-10-14 20:49:08,021 - ERROR - Error saving order 52ef4a92-c9e2-459c-bbc0-a37ab75a6f2c: Error binding parameter 0 - probably unsupported type.
2025-10-14 20:49:08,021 - ERROR - Error saving order b5c8d6d8-96b9-4ae6-adfa-f4bad79f980d: Error binding parameter 0 - probably unsupported type.
2025-10-14 20:49:08,021 - INFO - Saved 0 new orders, skipped 0 existing orders
2025-10-14 20:49:08,022 - INFO - Download completed: 0 new trades saved, 0 existing trades skipped
2025-10-14 20:51:26,984 - INFO - Alpaca client initialized successfully
2025-10-14 20:51:26,985 - INFO - Trades database initialized
2025-10-14 20:51:26,986 - INFO - Date range: 2025-10-14 to 2025-10-14
2025-10-14 20:51:26,987 - INFO - Fetching orders from Alpaca API...
2025-10-14 20:51:27,583 - INFO - Successfully fetched 100 orders
2025-10-14 20:51:27,596 - INFO - Saved 100 new orders, skipped 0 existing orders
2025-10-14 20:51:27,598 - INFO - Download completed: 100 new trades saved, 0 existing trades skipped
2025-10-14 20:54:02,898 - INFO - Alpaca client initialized successfully
2025-10-14 20:54:02,900 - INFO - Trades database initialized
2025-10-14 20:54:02,900 - INFO - Date range: 2025-10-14 to 2025-10-14
2025-10-14 20:54:02,900 - INFO - Fetching orders from Alpaca API...
2025-10-14 20:54:03,410 - INFO - Successfully fetched 100 orders
2025-10-14 20:54:03,414 - INFO - Saved 0 new orders, skipped 100 existing orders
2025-10-14 20:54:03,415 - INFO - Download completed: 0 new trades saved, 100 existing trades skipped
2025-10-14 20:54:19,136 - INFO - Alpaca client initialized successfully
2025-10-14 20:54:19,137 - INFO - Trades database initialized
2025-10-14 20:54:19,137 - INFO - Date range: 2025-10-14 to 2025-10-14
2025-10-14 20:54:19,137 - INFO - Fetching orders from Alpaca API...
2025-10-14 20:54:20,037 - INFO - Successfully fetched 100 orders
2025-10-14 20:54:20,043 - INFO - Saved 0 new orders, skipped 100 existing orders
2025-10-14 20:54:20,045 - INFO - Download completed: 0 new trades saved, 100 existing trades skipped
2025-10-14 20:54:28,236 - INFO - Alpaca client initialized successfully
2025-10-14 20:54:28,237 - INFO - Trades database initialized
2025-10-14 20:54:28,237 - INFO - Date range: 2025-10-14 to 2025-10-14
2025-10-14 20:54:28,237 - INFO - Fetching orders from Alpaca API...
2025-10-14 20:54:28,745 - INFO - Successfully fetched 100 orders
2025-10-14 20:54:28,750 - INFO - Saved 0 new orders, skipped 100 existing orders
2025-10-14 20:54:28,751 - INFO - Download completed: 0 new trades saved, 100 existing trades skipped
2025-10-14 20:54:29,410 - INFO - Alpaca client initialized successfully
2025-10-14 20:54:29,411 - INFO - Trades database initialized
2025-10-14 20:54:29,411 - INFO - Date range: 2025-10-14 to 2025-10-14
2025-10-14 20:54:29,411 - INFO - Fetching orders from Alpaca API...
2025-10-14 20:54:29,912 - INFO - Successfully fetched 100 orders
2025-10-14 20:54:29,917 - INFO - Saved 0 new orders, skipped 100 existing orders
2025-10-14 20:54:29,919 - INFO - Download completed: 0 new trades saved, 100 existing trades skipped
2025-10-14 20:54:29,922 - INFO - Alpaca client initialized successfully
2025-10-14 20:54:29,923 - INFO - Trades database initialized
2025-10-14 20:54:29,923 - INFO - Date range: 2025-10-14 to 2025-10-14
2025-10-14 20:54:29,923 - INFO - Fetching orders from Alpaca API...
2025-10-14 20:54:30,467 - INFO - Successfully fetched 100 orders
2025-10-14 20:54:30,472 - INFO - Saved 0 new orders, skipped 100 existing orders
2025-10-14 20:54:30,473 - INFO - Download completed: 0 new trades saved, 100 existing trades skipped
2025-10-14 20:55:53,435 - INFO - Alpaca client initialized successfully
2025-10-14 20:55:53,435 - INFO - Trades database initialized
2025-10-14 20:55:53,436 - INFO - Date range: 2025-10-14 to 2025-10-14
2025-10-14 20:55:53,436 - INFO - Fetching orders from Alpaca API...
2025-10-14 20:55:55,555 - INFO - Successfully fetched 100 orders
2025-10-14 20:55:55,567 - INFO - Saved 0 new orders, skipped 100 existing orders
2025-10-14 20:55:55,569 - INFO - Download completed: 0 new trades saved, 100 existing trades skipped
2025-10-14 20:55:58,361 - INFO - Alpaca client initialized successfully
2025-10-14 20:55:58,362 - INFO - Trades database initialized
2025-10-14 20:55:58,362 - INFO - Date range: 2025-10-14 to 2025-10-14
2025-10-14 20:55:58,362 - INFO - Fetching orders from Alpaca API...
2025-10-14 20:55:58,889 - INFO - Successfully fetched 100 orders
2025-10-14 20:55:58,894 - INFO - Saved 0 new orders, skipped 100 existing orders
2025-10-14 20:55:58,896 - INFO - Download completed: 0 new trades saved, 100 existing trades skipped
2025-10-14 20:55:58,900 - INFO - Alpaca client initialized successfully
2025-10-14 20:55:58,901 - INFO - Trades database initialized
2025-10-14 20:55:58,902 - INFO - Date range: 2025-10-14 to 2025-10-14
2025-10-14 20:55:58,903 - INFO - Fetching orders from Alpaca API...
2025-10-14 20:55:59,431 - INFO - Successfully fetched 100 orders
2025-10-14 20:55:59,437 - INFO - Saved 0 new orders, skipped 100 existing orders
2025-10-14 20:55:59,439 - INFO - Download completed: 0 new trades saved, 100 existing trades skipped
2025-10-14 20:56:01,834 - INFO - Alpaca client initialized successfully
2025-10-14 20:56:01,835 - INFO - Trades database initialized
2025-10-14 20:56:01,835 - INFO - Date range: 2025-10-14 to 2025-10-14
2025-10-14 20:56:01,836 - INFO - Fetching orders from Alpaca API...
2025-10-14 20:56:02,494 - INFO - Successfully fetched 100 orders
2025-10-14 20:56:02,501 - INFO - Saved 0 new orders, skipped 100 existing orders
2025-10-14 20:56:02,503 - INFO - Download completed: 0 new trades saved, 100 existing trades skipped
2025-10-14 20:56:07,336 - INFO - Alpaca client initialized successfully
2025-10-14 20:56:07,336 - INFO - Trades database initialized
2025-10-14 20:56:07,336 - INFO - Date range: 2025-10-14 to 2025-10-14
2025-10-14 20:56:07,337 - INFO - Fetching orders from Alpaca API...
2025-10-14 20:56:07,900 - INFO - Successfully fetched 100 orders
2025-10-14 20:56:07,907 - INFO - Saved 0 new orders, skipped 100 existing orders
2025-10-14 20:56:07,908 - INFO - Download completed: 0 new trades saved, 100 existing trades skipped
2025-10-14 20:56:15,585 - INFO - Alpaca client initialized successfully
2025-10-14 20:56:15,586 - INFO - Trades database initialized
2025-10-14 20:56:15,586 - INFO - Date range: 2025-10-14 to 2025-10-14
2025-10-14 20:56:15,586 - INFO - Fetching orders from Alpaca API...
2025-10-14 20:56:16,118 - INFO - Successfully fetched 100 orders
2025-10-14 20:56:16,123 - INFO - Saved 0 new orders, skipped 100 existing orders
2025-10-14 20:56:16,125 - INFO - Download completed: 0 new trades saved, 100 existing trades skipped
2025-10-14 20:56:16,128 - INFO - Alpaca client initialized successfully
2025-10-14 20:56:16,128 - INFO - Trades database initialized
2025-10-14 20:56:16,129 - INFO - Date range: 2025-10-14 to 2025-10-14
2025-10-14 20:56:16,129 - INFO - Fetching orders from Alpaca API...
2025-10-14 20:56:16,630 - INFO - Successfully fetched 100 orders
2025-10-14 20:56:16,635 - INFO - Saved 0 new orders, skipped 100 existing orders
2025-10-14 20:56:16,637 - INFO - Download completed: 0 new trades saved, 100 existing trades skipped
2025-10-14 20:56:18,533 - INFO - Alpaca client initialized successfully
2025-10-14 20:56:18,533 - INFO - Trades database initialized
2025-10-14 20:56:18,534 - INFO - Date range: 2025-10-14 to 2025-10-14
2025-10-14 20:56:18,534 - INFO - Fetching orders from Alpaca API...
2025-10-14 20:56:19,038 - INFO - Successfully fetched 100 orders
2025-10-14 20:56:19,043 - INFO - Saved 0 new orders, skipped 100 existing orders
2025-10-14 20:56:19,044 - INFO - Download completed: 0 new trades saved, 100 existing trades skipped
2025-10-14 20:56:23,208 - INFO - Alpaca client initialized successfully
2025-10-14 20:56:23,209 - INFO - Trades database initialized
2025-10-14 20:56:23,209 - INFO - Date range: 2025-10-14 to 2025-10-14
2025-10-14 20:56:23,209 - INFO - Fetching orders from Alpaca API...
2025-10-14 20:56:23,701 - INFO - Successfully fetched 100 orders
2025-10-14 20:56:23,706 - INFO - Saved 0 new orders, skipped 100 existing orders
2025-10-14 20:56:23,708 - INFO - Download completed: 0 new trades saved, 100 existing trades skipped
2025-10-14 20:58:11,693 - INFO - Alpaca client initialized successfully
2025-10-14 20:58:11,693 - INFO - Trades database initialized
2025-10-14 20:58:11,694 - INFO - Date range: 2025-10-14 to 2025-10-14
2025-10-14 20:58:11,694 - INFO - Fetching orders from Alpaca API...
2025-10-14 20:58:12,208 - INFO - Successfully fetched 100 orders
2025-10-14 20:58:12,213 - INFO - Saved 0 new orders, skipped 100 existing orders
2025-10-14 20:58:12,214 - INFO - Download completed: 0 new trades saved, 100 existing trades skipped
2025-10-14 20:58:12,526 - INFO - Alpaca client initialized successfully
2025-10-14 20:58:12,527 - INFO - Trades database initialized
2025-10-14 20:58:12,527 - INFO - Date range: 2025-10-14 to 2025-10-14
2025-10-14 20:58:12,527 - INFO - Fetching orders from Alpaca API...
2025-10-14 20:58:13,049 - INFO - Successfully fetched 100 orders
2025-10-14 20:58:13,054 - INFO - Saved 0 new orders, skipped 100 existing orders
2025-10-14 20:58:13,055 - INFO - Download completed: 0 new trades saved, 100 existing trades skipped
2025-10-14 20:58:14,243 - INFO - Alpaca client initialized successfully
2025-10-14 20:58:14,244 - INFO - Trades database initialized
2025-10-14 20:58:14,244 - INFO - Date range: 2025-10-14 to 2025-10-14
2025-10-14 20:58:14,244 - INFO - Fetching orders from Alpaca API...
2025-10-14 20:58:14,727 - INFO - Successfully fetched 100 orders
2025-10-14 20:58:14,733 - INFO - Saved 0 new orders, skipped 100 existing orders
2025-10-14 20:58:14,734 - INFO - Download completed: 0 new trades saved, 100 existing trades skipped
2025-10-14 20:58:14,738 - INFO - Alpaca client initialized successfully
2025-10-14 20:58:14,738 - INFO - Trades database initialized
2025-10-14 20:58:14,739 - INFO - Date range: 2025-10-14 to 2025-10-14
2025-10-14 20:58:14,739 - INFO - Fetching orders from Alpaca API...
2025-10-14 20:58:15,236 - INFO - Successfully fetched 100 orders
2025-10-14 20:58:15,240 - INFO - Saved 0 new orders, skipped 100 existing orders
2025-10-14 20:58:15,242 - INFO - Download completed: 0 new trades saved, 100 existing trades skipped
2025-10-14 20:58:54,864 - INFO - Alpaca client initialized successfully
2025-10-14 20:58:54,865 - INFO - Trades database initialized
2025-10-14 20:58:54,865 - INFO - Date range: 2025-10-14 to 2025-10-14
2025-10-14 20:58:54,865 - INFO - Fetching orders from Alpaca API...
2025-10-14 20:58:55,387 - INFO - Successfully fetched 100 orders
2025-10-14 20:58:55,392 - INFO - Saved 0 new orders, skipped 100 existing orders
2025-10-14 20:58:55,393 - INFO - Download completed: 0 new trades saved, 100 existing trades skipped
2025-10-14 20:58:55,397 - INFO - Alpaca client initialized successfully
2025-10-14 20:58:55,397 - INFO - Trades database initialized
2025-10-14 20:58:55,398 - INFO - Date range: 2025-10-14 to 2025-10-14
2025-10-14 20:58:55,398 - INFO - Fetching orders from Alpaca API...
2025-10-14 20:58:55,880 - INFO - Successfully fetched 100 orders
2025-10-14 20:58:55,885 - INFO - Saved 0 new orders, skipped 100 existing orders
2025-10-14 20:58:55,887 - INFO - Download completed: 0 new trades saved, 100 existing trades skipped
2025-10-14 20:59:32,696 - INFO - Alpaca client initialized successfully
2025-10-14 20:59:32,697 - INFO - Trades database initialized
2025-10-14 20:59:32,697 - INFO - Date range: 2025-10-14 to 2025-10-14
2025-10-14 20:59:32,697 - INFO - Fetching orders from Alpaca API...
2025-10-14 20:59:33,189 - INFO - Successfully fetched 100 orders
2025-10-14 20:59:33,194 - INFO - Saved 0 new orders, skipped 100 existing orders
2025-10-14 20:59:33,195 - INFO - Download completed: 0 new trades saved, 100 existing trades skipped
2025-10-14 20:59:33,199 - INFO - Alpaca client initialized successfully
2025-10-14 20:59:33,200 - INFO - Trades database initialized
2025-10-14 20:59:33,200 - INFO - Date range: 2025-10-14 to 2025-10-14
2025-10-14 20:59:33,200 - INFO - Fetching orders from Alpaca API...
2025-10-14 20:59:33,730 - INFO - Successfully fetched 100 orders
2025-10-14 20:59:33,735 - INFO - Saved 0 new orders, skipped 100 existing orders
2025-10-14 20:59:33,736 - INFO - Download completed: 0 new trades saved, 100 existing trades skipped
2025-10-14 21:04:02,721 - INFO - Alpaca client initialized successfully
2025-10-14 21:04:02,722 - INFO - Trades database initialized
2025-10-14 21:04:02,722 - INFO - Date range: 2025-10-14 to 2025-10-14
2025-10-14 21:04:02,722 - INFO - Fetching orders from Alpaca API...
2025-10-14 21:04:03,313 - INFO - Successfully fetched 100 orders
2025-10-14 21:04:03,319 - INFO - Saved 0 new orders, skipped 100 existing orders
2025-10-14 21:04:03,320 - INFO - Download completed: 0 new trades saved, 100 existing trades skipped
2025-10-14 21:04:09,102 - INFO - Alpaca client initialized successfully
2025-10-14 21:04:09,103 - INFO - Trades database initialized
2025-10-14 21:04:09,103 - INFO - Date range: 2025-10-14 to 2025-10-14
2025-10-14 21:04:09,103 - INFO - Fetching orders from Alpaca API...
2025-10-14 21:04:09,614 - INFO - Successfully fetched 100 orders
2025-10-14 21:04:09,619 - INFO - Saved 0 new orders, skipped 100 existing orders
2025-10-14 21:04:09,620 - INFO - Download completed: 0 new trades saved, 100 existing trades skipped
2025-10-14 21:04:09,624 - INFO - Alpaca client initialized successfully
2025-10-14 21:04:09,625 - INFO - Trades database initialized
2025-10-14 21:04:09,625 - INFO - Date range: 2025-10-14 to 2025-10-14
2025-10-14 21:04:09,625 - INFO - Fetching orders from Alpaca API...
2025-10-14 21:04:10,133 - INFO - Successfully fetched 100 orders
2025-10-14 21:04:10,138 - INFO - Saved 0 new orders, skipped 100 existing orders
2025-10-14 21:04:10,140 - INFO - Download completed: 0 new trades saved, 100 existing trades skipped
2025-10-14 21:06:14,680 - INFO - Alpaca client initialized successfully
2025-10-14 21:06:14,680 - INFO - Trades database initialized
2025-10-14 21:06:14,681 - INFO - Date range: 2025-10-14 to 2025-10-14
2025-10-14 21:06:14,681 - INFO - Fetching orders from Alpaca API...
2025-10-14 21:06:15,215 - INFO - Successfully fetched 100 orders
2025-10-14 21:06:15,220 - INFO - Saved 0 new orders, skipped 100 existing orders
2025-10-14 21:06:15,221 - INFO - Download completed: 0 new trades saved, 100 existing trades skipped
2025-10-14 21:06:15,225 - INFO - Alpaca client initialized successfully
2025-10-14 21:06:15,225 - INFO - Trades database initialized
2025-10-14 21:06:15,226 - INFO - Date range: 2025-10-14 to 2025-10-14
2025-10-14 21:06:15,226 - INFO - Fetching orders from Alpaca API...
2025-10-14 21:06:15,782 - INFO - Successfully fetched 100 orders
2025-10-14 21:06:15,789 - INFO - Saved 0 new orders, skipped 100 existing orders
2025-10-14 21:06:15,790 - INFO - Download completed: 0 new trades saved, 100 existing trades skipped
2025-10-14 21:07:21,164 - INFO - Alpaca client initialized successfully
2025-10-14 21:07:21,165 - INFO - Trades database initialized
2025-10-14 21:07:21,165 - INFO - Date range: 2025-10-14 to 2025-10-14
2025-10-14 21:07:21,165 - INFO - Fetching orders from Alpaca API...
2025-10-14 21:07:21,720 - INFO - Successfully fetched 100 orders
2025-10-14 21:07:21,725 - INFO - Saved 0 new orders, skipped 100 existing orders
2025-10-14 21:07:21,726 - INFO - Download completed: 0 new trades saved, 100 existing trades skipped
2025-10-14 21:07:34,599 - INFO - Alpaca client initialized successfully
2025-10-14 21:07:34,599 - INFO - Trades database initialized
2025-10-14 21:07:34,600 - INFO - Date range: 2025-10-14 to 2025-10-14
2025-10-14 21:07:34,600 - INFO - Fetching orders from Alpaca API...
2025-10-14 21:07:35,123 - INFO - Successfully fetched 100 orders
2025-10-14 21:07:35,128 - INFO - Saved 0 new orders, skipped 100 existing orders
2025-10-14 21:07:35,129 - INFO - Download completed: 0 new trades saved, 100 existing trades skipped
2025-10-14 21:07:49,862 - INFO - Alpaca client initialized successfully
2025-10-14 21:07:49,863 - INFO - Trades database initialized
2025-10-14 21:07:49,863 - INFO - Date range: 2025-10-14 to 2025-10-14
2025-10-14 21:07:49,863 - INFO - Fetching orders from Alpaca API...
2025-10-14 21:07:50,411 - INFO - Successfully fetched 100 orders
2025-10-14 21:07:50,416 - INFO - Saved 0 new orders, skipped 100 existing orders
2025-10-14 21:07:50,417 - INFO - Download completed: 0 new trades saved, 100 existing trades skipped
2025-10-14 21:07:50,421 - INFO - Alpaca client initialized successfully
2025-10-14 21:07:50,422 - INFO - Trades database initialized
2025-10-14 21:07:50,422 - INFO - Date range: 2025-10-14 to 2025-10-14
2025-10-14 21:07:50,422 - INFO - Fetching orders from Alpaca API...
2025-10-14 21:07:50,925 - INFO - Successfully fetched 100 orders
2025-10-14 21:07:50,930 - INFO - Saved 0 new orders, skipped 100 existing orders
2025-10-14 21:07:50,932 - INFO - Download completed: 0 new trades saved, 100 existing trades skipped
2025-10-14 21:09:27,796 - INFO - Alpaca client initialized successfully
2025-10-14 21:09:27,797 - INFO - Trades database initialized
2025-10-14 21:09:27,797 - INFO - Date range: 2025-10-14 to 2025-10-14
2025-10-14 21:09:27,797 - INFO - Fetching orders from Alpaca API...
2025-10-14 21:09:28,523 - INFO - Successfully fetched 100 orders
2025-10-14 21:09:28,528 - INFO - Saved 0 new orders, skipped 100 existing orders
2025-10-14 21:09:28,529 - INFO - Download completed: 0 new trades saved, 100 existing trades skipped
2025-10-14 21:09:28,533 - INFO - Alpaca client initialized successfully
2025-10-14 21:09:28,533 - INFO - Trades database initialized
2025-10-14 21:09:28,533 - INFO - Date range: 2025-10-14 to 2025-10-14
2025-10-14 21:09:28,534 - INFO - Fetching orders from Alpaca API...
2025-10-14 21:09:29,365 - INFO - Successfully fetched 100 orders
2025-10-14 21:09:29,370 - INFO - Saved 0 new orders, skipped 100 existing orders
2025-10-14 21:09:29,372 - INFO - Download completed: 0 new trades saved, 100 existing trades skipped
2025-10-14 21:10:59,161 - INFO - Alpaca client initialized successfully
2025-10-14 21:10:59,162 - INFO - Trades database initialized
2025-10-14 21:10:59,162 - INFO - Date range: 2025-10-14 to 2025-10-14
2025-10-14 21:10:59,162 - INFO - Fetching orders from Alpaca API...
2025-10-14 21:10:59,904 - INFO - Successfully fetched 100 orders
2025-10-14 21:10:59,909 - INFO - Saved 0 new orders, skipped 100 existing orders
2025-10-14 21:10:59,910 - INFO - Download completed: 0 new trades saved, 100 existing trades skipped
2025-10-14 21:10:59,914 - INFO - Alpaca client initialized successfully
2025-10-14 21:10:59,915 - INFO - Trades database initialized
2025-10-14 21:10:59,916 - INFO - Date range: 2025-10-14 to 2025-10-14
2025-10-14 21:10:59,916 - INFO - Fetching orders from Alpaca API...
2025-10-14 21:11:00,527 - INFO - Successfully fetched 100 orders
2025-10-14 21:11:00,531 - INFO - Saved 0 new orders, skipped 100 existing orders
2025-10-14 21:11:00,533 - INFO - Download completed: 0 new trades saved, 100 existing trades skipped
2025-10-14 21:11:16,714 - INFO - Alpaca client initialized successfully
2025-10-14 21:11:16,715 - INFO - Trades database initialized
2025-10-14 21:11:16,715 - INFO - Date range: 2025-10-14 to 2025-10-14
2025-10-14 21:11:16,716 - INFO - Fetching orders from Alpaca API...
2025-10-14 21:11:17,296 - INFO - Successfully fetched 100 orders
2025-10-14 21:11:17,301 - INFO - Saved 0 new orders, skipped 100 existing orders
2025-10-14 21:11:17,302 - INFO - Download completed: 0 new trades saved, 100 existing trades skipped
2025-10-14 21:11:17,305 - INFO - Alpaca client initialized successfully
2025-10-14 21:11:17,306 - INFO - Trades database initialized
2025-10-14 21:11:17,306 - INFO - Date range: 2025-10-14 to 2025-10-14
2025-10-14 21:11:17,306 - INFO - Fetching orders from Alpaca API...
2025-10-14 21:11:17,870 - INFO - Successfully fetched 100 orders
2025-10-14 21:11:17,875 - INFO - Saved 0 new orders, skipped 100 existing orders
2025-10-14 21:11:17,876 - INFO - Download completed: 0 new trades saved, 100 existing trades skipped
2025-10-14 21:12:08,486 - INFO - Alpaca client initialized successfully
2025-10-14 21:12:08,487 - INFO - Trades database initialized
2025-10-14 21:12:08,487 - INFO - Date range: 2025-10-14 to 2025-10-14
2025-10-14 21:12:08,487 - INFO - Fetching orders from Alpaca API...
2025-10-14 21:12:09,296 - INFO - Successfully fetched 100 orders
2025-10-14 21:12:09,301 - INFO - Saved 0 new orders, skipped 100 existing orders
2025-10-14 21:12:09,302 - INFO - Download completed: 0 new trades saved, 100 existing trades skipped
2025-10-14 21:12:58,584 - INFO - Alpaca client initialized successfully
2025-10-14 21:12:58,585 - INFO - Trades database initialized
2025-10-14 21:12:58,585 - INFO - Date range: 2025-10-14 to 2025-10-14
2025-10-14 21:12:58,585 - INFO - Fetching orders from Alpaca API...
2025-10-14 21:12:59,093 - INFO - Successfully fetched 100 orders
2025-10-14 21:12:59,098 - INFO - Saved 0 new orders, skipped 100 existing orders
2025-10-14 21:12:59,099 - INFO - Download completed: 0 new trades saved, 100 existing trades skipped
2025-10-14 21:12:59,103 - INFO - Alpaca client initialized successfully
2025-10-14 21:12:59,103 - INFO - Trades database initialized
2025-10-14 21:12:59,104 - INFO - Date range: 2025-10-14 to 2025-10-14
2025-10-14 21:12:59,104 - INFO - Fetching orders from Alpaca API...
2025-10-14 21:12:59,601 - INFO - Successfully fetched 100 orders
2025-10-14 21:12:59,606 - INFO - Saved 0 new orders, skipped 100 existing orders
2025-10-14 21:12:59,607 - INFO - Download completed: 0 new trades saved, 100 existing trades skipped
2025-10-14 21:16:30,348 - INFO - Alpaca client initialized successfully
2025-10-14 21:16:30,349 - INFO - Trades database initialized
2025-10-14 21:16:30,349 - INFO - Date range: 2025-10-14 to 2025-10-14
2025-10-14 21:16:30,350 - INFO - Fetching orders from Alpaca API...
2025-10-14 21:16:30,869 - INFO - Successfully fetched 100 orders
2025-10-14 21:16:30,874 - INFO - Saved 0 new orders, skipped 100 existing orders
2025-10-14 21:16:30,876 - INFO - Download completed: 0 new trades saved, 100 existing trades skipped
2025-10-14 21:18:04,035 - INFO - Alpaca client initialized successfully
2025-10-14 21:18:04,036 - INFO - Trades database initialized
2025-10-14 21:18:04,036 - INFO - Date range: 2025-10-14 to 2025-10-14
2025-10-14 21:18:04,036 - INFO - Fetching orders from Alpaca API...
2025-10-14 21:18:04,656 - INFO - Successfully fetched 100 orders
2025-10-14 21:18:04,661 - INFO - Saved 0 new orders, skipped 100 existing orders
2025-10-14 21:18:04,662 - INFO - Download completed: 0 new trades saved, 100 existing trades skipped
2025-10-14 21:18:04,666 - INFO - Alpaca client initialized successfully
2025-10-14 21:18:04,667 - INFO - Trades database initialized
2025-10-14 21:18:04,667 - INFO - Date range: 2025-10-14 to 2025-10-14
2025-10-14 21:18:04,667 - INFO - Fetching orders from Alpaca API...
2025-10-14 21:18:05,173 - INFO - Successfully fetched 100 orders
2025-10-14 21:18:05,179 - INFO - Saved 0 new orders, skipped 100 existing orders
2025-10-14 21:18:05,180 - INFO - Download completed: 0 new trades saved, 100 existing trades skipped
2025-10-14 21:19:17,865 - INFO - Alpaca client initialized successfully
2025-10-14 21:19:17,867 - INFO - Trades database initialized
2025-10-14 21:19:17,868 - INFO - Date range: 2025-10-14 to 2025-10-14
2025-10-14 21:19:17,868 - INFO - Fetching orders from Alpaca API...
2025-10-14 21:19:18,531 - INFO - Successfully fetched 100 orders
2025-10-14 21:19:18,536 - INFO - Saved 0 new orders, skipped 100 existing orders
2025-10-14 21:19:18,537 - INFO - Download completed: 0 new trades saved, 100 existing trades skipped
2025-10-14 21:19:18,541 - INFO - Alpaca client initialized successfully
2025-10-14 21:19:18,542 - INFO - Trades database initialized
2025-10-14 21:19:18,542 - INFO - Date range: 2025-10-14 to 2025-10-14
2025-10-14 21:19:18,542 - INFO - Fetching orders from Alpaca API...
2025-10-14 21:19:19,150 - INFO - Successfully fetched 100 orders
2025-10-14 21:19:19,155 - INFO - Saved 0 new orders, skipped 100 existing orders
2025-10-14 21:19:19,156 - INFO - Download completed: 0 new trades saved, 100 existing trades skipped
2025-10-14 21:19:19,160 - INFO - Alpaca client initialized successfully
2025-10-14 21:19:19,160 - INFO - Trades database initialized
2025-10-14 21:19:19,161 - INFO - Date range: 2025-10-14 to 2025-10-14
2025-10-14 21:19:19,161 - INFO - Fetching orders from Alpaca API...
2025-10-14 21:19:19,664 - INFO - Successfully fetched 100 orders
2025-10-14 21:19:19,670 - INFO - Saved 0 new orders, skipped 100 existing orders
2025-10-14 21:19:19,671 - INFO - Download completed: 0 new trades saved, 100 existing trades skipped
2025-10-14 21:19:20,364 - INFO - Alpaca client initialized successfully
2025-10-14 21:19:20,365 - INFO - Trades database initialized
2025-10-14 21:19:20,365 - INFO - Date range: 2025-10-14 to 2025-10-14
2025-10-14 21:19:20,366 - INFO - Fetching orders from Alpaca API...
2025-10-14 21:19:20,925 - INFO - Successfully fetched 100 orders
2025-10-14 21:19:20,930 - INFO - Saved 0 new orders, skipped 100 existing orders
2025-10-14 21:19:20,932 - INFO - Download completed: 0 new trades saved, 100 existing trades skipped
2025-10-14 21:19:22,681 - INFO - Alpaca client initialized successfully
2025-10-14 21:19:22,682 - INFO - Trades database initialized
2025-10-14 21:19:22,682 - INFO - Date range: 2025-10-14 to 2025-10-14
2025-10-14 21:19:22,682 - INFO - Fetching orders from Alpaca API...
2025-10-14 21:19:23,241 - INFO - Successfully fetched 100 orders
2025-10-14 21:19:23,246 - INFO - Saved 0 new orders, skipped 100 existing orders
2025-10-14 21:19:23,247 - INFO - Download completed: 0 new trades saved, 100 existing trades skipped
2025-10-14 21:19:23,251 - INFO - Alpaca client initialized successfully
2025-10-14 21:19:23,251 - INFO - Trades database initialized
2025-10-14 21:19:23,252 - INFO - Date range: 2025-10-14 to 2025-10-14
2025-10-14 21:19:23,252 - INFO - Fetching orders from Alpaca API...
2025-10-14 21:19:23,814 - INFO - Successfully fetched 100 orders
2025-10-14 21:19:23,819 - INFO - Saved 0 new orders, skipped 100 existing orders
2025-10-14 21:19:23,820 - INFO - Download completed: 0 new trades saved, 100 existing trades skipped
2025-10-14 21:19:48,981 - INFO - Alpaca client initialized successfully
2025-10-14 21:19:48,981 - INFO - Trades database initialized
2025-10-14 21:19:48,982 - INFO - Date range: 2025-10-14 to 2025-10-14
2025-10-14 21:19:48,982 - INFO - Fetching orders from Alpaca API...
2025-10-14 21:19:49,546 - INFO - Successfully fetched 100 orders
2025-10-14 21:19:49,552 - INFO - Saved 0 new orders, skipped 100 existing orders
2025-10-14 21:19:49,553 - INFO - Download completed: 0 new trades saved, 100 existing trades skipped
2025-10-14 21:19:49,556 - INFO - Alpaca client initialized successfully
2025-10-14 21:19:49,557 - INFO - Trades database initialized
2025-10-14 21:19:49,557 - INFO - Date range: 2025-10-14 to 2025-10-14
2025-10-14 21:19:49,557 - INFO - Fetching orders from Alpaca API...
2025-10-14 21:19:50,104 - INFO - Successfully fetched 100 orders
2025-10-14 21:19:50,109 - INFO - Saved 0 new orders, skipped 100 existing orders
2025-10-14 21:19:50,110 - INFO - Download completed: 0 new trades saved, 100 existing trades skipped
2025-10-14 21:24:04,630 - INFO - Alpaca client initialized successfully
2025-10-14 21:24:04,630 - INFO - Trades database initialized
2025-10-14 21:24:04,631 - INFO - Date range: 2025-10-14 to 2025-10-14
2025-10-14 21:24:04,631 - INFO - Fetching orders from Alpaca API...
2025-10-14 21:24:05,203 - INFO - Successfully fetched 100 orders
2025-10-14 21:24:05,208 - INFO - Saved 0 new orders, skipped 100 existing orders
2025-10-14 21:24:05,209 - INFO - Download completed: 0 new trades saved, 100 existing trades skipped
2025-10-14 21:24:05,212 - INFO - Alpaca client initialized successfully
2025-10-14 21:24:05,213 - INFO - Trades database initialized
2025-10-14 21:24:05,213 - INFO - Date range: 2025-10-14 to 2025-10-14
2025-10-14 21:24:05,214 - INFO - Fetching orders from Alpaca API...
2025-10-14 21:24:05,841 - INFO - Successfully fetched 100 orders
2025-10-14 21:24:05,846 - INFO - Saved 0 new orders, skipped 100 existing orders
2025-10-14 21:24:05,847 - INFO - Download completed: 0 new trades saved, 100 existing trades skipped
2025-10-14 21:24:18,163 - INFO - Alpaca client initialized successfully
2025-10-14 21:24:18,164 - INFO - Trades database initialized
2025-10-14 21:24:18,164 - INFO - Date range: 2025-10-14 to 2025-10-14
2025-10-14 21:24:18,164 - INFO - Fetching orders from Alpaca API...
2025-10-14 21:24:18,641 - INFO - Successfully fetched 100 orders
2025-10-14 21:24:18,645 - INFO - Saved 0 new orders, skipped 100 existing orders
2025-10-14 21:24:18,646 - INFO - Download completed: 0 new trades saved, 100 existing trades skipped
2025-10-14 21:24:18,649 - INFO - Alpaca client initialized successfully
2025-10-14 21:24:18,649 - INFO - Trades database initialized
2025-10-14 21:24:18,650 - INFO - Date range: 2025-10-14 to 2025-10-14
2025-10-14 21:24:18,650 - INFO - Fetching orders from Alpaca API...
2025-10-14 21:24:19,179 - INFO - Successfully fetched 100 orders
2025-10-14 21:24:19,184 - INFO - Saved 0 new orders, skipped 100 existing orders
2025-10-14 21:24:19,186 - INFO - Download completed: 0 new trades saved, 100 existing trades skipped
2025-10-14 21:24:47,068 - INFO - Alpaca client initialized successfully
2025-10-14 21:24:47,069 - INFO - Trades database initialized
2025-10-14 21:24:47,069 - INFO - Date range: 2025-10-14 to 2025-10-14
2025-10-14 21:24:47,070 - INFO - Fetching orders from Alpaca API...
2025-10-14 21:24:47,622 - INFO - Successfully fetched 100 orders
2025-10-14 21:24:47,626 - INFO - Saved 0 new orders, skipped 100 existing orders
2025-10-14 21:24:47,627 - INFO - Download completed: 0 new trades saved, 100 existing trades skipped
2025-10-14 21:24:47,630 - INFO - Alpaca client initialized successfully
2025-10-14 21:24:47,630 - INFO - Trades database initialized
2025-10-14 21:24:47,631 - INFO - Date range: 2025-10-14 to 2025-10-14
2025-10-14 21:24:47,631 - INFO - Fetching orders from Alpaca API...
2025-10-14 21:24:48,113 - INFO - Successfully fetched 100 orders
2025-10-14 21:24:48,119 - INFO - Saved 0 new orders, skipped 100 existing orders
2025-10-14 21:24:48,120 - INFO - Download completed: 0 new trades saved, 100 existing trades skipped
2025-10-14 21:27:28,673 - INFO - Alpaca client initialized successfully
2025-10-14 21:27:28,674 - INFO - Trades database initialized
2025-10-14 21:27:28,675 - INFO - Date range: 2025-10-14 to 2025-10-14
2025-10-14 21:27:28,675 - INFO - Fetching orders from Alpaca API...
2025-10-14 21:27:29,255 - INFO - Successfully fetched 100 orders
2025-10-14 21:27:29,262 - INFO - Saved 0 new orders, skipped 100 existing orders
2025-10-14 21:27:29,263 - INFO - Download completed: 0 new trades saved, 100 existing trades skipped
2025-10-14 21:27:29,269 - INFO - Alpaca client initialized successfully
2025-10-14 21:27:29,270 - INFO - Trades database initialized
2025-10-14 21:27:29,270 - INFO - Date range: 2025-10-14 to 2025-10-14
2025-10-14 21:27:29,271 - INFO - Fetching orders from Alpaca API...
2025-10-14 21:27:29,819 - INFO - Successfully fetched 100 orders
2025-10-14 21:27:29,825 - INFO - Saved 0 new orders, skipped 100 existing orders
2025-10-14 21:27:29,826 - INFO - Download completed: 0 new trades saved, 100 existing trades skipped
2025-10-14 21:27:36,473 - INFO - Alpaca client initialized successfully
2025-10-14 21:27:36,489 - INFO - Trades database initialized
2025-10-14 21:27:36,489 - INFO - Date range: 2025-10-14 to 2025-10-14
2025-10-14 21:27:36,508 - INFO - Fetching orders from Alpaca API...
2025-10-14 21:27:37,046 - INFO - Successfully fetched 100 orders
2025-10-14 21:27:37,051 - INFO - Saved 0 new orders, skipped 100 existing orders
2025-10-14 21:27:37,053 - INFO - Download completed: 0 new trades saved, 100 existing trades skipped
2025-10-14 21:27:37,056 - INFO - Alpaca client initialized successfully
2025-10-14 21:27:37,057 - INFO - Trades database initialized
2025-10-14 21:27:37,057 - INFO - Date range: 2025-10-14 to 2025-10-14
2025-10-14 21:27:37,057 - INFO - Fetching orders from Alpaca API...
2025-10-14 21:27:37,644 - INFO - Successfully fetched 100 orders
2025-10-14 21:27:37,649 - INFO - Saved 0 new orders, skipped 100 existing orders
2025-10-14 21:27:37,650 - INFO - Download completed: 0 new trades saved, 100 existing trades skipped
2025-10-14 21:33:11,696 - INFO - Alpaca client initialized successfully
2025-10-14 21:33:11,697 - INFO - Trades database initialized
2025-10-14 21:33:11,697 - INFO - Date range: 2025-10-14 to 2025-10-14
2025-10-14 21:33:11,697 - INFO - Fetching orders from Alpaca API...
2025-10-14 21:33:12,306 - INFO - Successfully fetched 100 orders
2025-10-14 21:33:12,310 - INFO - Saved 0 new orders, skipped 100 existing orders
2025-10-14 21:33:12,311 - INFO - Download completed: 0 new trades saved, 100 existing trades skipped
2025-10-14 21:33:12,313 - INFO - Alpaca client initialized successfully
2025-10-14 21:33:12,314 - INFO - Trades database initialized
2025-10-14 21:33:12,314 - INFO - Date range: 2025-10-14 to 2025-10-14
2025-10-14 21:33:12,314 - INFO - Fetching orders from Alpaca API...
2025-10-14 21:33:12,814 - INFO - Successfully fetched 100 orders
2025-10-14 21:33:12,818 - INFO - Saved 0 new orders, skipped 100 existing orders
2025-10-14 21:33:12,819 - INFO - Download completed: 0 new trades saved, 100 existing trades skipped
2025-10-14 21:33:16,253 - INFO - Alpaca client initialized successfully
2025-10-14 21:33:16,254 - INFO - Trades database initialized
2025-10-14 21:33:16,254 - INFO - Date range: 2025-10-14 to 2025-10-14
2025-10-14 21:33:16,254 - INFO - Fetching orders from Alpaca API...
2025-10-14 21:33:16,861 - INFO - Successfully fetched 100 orders
2025-10-14 21:33:16,865 - INFO - Saved 0 new orders, skipped 100 existing orders
2025-10-14 21:33:16,866 - INFO - Download completed: 0 new trades saved, 100 existing trades skipped
2025-10-14 21:44:01,693 - INFO - Alpaca client initialized successfully
2025-10-14 21:44:01,694 - INFO - Trades database initialized
2025-10-14 21:44:01,695 - INFO - Date range: 2025-10-14 to 2025-10-14
2025-10-14 21:44:01,695 - INFO - Fetching orders from Alpaca API...
2025-10-14 21:44:02,265 - INFO - Successfully fetched 100 orders
2025-10-14 21:44:02,270 - INFO - Saved 0 new orders, skipped 100 existing orders
2025-10-14 21:44:02,271 - INFO - Download completed: 0 new trades saved, 100 existing trades skipped
2025-10-14 21:44:02,275 - INFO - Alpaca client initialized successfully
2025-10-14 21:44:02,276 - INFO - Trades database initialized
2025-10-14 21:44:02,276 - INFO - Date range: 2025-10-14 to 2025-10-14
2025-10-14 21:44:02,276 - INFO - Fetching orders from Alpaca API...
2025-10-14 21:44:02,833 - INFO - Successfully fetched 100 orders
2025-10-14 21:44:02,838 - INFO - Saved 0 new orders, skipped 100 existing orders
2025-10-14 21:44:02,840 - INFO - Download completed: 0 new trades saved, 100 existing trades skipped
2025-10-14 22:02:30,424 - INFO - Alpaca client initialized successfully
2025-10-14 22:02:30,425 - INFO - Trades database initialized
2025-10-14 22:02:30,425 - INFO - Date range: 2025-10-14 to 2025-10-14
2025-10-14 22:02:30,426 - INFO - Fetching orders from Alpaca API...
2025-10-14 22:02:30,972 - INFO - Successfully fetched 100 orders
2025-10-14 22:02:30,978 - INFO - Saved 0 new orders, skipped 100 existing orders
2025-10-14 22:02:30,979 - INFO - Download completed: 0 new trades saved, 100 existing trades skipped
2025-10-14 22:02:30,983 - INFO - Alpaca client initialized successfully
2025-10-14 22:02:30,984 - INFO - Trades database initialized
2025-10-14 22:02:30,984 - INFO - Date range: 2025-10-14 to 2025-10-14
2025-10-14 22:02:30,984 - INFO - Fetching orders from Alpaca API...
2025-10-14 22:02:31,548 - INFO - Successfully fetched 100 orders
2025-10-14 22:02:31,554 - INFO - Saved 0 new orders, skipped 100 existing orders
2025-10-14 22:02:31,555 - INFO - Download completed: 0 new trades saved, 100 existing trades skipped
2025-10-14 22:05:06,124 - INFO - Alpaca client initialized successfully
2025-10-14 22:05:06,125 - INFO - Trades database initialized
2025-10-14 22:05:06,125 - INFO - Date range: 2025-10-14 to 2025-10-14
2025-10-14 22:05:06,125 - INFO - Fetching orders from Alpaca API...
2025-10-14 22:05:06,645 - INFO - Successfully fetched 100 orders
2025-10-14 22:05:06,650 - INFO - Saved 0 new orders, skipped 100 existing orders
2025-10-14 22:05:06,651 - INFO - Download completed: 0 new trades saved, 100 existing trades skipped
2025-10-14 22:05:06,654 - INFO - Alpaca client initialized successfully
2025-10-14 22:05:06,655 - INFO - Trades database initialized
2025-10-14 22:05:06,655 - INFO - Date range: 2025-10-14 to 2025-10-14
2025-10-14 22:05:06,655 - INFO - Fetching orders from Alpaca API...
2025-10-14 22:05:07,401 - INFO - Successfully fetched 100 orders
2025-10-14 22:05:07,406 - INFO - Saved 0 new orders, skipped 100 existing orders
2025-10-14 22:05:07,407 - INFO - Download completed: 0 new trades saved, 100 existing trades skipped
2025-10-14 22:06:17,733 - INFO - Alpaca client initialized successfully
2025-10-14 22:06:17,733 - INFO - Trades database initialized
2025-10-14 22:06:17,734 - INFO - Date range: 2025-10-14 to 2025-10-14
2025-10-14 22:06:17,734 - INFO - Fetching orders from Alpaca API...
2025-10-14 22:06:18,224 - INFO - Successfully fetched 100 orders
2025-10-14 22:06:18,229 - INFO - Saved 0 new orders, skipped 100 existing orders
2025-10-14 22:06:18,230 - INFO - Download completed: 0 new trades saved, 100 existing trades skipped
2025-10-14 22:06:18,234 - INFO - Alpaca client initialized successfully
2025-10-14 22:06:18,235 - INFO - Trades database initialized
2025-10-14 22:06:18,235 - INFO - Date range: 2025-10-14 to 2025-10-14
2025-10-14 22:06:18,235 - INFO - Fetching orders from Alpaca API...
2025-10-14 22:06:18,739 - INFO - Successfully fetched 100 orders
2025-10-14 22:06:18,744 - INFO - Saved 0 new orders, skipped 100 existing orders
2025-10-14 22:06:18,745 - INFO - Download completed: 0 new trades saved, 100 existing trades skipped
2025-10-14 22:09:21,375 - INFO - Alpaca client initialized successfully
2025-10-14 22:09:21,376 - INFO - Trades database initialized
2025-10-14 22:09:21,376 - INFO - Date range: 2025-10-14 to 2025-10-14
2025-10-14 22:09:21,377 - INFO - Fetching orders from Alpaca API...
2025-10-14 22:09:21,895 - INFO - Successfully fetched 100 orders
2025-10-14 22:09:21,902 - INFO - Saved 0 new orders, skipped 100 existing orders
2025-10-14 22:09:21,904 - INFO - Download completed: 0 new trades saved, 100 existing trades skipped
2025-10-14 22:09:42,255 - INFO - Alpaca client initialized successfully
2025-10-14 22:09:42,257 - INFO - Trades database initialized
2025-10-14 22:09:42,257 - INFO - Date range: 2025-10-14 to 2025-10-14
2025-10-14 22:09:42,258 - INFO - Fetching orders from Alpaca API...
2025-10-14 22:09:42,789 - INFO - Successfully fetched 100 orders
2025-10-14 22:09:42,794 - INFO - Saved 0 new orders, skipped 100 existing orders
2025-10-14 22:09:42,796 - INFO - Download completed: 0 new trades saved, 100 existing trades skipped
2025-10-14 22:09:55,578 - INFO - Alpaca client initialized successfully
2025-10-14 22:09:55,579 - INFO - Trades database initialized
2025-10-14 22:09:55,579 - INFO - Date range: 2025-10-14 to 2025-10-14
2025-10-14 22:09:55,579 - INFO - Fetching orders from Alpaca API...
2025-10-14 22:09:56,072 - INFO - Successfully fetched 100 orders
2025-10-14 22:09:56,077 - INFO - Saved 0 new orders, skipped 100 existing orders
2025-10-14 22:09:56,078 - INFO - Download completed: 0 new trades saved, 100 existing trades skipped
2025-10-14 22:09:56,081 - INFO - Alpaca client initialized successfully
2025-10-14 22:09:56,082 - INFO - Trades database initialized
2025-10-14 22:09:56,082 - INFO - Date range: 2025-10-14 to 2025-10-14
2025-10-14 22:09:56,083 - INFO - Fetching orders from Alpaca API...
2025-10-14 22:09:56,595 - INFO - Successfully fetched 100 orders
2025-10-14 22:09:56,600 - INFO - Saved 0 new orders, skipped 100 existing orders
2025-10-14 22:09:56,601 - INFO - Download completed: 0 new trades saved, 100 existing trades skipped
2025-10-14 22:11:07,209 - INFO - Alpaca client initialized successfully
2025-10-14 22:11:07,209 - INFO - Trades database initialized
2025-10-14 22:11:07,209 - INFO - Date range: 2025-10-14 to 2025-10-14
2025-10-14 22:11:07,210 - INFO - Fetching orders from Alpaca API...
2025-10-14 22:11:07,738 - INFO - Successfully fetched 100 orders
2025-10-14 22:11:07,743 - INFO - Saved 0 new orders, skipped 100 existing orders
2025-10-14 22:11:07,744 - INFO - Download completed: 0 new trades saved, 100 existing trades skipped
2025-10-14 22:11:07,748 - INFO - Alpaca client initialized successfully
2025-10-14 22:11:07,748 - INFO - Trades database initialized
2025-10-14 22:11:07,749 - INFO - Date range: 2025-10-14 to 2025-10-14
2025-10-14 22:11:07,749 - INFO - Fetching orders from Alpaca API...
2025-10-14 22:11:08,270 - INFO - Successfully fetched 100 orders
2025-10-14 22:11:08,275 - INFO - Saved 0 new orders, skipped 100 existing orders
2025-10-14 22:11:08,276 - INFO - Download completed: 0 new trades saved, 100 existing trades skipped
2025-10-14 22:11:22,773 - INFO - Alpaca client initialized successfully
2025-10-14 22:11:22,774 - INFO - Trades database initialized
2025-10-14 22:11:22,775 - INFO - Date range: 2025-10-14 to 2025-10-14
2025-10-14 22:11:22,775 - INFO - Fetching orders from Alpaca API...
2025-10-14 22:11:23,260 - INFO - Successfully fetched 100 orders
2025-10-14 22:11:23,265 - INFO - Saved 0 new orders, skipped 100 existing orders
2025-10-14 22:11:23,267 - INFO - Download completed: 0 new trades saved, 100 existing trades skipped
2025-10-14 22:11:23,271 - INFO - Alpaca client initialized successfully
2025-10-14 22:11:23,272 - INFO - Trades database initialized
2025-10-14 22:11:23,272 - INFO - Date range: 2025-10-14 to 2025-10-14
2025-10-14 22:11:23,272 - INFO - Fetching orders from Alpaca API...
2025-10-14 22:11:23,761 - INFO - Successfully fetched 100 orders
2025-10-14 22:11:23,767 - INFO - Saved 0 new orders, skipped 100 existing orders
2025-10-14 22:11:23,768 - INFO - Download completed: 0 new trades saved, 100 existing trades skipped
2025-10-14 22:22:12,150 - INFO - Alpaca client initialized successfully
2025-10-14 22:22:12,151 - INFO - Trades database initialized
2025-10-14 22:22:12,152 - INFO - Date range: 2025-10-14 to 2025-10-14
2025-10-14 22:22:12,152 - INFO - Fetching orders from Alpaca API...
2025-10-14 22:22:12,686 - INFO - Successfully fetched 100 orders
2025-10-14 22:22:12,691 - INFO - Saved 0 new orders, skipped 100 existing orders
2025-10-14 22:22:12,692 - INFO - Download completed: 0 new trades saved, 100 existing trades skipped
2025-10-14 22:22:12,696 - INFO - Alpaca client initialized successfully
2025-10-14 22:22:12,697 - INFO - Trades database initialized
2025-10-14 22:22:12,697 - INFO - Date range: 2025-10-14 to 2025-10-14
2025-10-14 22:22:12,697 - INFO - Fetching orders from Alpaca API...
2025-10-14 22:22:13,202 - INFO - Successfully fetched 100 orders
2025-10-14 22:22:13,208 - INFO - Saved 0 new orders, skipped 100 existing orders
2025-10-14 22:22:13,209 - INFO - Download completed: 0 new trades saved, 100 existing trades skipped
