id,client_order_id,created_at,updated_at,submitted_at,filled_at,expired_at,canceled_at,failed_at,replaced_at,replaced_by,replaces,asset_id,symbol,asset_class,notional,qty,filled_qty,filled_avg_price,order_class,order_type,type,side,time_in_force,limit_price,stop_price,status,extended_hours,legs,trail_percent,trail_price,hwm
761a442d-8572-4b3b-adfb-9b8992038b65,b663e324-dcc1-4912-aa15-2718c711f4bb,2025-10-13T18:59:00.220864+00:00,2025-10-13T18:59:00.247118+00:00,2025-10-13T18:59:00.225123+00:00,2025-10-13T18:59:00.231000+00:00,,,,,,,8ccae427-5dd0-45b3-b5fe-7ba5e422c766,TSLA,us_equity,,1,1,433.22,simple,market,market,buy,day,,,filled,False,,,,
20922ae9-a6d0-43aa-8e43-95e39c75d808,20ee8bb6-1f73-4e8d-b93c-90e8aa269b5e,2025-10-13T18:59:00.220405+00:00,2025-10-13T18:59:00.246003+00:00,2025-10-13T18:59:00.224928+00:00,2025-10-13T18:59:00.231000+00:00,,,,,,,80e04a93-e1a8-4503-ab61-2ef1992650b4,PLTR,us_equity,,8,8,177.0112,simple,market,market,sell,day,,,filled,False,,,,
63a423b8-4a85-4b2f-8f93-5f1bfc19eadc,fe53d8b2-49ea-4215-a861-dc72391f9579,2025-10-13T18:59:00.219977+00:00,2025-10-13T18:59:00.243694+00:00,2025-10-13T18:59:00.224692+00:00,2025-10-13T18:59:00.231000+00:00,,,,,,,4ce9353c-66d1-46c2-898f-fce867ab0247,NVDA,us_equity,,3,3,187.618,simple,market,market,buy,day,,,filled,False,,,,
b0bd9631-4cd5-404a-b1a3-3bd95dc4679b,2dff99ed-cf7c-467c-bc18-614f098082d0,2025-10-13T18:59:00.218502+00:00,2025-10-13T18:59:00.247965+00:00,2025-10-13T18:59:00.224554+00:00,2025-10-13T18:59:00.234000+00:00,,,,,,,fc6a5dcd-4a70-4b8d-b64f-d83a6dae9ba4,META,us_equity,,1,1,713.5975,simple,market,market,sell,day,,,filled,False,,,,
16fd29a5-f63d-4ec6-9858-896b959ffb7c,7cf54c28-42c9-4bb5-b780-bfeda54d2630,2025-10-13T18:59:00.219564+00:00,2025-10-13T18:59:00.241831+00:00,2025-10-13T18:59:00.224508+00:00,2025-10-13T18:59:00.230000+00:00,,,,,,,bb2a26c0-4c77-4801-8afc-82e8142ac7b8,NFLX,us_equity,,1,1,1218.45,simple,market,market,sell,day,,,filled,False,,,,
5638e2f8-8523-48d0-8575-62e0bb31a897,93951a19-7433-4d5f-b1b8-7b1195ed2baf,2025-10-13T18:59:00.218087+00:00,2025-10-13T18:59:00.244946+00:00,2025-10-13T18:59:00.224402+00:00,2025-10-13T18:59:00.233000+00:00,,,,,,,69b15845-7c63-4586-b274-1cfdfe9df3d8,GOOGL,us_equity,,10,10,243.056,simple,market,market,sell,day,,,filled,False,,,,
aa48f460-4796-4587-bda8-d993d7abc0a9,76292295-a1ac-4763-b87a-801fbe87c764,2025-10-13T18:59:00.219178+00:00,2025-10-13T18:59:00.237329+00:00,2025-10-13T18:59:00.224352+00:00,2025-10-13T18:59:00.230000+00:00,,,,,,,b6d1aa75-5c9c-4353-a305-9e2caa1925ab,MSFT,us_equity,,1,1,513.6714,simple,market,market,sell,day,,,filled,False,,,,
ecd1d2b1-d087-4273-8b94-c2715d5d637a,aac58867-2c68-4832-bada-340c95450424,2025-10-13T18:59:00.217543+00:00,2025-10-13T18:59:00.249166+00:00,2025-10-13T18:59:00.224208+00:00,2025-10-13T18:59:00.235000+00:00,,,,,,,7a8b4fcf-0622-47ef-8541-de7f70ffc0c4,AVGO,us_equity,,1,1,355.6271,simple,market,market,sell,day,,,filled,False,,,,
c747229f-960f-436c-b77e-2a861789b176,6778507c-417a-4c7e-ad01-9b3552ee2e9c,2025-10-13T18:59:00.217043+00:00,2025-10-13T18:59:00.235473+00:00,2025-10-13T18:59:00.224084+00:00,2025-10-13T18:59:00.228000+00:00,,,,,,,f801f835-bfe6-4a9d-a6b1-ccbb84bfd75f,AMZN,us_equity,,4,4,220.2002,simple,market,market,sell,day,,,filled,False,,,,
4381234c-4e7f-4da8-a01b-f980352ba454,e50b524b-5e54-4444-96cf-826ad6c746c7,2025-10-13T18:59:00.216181+00:00,2025-10-13T18:59:00.246142+00:00,2025-10-13T18:59:00.223937+00:00,2025-10-13T18:59:00.233000+00:00,,,,,,,b0b6dd9d-8b9b-48a9-ba46-b9d54906e415,AAPL,us_equity,,5,5,248.469,simple,market,market,sell,day,,,filled,False,,,,
c1889508-5f7d-4cc3-9556-6028428642a8,5e68a03b-312d-490c-b812-77980997f0dd,2025-10-13T18:00:36.694091+00:00,2025-10-13T18:00:36.716784+00:00,2025-10-13T18:00:36.700346+00:00,2025-10-13T18:00:36.709000+00:00,,,,,,,4ce9353c-66d1-46c2-898f-fce867ab0247,NVDA,us_equity,,3,3,188.483,simple,market,market,sell,day,,,filled,False,,,,
b4835af3-ae1d-4d55-8810-a50aaa8209f4,eea922a4-21a0-48d0-ad7a-e9af119c904a,2025-10-13T18:00:36.678790+00:00,2025-10-13T18:00:36.741580+00:00,2025-10-13T18:00:36.681926+00:00,2025-10-13T18:00:36.698000+00:00,,,,,,,b0b6dd9d-8b9b-48a9-ba46-b9d54906e415,AAPL,us_equity,,5,5,249.08,simple,market,market,buy,day,,,filled,False,,,,
ba316385-86ff-4069-8cfd-aa7f94447976,d999845d-5b01-4fcd-bc5f-89c8d5092f93,2025-10-13T18:00:36.671640+00:00,2025-10-13T18:00:36.687491+00:00,2025-10-13T18:00:36.675492+00:00,2025-10-13T18:00:36.681000+00:00,,,,,,,fc6a5dcd-4a70-4b8d-b64f-d83a6dae9ba4,META,us_equity,,1,1,713.8,simple,market,market,buy,day,,,filled,False,,,,
405d3902-edd2-4446-8935-963cd1e70071,de480c5d-1fa5-47d6-b4f0-dc1c0340e325,2025-10-13T18:00:36.631444+00:00,2025-10-13T18:00:36.692864+00:00,2025-10-13T18:00:36.634803+00:00,2025-10-13T18:00:36.655000+00:00,,,,,,,69b15845-7c63-4586-b274-1cfdfe9df3d8,GOOGL,us_equity,,10,10,243.24,simple,market,market,buy,day,,,filled,False,,,,
4b185dbc-f4bb-477a-ab37-9fa543ce499f,d7aaca43-79a9-48c1-95d1-47667caa3fa8,2025-10-13T18:00:36.629118+00:00,2025-10-13T18:00:36.643707+00:00,2025-10-13T18:00:36.631955+00:00,2025-10-13T18:00:36.637000+00:00,,,,,,,80e04a93-e1a8-4503-ab61-2ef1992650b4,PLTR,us_equity,,8,8,177.3547,simple,market,market,buy,day,,,filled,False,,,,
4dac3165-5d0d-470b-ba2e-72d0d780933c,701e953a-8d12-4184-8851-5360649164df,2025-10-13T18:00:36.626550+00:00,2025-10-13T18:00:36.646388+00:00,2025-10-13T18:00:36.629730+00:00,2025-10-13T18:00:36.639000+00:00,,,,,,,b6d1aa75-5c9c-4353-a305-9e2caa1925ab,MSFT,us_equity,,1,1,513.3828,simple,market,market,buy,day,,,filled,False,,,,
e53ea354-2e2a-48db-96dc-fdaa83853dc3,5499ee66-c9fd-499f-86f3-e2095d6f996b,2025-10-13T18:00:36.622258+00:00,2025-10-13T18:00:36.637884+00:00,2025-10-13T18:00:36.625102+00:00,2025-10-13T18:00:36.630000+00:00,,,,,,,7a8b4fcf-0622-47ef-8541-de7f70ffc0c4,AVGO,us_equity,,1,1,357.1295,simple,market,market,buy,day,,,filled,False,,,,
ff589f1a-173b-444d-b1bb-208696419e94,79ff4181-7e14-42eb-8786-af68a6b082c6,2025-10-13T18:00:36.620156+00:00,2025-10-13T18:00:36.691589+00:00,2025-10-13T18:00:36.622988+00:00,2025-10-13T18:00:36.652000+00:00,,,,,,,bb2a26c0-4c77-4801-8afc-82e8142ac7b8,NFLX,us_equity,,1,1,1220.105,simple,market,market,buy,day,,,filled,False,,,,
82697024-f10e-4470-a35d-fedf3ce6362d,e5187fe8-dc0b-40ae-8ce0-c594e83f0b03,2025-10-13T18:00:36.617512+00:00,2025-10-13T18:00:36.635002+00:00,2025-10-13T18:00:36.621461+00:00,2025-10-13T18:00:36.626000+00:00,,,,,,,f801f835-bfe6-4a9d-a6b1-ccbb84bfd75f,AMZN,us_equity,,4,4,220.015,simple,market,market,buy,day,,,filled,False,,,,
fa795e33-70bc-4907-976a-b08da3e661d0,3156d0bf-b2c7-42ed-bf61-b31da2596b5d,2025-10-13T18:00:36.609058+00:00,2025-10-13T18:00:36.625614+00:00,2025-10-13T18:00:36.612183+00:00,2025-10-13T18:00:36.618000+00:00,,,,,,,8ccae427-5dd0-45b3-b5fe-7ba5e422c766,TSLA,us_equity,,1,1,431.0701,simple,market,market,sell,day,,,filled,False,,,,
61009bd5-e296-4edb-a5c3-131389683e2a,90e38881-6b19-4f4f-9bdb-9dfa89e82067,2025-10-13T17:59:00.215343+00:00,2025-10-13T17:59:00.264386+00:00,2025-10-13T17:59:00.219661+00:00,2025-10-13T17:59:00.228000+00:00,,,,,,,4ce9353c-66d1-46c2-898f-fce867ab0247,NVDA,us_equity,,6,6,188.5,simple,market,market,buy,day,,,filled,False,,,,
f034e6ce-964d-43a8-9504-c1798be53d94,1096f7be-0ba1-4d0b-ba78-c026192dc73a,2025-10-13T17:59:00.215731+00:00,2025-10-13T17:59:00.241254+00:00,2025-10-13T17:59:00.219631+00:00,2025-10-13T17:59:00.229000+00:00,,,,,,,80e04a93-e1a8-4503-ab61-2ef1992650b4,PLTR,us_equity,,7,7,177.364,simple,market,market,buy,day,,,filled,False,,,,
5ef66670-ac72-4d8b-b05f-2298cfc3f4b4,89a6152b-6879-4c20-af5b-07daeb5fbf5c,2025-10-13T17:59:00.214435+00:00,2025-10-13T17:59:00.238985+00:00,2025-10-13T17:59:00.219484+00:00,2025-10-13T17:59:00.229000+00:00,,,,,,,b6d1aa75-5c9c-4353-a305-9e2caa1925ab,MSFT,us_equity,,1,1,513.2537,simple,market,market,buy,day,,,filled,False,,,,
b5aea7b3-7956-4202-a0fa-4529ec95ed96,1a391e40-9eb2-4ee7-9231-1a2ae5601f2b,2025-10-13T17:59:00.213638+00:00,2025-10-13T17:59:00.272488+00:00,2025-10-13T17:59:00.219445+00:00,2025-10-13T17:59:00.252000+00:00,,,,,,,69b15845-7c63-4586-b274-1cfdfe9df3d8,GOOGL,us_equity,,1,1,243.185,simple,market,market,buy,day,,,filled,False,,,,
12f9d6e3-33e0-4150-993d-15022620db1e,f9259c8a-febb-45e8-91bd-af400b2485b6,2025-10-13T17:59:00.216176+00:00,2025-10-13T17:59:00.235251+00:00,2025-10-13T17:59:00.219401+00:00,2025-10-13T17:59:00.225000+00:00,,,,,,,8ccae427-5dd0-45b3-b5fe-7ba5e422c766,TSLA,us_equity,,6,6,431.055,simple,market,market,buy,day,,,filled,False,,,,
c019de03-6dda-4c5c-a5f4-9d49c1544822,d3889e00-444d-4c5b-85b5-25e63d32e626,2025-10-13T17:59:00.214044+00:00,2025-10-13T17:59:00.240232+00:00,2025-10-13T17:59:00.219338+00:00,2025-10-13T17:59:00.229000+00:00,,,,,,,fc6a5dcd-4a70-4b8d-b64f-d83a6dae9ba4,META,us_equity,,1,1,713.109,simple,market,market,sell,day,,,filled,False,,,,
f45b2b14-1057-4857-8b8e-df1cfa42675a,68ce042e-09c7-40a6-97c2-50fee9595cf5,2025-10-13T17:59:00.213219+00:00,2025-10-13T17:59:00.242185+00:00,2025-10-13T17:59:00.219183+00:00,2025-10-13T17:59:00.230000+00:00,,,,,,,7a8b4fcf-0622-47ef-8541-de7f70ffc0c4,AVGO,us_equity,,1,1,356.9485,simple,market,market,buy,day,,,filled,False,,,,
5685d518-fdf7-4a3e-855e-03e0fb8d4724,544f958b-d864-4d8e-bd2c-22290901e22a,2025-10-13T17:59:00.214934+00:00,2025-10-13T17:59:00.237105+00:00,2025-10-13T17:59:00.219165+00:00,2025-10-13T17:59:00.225000+00:00,,,,,,,bb2a26c0-4c77-4801-8afc-82e8142ac7b8,NFLX,us_equity,,1,1,1220.38,simple,market,market,buy,day,,,filled,False,,,,
ee9209a8-adcc-4251-b2c5-3221371e7d95,d5b97698-98a7-47db-ba8c-c1cdcd904470,2025-10-13T17:59:00.212685+00:00,2025-10-13T17:59:00.237996+00:00,2025-10-13T17:59:00.218974+00:00,2025-10-13T17:59:00.228000+00:00,,,,,,,f801f835-bfe6-4a9d-a6b1-ccbb84bfd75f,AMZN,us_equity,,2,2,219.974,simple,market,market,buy,day,,,filled,False,,,,
5eb5962e-73d2-42ff-a725-f4b3e4c3a6cc,7812fcdb-5e52-46da-a8d1-a364d6ea65aa,2025-10-13T17:59:00.212059+00:00,2025-10-13T17:59:00.230272+00:00,2025-10-13T17:59:00.218915+00:00,2025-10-13T17:59:00.223000+00:00,,,,,,,b0b6dd9d-8b9b-48a9-ba46-b9d54906e415,AAPL,us_equity,,2,2,249.035,simple,market,market,sell,day,,,filled,False,,,,
c5d8dbe3-648b-4c25-9163-c391b2dc9e42,168cc8b4-e650-489a-b786-1034037e1168,2025-10-13T17:00:36.906378+00:00,2025-10-13T17:00:36.922866+00:00,2025-10-13T17:00:36.910012+00:00,2025-10-13T17:00:36.916000+00:00,,,,,,,bb2a26c0-4c77-4801-8afc-82e8142ac7b8,NFLX,us_equity,,1,1,1222.2251,simple,market,market,sell,day,,,filled,False,,,,
7b1d5e89-3178-4366-9170-c63a06b6fbb2,d5d4b1bf-a0b9-44c3-9af5-0c4bc0cc6ef0,2025-10-13T17:00:36.881438+00:00,2025-10-13T17:00:36.896987+00:00,2025-10-13T17:00:36.884758+00:00,2025-10-13T17:00:36.890000+00:00,,,,,,,7a8b4fcf-0622-47ef-8541-de7f70ffc0c4,AVGO,us_equity,,1,1,357.305,simple,market,market,sell,day,,,filled,False,,,,
8a6ab426-5756-400b-b203-c43da90aaf45,e49e39cb-1c90-464c-8709-8dc46225fdf4,2025-10-13T17:00:36.874059+00:00,2025-10-13T17:00:36.888168+00:00,2025-10-13T17:00:36.877079+00:00,2025-10-13T17:00:36.881000+00:00,,,,,,,69b15845-7c63-4586-b274-1cfdfe9df3d8,GOOGL,us_equity,,1,1,242.69,simple,market,market,sell,day,,,filled,False,,,,
e08cd1ea-cb7f-4382-b4ff-3c3e1dbffa13,ebc7d584-f730-45ad-a18e-98980684669d,2025-10-13T17:00:36.866414+00:00,2025-10-13T17:00:36.884992+00:00,2025-10-13T17:00:36.869624+00:00,2025-10-13T17:00:36.875000+00:00,,,,,,,80e04a93-e1a8-4503-ab61-2ef1992650b4,PLTR,us_equity,,7,7,176.9315,simple,market,market,sell,day,,,filled,False,,,,
ae06f8e0-bed7-4daf-84d1-d9932df9ab95,4602af26-3d84-42ee-97c2-e2ab19bc32d7,2025-10-13T17:00:36.863264+00:00,2025-10-13T17:00:36.885975+00:00,2025-10-13T17:00:36.866259+00:00,2025-10-13T17:00:36.873000+00:00,,,,,,,b6d1aa75-5c9c-4353-a305-9e2caa1925ab,MSFT,us_equity,,1,1,514.35,simple,market,market,sell,day,,,filled,False,,,,
75c35d0a-c1fe-4e07-9875-d757e44f1362,2a984b19-97ce-4fea-99ba-ad247af36321,2025-10-13T17:00:36.860282+00:00,2025-10-13T17:00:36.880450+00:00,2025-10-13T17:00:36.863283+00:00,2025-10-13T17:00:36.873000+00:00,,,,,,,b0b6dd9d-8b9b-48a9-ba46-b9d54906e415,AAPL,us_equity,,2,2,249.5739,simple,market,market,buy,day,,,filled,False,,,,
86d06fb9-d1bd-411b-ae9b-d2898fd9025a,6ccada7c-e04a-4fba-9d3f-e0e12707a0cb,2025-10-13T17:00:36.858145+00:00,2025-10-13T17:00:36.878659+00:00,2025-10-13T17:00:36.862832+00:00,2025-10-13T17:00:36.868000+00:00,,,,,,,f801f835-bfe6-4a9d-a6b1-ccbb84bfd75f,AMZN,us_equity,,2,2,220.51,simple,market,market,sell,day,,,filled,False,,,,
f52feb59-9a00-4e99-a2a8-f4b279953561,d236b5d6-50ed-4236-b06f-533b1893adc9,2025-10-13T17:00:36.855963+00:00,2025-10-13T17:00:36.873050+00:00,2025-10-13T17:00:36.860562+00:00,2025-10-13T17:00:36.864000+00:00,,,,,,,4ce9353c-66d1-46c2-898f-fce867ab0247,NVDA,us_equity,,6,6,189.07,simple,market,market,sell,day,,,filled,False,,,,
a5bfaadf-6197-471c-8ab1-d87311c0a316,122d2d68-1c63-4991-9d45-ed6f16748d91,2025-10-13T17:00:36.853421+00:00,2025-10-13T17:00:36.869932+00:00,2025-10-13T17:00:36.857330+00:00,2025-10-13T17:00:36.861000+00:00,,,,,,,fc6a5dcd-4a70-4b8d-b64f-d83a6dae9ba4,META,us_equity,,1,1,713.99,simple,market,market,buy,day,,,filled,False,,,,
e0a8e06b-109d-45b8-b3f7-417e93a1f777,c10126c8-ca59-4e2b-844d-20f012506891,2025-10-13T17:00:36.849409+00:00,2025-10-13T17:00:36.870992+00:00,2025-10-13T17:00:36.852938+00:00,2025-10-13T17:00:36.862000+00:00,,,,,,,8ccae427-5dd0-45b3-b5fe-7ba5e422c766,TSLA,us_equity,,6,6,428.1237,simple,market,market,sell,day,,,filled,False,,,,
7251f27c-1085-4b2d-a477-f530e7676763,387c8f98-9142-44ee-9f1a-7b84d954e4e6,2025-10-13T16:59:00.224524+00:00,2025-10-13T16:59:00.253996+00:00,2025-10-13T16:59:00.229903+00:00,2025-10-13T16:59:00.236000+00:00,,,,,,,80e04a93-e1a8-4503-ab61-2ef1992650b4,PLTR,us_equity,,12,12,177.09,simple,market,market,buy,day,,,filled,False,,,,
a7ef52df-f1ce-4411-8096-53b35a079bea,67d30f32-6a7a-41eb-b65a-c63564d2cc3b,2025-10-13T16:59:00.224120+00:00,2025-10-13T16:59:00.252710+00:00,2025-10-13T16:59:00.229597+00:00,2025-10-13T16:59:00.236000+00:00,,,,,,,4ce9353c-66d1-46c2-898f-fce867ab0247,NVDA,us_equity,,19,19,189.1688,simple,market,market,buy,day,,,filled,False,,,,
5e086858-ef95-4bc0-8561-cbeed0fc49bd,a907ed6c-0f87-4f00-9f1b-12c7054ad32f,2025-10-13T16:59:00.223658+00:00,2025-10-13T16:59:00.251815+00:00,2025-10-13T16:59:00.229353+00:00,2025-10-13T16:59:00.235000+00:00,,,,,,,bb2a26c0-4c77-4801-8afc-82e8142ac7b8,NFLX,us_equity,,1,1,1222.34,simple,market,market,buy,day,,,filled,False,,,,
bb3aba14-a07a-427d-8974-829044c40abc,9ef17021-0ea0-4898-a17e-24218f074dde,2025-10-13T16:59:00.224960+00:00,2025-10-13T16:59:00.249566+00:00,2025-10-13T16:59:00.229329+00:00,2025-10-13T16:59:00.237000+00:00,,,,,,,8ccae427-5dd0-45b3-b5fe-7ba5e422c766,TSLA,us_equity,,1,1,428.4722,simple,market,market,sell,day,,,filled,False,,,,
697ce1ec-2faa-477f-8e5f-368f1177ae94,4c82d4db-b1d1-455b-ad06-7ee449db2dd2,2025-10-13T16:59:00.222898+00:00,2025-10-13T16:59:00.249700+00:00,2025-10-13T16:59:00.229085+00:00,2025-10-13T16:59:00.235000+00:00,,,,,,,fc6a5dcd-4a70-4b8d-b64f-d83a6dae9ba4,META,us_equity,,1,1,713.8223,simple,market,market,buy,day,,,filled,False,,,,
664efee2-3985-46e6-b451-3901c8bb2b78,d2f3e567-5c68-4d30-a277-fa07a37361d1,2025-10-13T16:59:00.222497+00:00,2025-10-13T16:59:00.243619+00:00,2025-10-13T16:59:00.228896+00:00,2025-10-13T16:59:00.234000+00:00,,,,,,,69b15845-7c63-4586-b274-1cfdfe9df3d8,GOOGL,us_equity,,2,2,242.5381,simple,market,market,buy,day,,,filled,False,,,,
cef64a91-91a4-4208-b912-f8943ca5c02b,80a86388-a8af-4e11-bfcd-21ffd91a92e0,2025-10-13T16:59:00.221126+00:00,2025-10-13T16:59:00.245830+00:00,2025-10-13T16:59:00.228639+00:00,2025-10-13T16:59:00.234000+00:00,,,,,,,b0b6dd9d-8b9b-48a9-ba46-b9d54906e415,AAPL,us_equity,,4,4,249.529,simple,market,market,buy,day,,,filled,False,,,,
f19b0e4a-6c7c-4917-8752-5170bb947197,858c1b02-3357-4d4e-8846-64468daa664f,2025-10-13T16:59:00.223276+00:00,2025-10-13T16:59:00.250756+00:00,2025-10-13T16:59:00.228545+00:00,2025-10-13T16:59:00.238000+00:00,,,,,,,b6d1aa75-5c9c-4353-a305-9e2caa1925ab,MSFT,us_equity,,1,1,514.2593,simple,market,market,buy,day,,,filled,False,,,,
4d5d38a3-88bf-4dc7-af40-2cb0e182cfe9,c9115e46-e83b-4e6f-9630-278c58e7c24c,2025-10-13T16:59:00.222088+00:00,2025-10-13T16:59:00.241629+00:00,2025-10-13T16:59:00.228352+00:00,2025-10-13T16:59:00.234000+00:00,,,,,,,7a8b4fcf-0622-47ef-8541-de7f70ffc0c4,AVGO,us_equity,,5,5,358.19,simple,market,market,buy,day,,,filled,False,,,,
6deb2904-4d5b-4599-a099-4a7671ff812b,b96c1ddd-ba51-4d46-bd0c-5829ced014ba,2025-10-13T16:59:00.221646+00:00,2025-10-13T16:59:00.247509+00:00,2025-10-13T16:59:00.228154+00:00,2025-10-13T16:59:00.237000+00:00,,,,,,,f801f835-bfe6-4a9d-a6b1-ccbb84bfd75f,AMZN,us_equity,,3,3,220.4739,simple,market,market,buy,day,,,filled,False,,,,
d4f50e82-3fa1-4b02-bc7c-71f4f2d82809,7898d9b9-5b3f-4a7b-b487-d0c1c8dc2f69,2025-10-13T16:00:36.656334+00:00,2025-10-13T16:00:36.673047+00:00,2025-10-13T16:00:36.659954+00:00,2025-10-13T16:00:36.665000+00:00,,,,,,,80e04a93-e1a8-4503-ab61-2ef1992650b4,PLTR,us_equity,,12,12,175.7424,simple,market,market,sell,day,,,filled,False,,,,
de02101c-18e2-40b0-92b5-baf764390512,ba74b7b8-3fb1-430e-a685-e78d1663e132,2025-10-13T16:00:36.650268+00:00,2025-10-13T16:00:36.670684+00:00,2025-10-13T16:00:36.653968+00:00,2025-10-13T16:00:36.663000+00:00,,,,,,,69b15845-7c63-4586-b274-1cfdfe9df3d8,GOOGL,us_equity,,2,2,242.4693,simple,market,market,sell,day,,,filled,False,,,,
95c0f2bb-3383-4ff1-aa3e-f0a30898e3b6,fecb04fe-72d1-4650-a9f2-b720657e88d0,2025-10-13T16:00:36.639964+00:00,2025-10-13T16:00:36.660587+00:00,2025-10-13T16:00:36.643004+00:00,2025-10-13T16:00:36.652000+00:00,,,,,,,bb2a26c0-4c77-4801-8afc-82e8142ac7b8,NFLX,us_equity,,1,1,1222.59,simple,market,market,sell,day,,,filled,False,,,,
d09bdf53-0251-4b5a-9a85-0201359f09f6,358ca43a-8501-4ce4-b817-ddb69c559984,2025-10-13T16:00:36.636495+00:00,2025-10-13T16:00:36.659462+00:00,2025-10-13T16:00:36.639723+00:00,2025-10-13T16:00:36.651000+00:00,,,,,,,7a8b4fcf-0622-47ef-8541-de7f70ffc0c4,AVGO,us_equity,,5,5,356.9248,simple,market,market,sell,day,,,filled,False,,,,
f97b08ee-cab2-4fb3-a8fa-6aec589d030d,1c1dd008-3d13-4489-912b-3f55e2c23b17,2025-10-13T16:00:36.633547+00:00,2025-10-13T16:00:36.649349+00:00,2025-10-13T16:00:36.635994+00:00,2025-10-13T16:00:36.641000+00:00,,,,,,,f801f835-bfe6-4a9d-a6b1-ccbb84bfd75f,AMZN,us_equity,,3,3,220.3425,simple,market,market,sell,day,,,filled,False,,,,
5e548b02-7608-40a3-ab1f-270ea20c8a64,9506d783-b2d2-4554-8add-18580d65c38a,2025-10-13T16:00:36.631230+00:00,2025-10-13T16:00:36.654509+00:00,2025-10-13T16:00:36.634062+00:00,2025-10-13T16:00:36.643000+00:00,,,,,,,fc6a5dcd-4a70-4b8d-b64f-d83a6dae9ba4,META,us_equity,,1,1,712.1547,simple,market,market,sell,day,,,filled,False,,,,
43edaa83-5650-4611-989b-c7a35ce5a2f7,f62e9084-82e9-4457-a600-668cefc27e99,2025-10-13T16:00:36.628345+00:00,2025-10-13T16:00:36.647305+00:00,2025-10-13T16:00:36.631618+00:00,2025-10-13T16:00:36.639000+00:00,,,,,,,8ccae427-5dd0-45b3-b5fe-7ba5e422c766,TSLA,us_equity,,1,1,426.2083,simple,market,market,buy,day,,,filled,False,,,,
906ed739-0f3b-43b3-8543-58c83a197ff7,1bd5be63-c620-4905-a6a9-56b02c43cada,2025-10-13T16:00:36.625842+00:00,2025-10-13T16:00:36.643459+00:00,2025-10-13T16:00:36.628980+00:00,2025-10-13T16:00:36.634000+00:00,,,,,,,b6d1aa75-5c9c-4353-a305-9e2caa1925ab,MSFT,us_equity,,1,1,513.22,simple,market,market,sell,day,,,filled,False,,,,
5ed66066-a344-4e9a-8dd7-161bd1be941b,d1935b40-5e5c-4c78-b84f-92aa7a9c05a1,2025-10-13T16:00:36.623706+00:00,2025-10-13T16:00:36.644482+00:00,2025-10-13T16:00:36.626315+00:00,2025-10-13T16:00:36.635000+00:00,,,,,,,b0b6dd9d-8b9b-48a9-ba46-b9d54906e415,AAPL,us_equity,,4,4,248.9031,simple,market,market,sell,day,,,filled,False,,,,
10ebd068-faa4-40db-9e99-afb18bd8f72c,9d996112-9dec-449b-9a95-905141105001,2025-10-13T16:00:36.615220+00:00,2025-10-13T16:00:36.635627+00:00,2025-10-13T16:00:36.618155+00:00,2025-10-13T16:00:36.626000+00:00,,,,,,,4ce9353c-66d1-46c2-898f-fce867ab0247,NVDA,us_equity,,19,19,188.2931,simple,market,market,sell,day,,,filled,False,,,,
efb1a510-17e6-49ec-b5fc-ec8d3779844e,6a438c6b-9cc7-41b3-840a-27e409a8eddc,2025-10-13T15:59:00.221050+00:00,2025-10-13T15:59:00.247654+00:00,2025-10-13T15:59:00.225317+00:00,2025-10-13T15:59:00.234000+00:00,,,,,,,8ccae427-5dd0-45b3-b5fe-7ba5e422c766,TSLA,us_equity,,14,14,425.8459,simple,market,market,buy,day,,,filled,False,,,,
7b817bcb-eda4-4723-90e9-8ea2065193af,2e02e2c6-72ce-4fdb-bf7c-77a6a721b824,2025-10-13T15:59:00.219527+00:00,2025-10-13T15:59:00.248924+00:00,2025-10-13T15:59:00.225146+00:00,2025-10-13T15:59:00.234000+00:00,,,,,,,bb2a26c0-4c77-4801-8afc-82e8142ac7b8,NFLX,us_equity,,1,1,1223.9119,simple,market,market,buy,day,,,filled,False,,,,
40729d9e-d481-4914-a2e4-40ca5fbeb52b,0b1dbe87-7059-4501-bcd2-a43055546704,2025-10-13T15:59:00.219045+00:00,2025-10-13T15:59:00.250316+00:00,2025-10-13T15:59:00.224849+00:00,2025-10-13T15:59:00.234000+00:00,,,,,,,b6d1aa75-5c9c-4353-a305-9e2caa1925ab,MSFT,us_equity,,1,1,513.2228,simple,market,market,buy,day,,,filled,False,,,,
ed8be679-7faf-4d62-92e6-477337a4ee22,7dad6850-129b-4a3c-9a8c-36173209b5b8,2025-10-13T15:59:00.220449+00:00,2025-10-13T15:59:00.243159+00:00,2025-10-13T15:59:00.224760+00:00,2025-10-13T15:59:00.230000+00:00,,,,,,,80e04a93-e1a8-4503-ab61-2ef1992650b4,PLTR,us_equity,,12,12,175.4614,simple,market,market,sell,day,,,filled,False,,,,
509eeb78-0528-4920-9160-f2bf1ba0b78a,500ce42d-b06b-4c8c-a4cf-cca2ee1e96dd,2025-10-13T15:59:00.218026+00:00,2025-10-13T15:59:00.246480+00:00,2025-10-13T15:59:00.224675+00:00,2025-10-13T15:59:00.233000+00:00,,,,,,,69b15845-7c63-4586-b274-1cfdfe9df3d8,GOOGL,us_equity,,6,6,242.6338,simple,market,market,buy,day,,,filled,False,,,,
6c7bf251-f46e-40a2-8768-5b2f0b4c73eb,a368d79e-148a-4fb3-b5ff-3302d2c7fea5,2025-10-13T15:59:00.218540+00:00,2025-10-13T15:59:00.250021+00:00,2025-10-13T15:59:00.224666+00:00,2025-10-13T15:59:00.232000+00:00,,,,,,,fc6a5dcd-4a70-4b8d-b64f-d83a6dae9ba4,META,us_equity,,2,2,712.41,simple,market,market,sell,day,,,filled,False,,,,
80727c3f-9d91-460c-9efd-f68e07ec68bb,ac486373-0f6c-451b-b3cb-fa6dae873461,2025-10-13T15:59:00.219987+00:00,2025-10-13T15:59:00.241982+00:00,2025-10-13T15:59:00.224559+00:00,2025-10-13T15:59:00.229000+00:00,,,,,,,4ce9353c-66d1-46c2-898f-fce867ab0247,NVDA,us_equity,,9,9,188.3689,simple,market,market,buy,day,,,filled,False,,,,
ea634b8a-85e1-41f8-a495-48a74e07d169,44b51dc1-942a-42cc-a844-50ef214b9ee8,2025-10-13T15:59:00.217406+00:00,2025-10-13T15:59:00.251668+00:00,2025-10-13T15:59:00.224450+00:00,2025-10-13T15:59:00.235000+00:00,,,,,,,7a8b4fcf-0622-47ef-8541-de7f70ffc0c4,AVGO,us_equity,,10,10,357.0487,simple,market,market,buy,day,,,filled,False,,,,
1873869a-6494-4f16-8292-d012d30735c0,29bb8148-a540-4127-b58b-a06a43e0142a,2025-10-13T15:59:00.216830+00:00,2025-10-13T15:59:00.237272+00:00,2025-10-13T15:59:00.224444+00:00,2025-10-13T15:59:00.228000+00:00,,,,,,,f801f835-bfe6-4a9d-a6b1-ccbb84bfd75f,AMZN,us_equity,,1,1,220.3703,simple,market,market,sell,day,,,filled,False,,,,
d64f659b-24e4-4dfb-a35e-61601020eee2,d0792346-9e4f-4dba-91a1-73d3b3819f9f,2025-10-13T15:59:00.216090+00:00,2025-10-13T15:59:00.240518+00:00,2025-10-13T15:59:00.223991+00:00,2025-10-13T15:59:00.229000+00:00,,,,,,,b0b6dd9d-8b9b-48a9-ba46-b9d54906e415,AAPL,us_equity,,1,1,248.825,simple,market,market,sell,day,,,filled,False,,,,
8ab3f86a-4d7e-47bc-b502-ac92e34751a1,f2826779-4085-416e-a31f-c93f1b6f9e57,2025-10-13T15:00:36.483096+00:00,2025-10-13T15:00:36.503068+00:00,2025-10-13T15:00:36.486288+00:00,2025-10-13T15:00:36.496000+00:00,,,,,,,7a8b4fcf-0622-47ef-8541-de7f70ffc0c4,AVGO,us_equity,,10,10,355.465,simple,market,market,sell,day,,,filled,False,,,,
34d75bd1-a04b-4d4c-bd35-afe61ae04318,6fe7cfc0-b685-42fe-b92b-1a25b4d5db94,2025-10-13T15:00:36.480705+00:00,2025-10-13T15:00:36.494733+00:00,2025-10-13T15:00:36.483535+00:00,2025-10-13T15:00:36.488000+00:00,,,,,,,4ce9353c-66d1-46c2-898f-fce867ab0247,NVDA,us_equity,,9,9,186.335,simple,market,market,sell,day,,,filled,False,,,,
138c357c-1772-4f39-90ac-206716a2715a,ce0ff294-424f-4eac-98d9-3f41e6e7e241,2025-10-13T15:00:36.477327+00:00,2025-10-13T15:00:36.492055+00:00,2025-10-13T15:00:36.480471+00:00,2025-10-13T15:00:36.485000+00:00,,,,,,,bb2a26c0-4c77-4801-8afc-82e8142ac7b8,NFLX,us_equity,,1,1,1222.5901,simple,market,market,sell,day,,,filled,False,,,,
74c9c977-ec63-40be-954b-8de146f74efc,31aa5ea0-dc27-4e4d-9b73-e888e3b92b2b,2025-10-13T15:00:36.465261+00:00,2025-10-13T15:00:36.485717+00:00,2025-10-13T15:00:36.468279+00:00,2025-10-13T15:00:36.477000+00:00,,,,,,,69b15845-7c63-4586-b274-1cfdfe9df3d8,GOOGL,us_equity,,6,6,240.3163,simple,market,market,sell,day,,,filled,False,,,,
61d65e21-bbb9-4da3-a9e6-daa094ebf400,e35f9a1b-a92d-4782-9750-ef01e8a9137b,2025-10-13T15:00:36.460912+00:00,2025-10-13T15:00:36.476409+00:00,2025-10-13T15:00:36.463703+00:00,2025-10-13T15:00:36.468000+00:00,,,,,,,f801f835-bfe6-4a9d-a6b1-ccbb84bfd75f,AMZN,us_equity,,1,1,219.1369,simple,market,market,buy,day,,,filled,False,,,,
21f1a92a-0cab-4860-9df2-5ced067792c4,2d3f5712-31a0-4a02-a4d1-d806f5cf4ad1,2025-10-13T15:00:36.458716+00:00,2025-10-13T15:00:36.474725+00:00,2025-10-13T15:00:36.461370+00:00,2025-10-13T15:00:36.466000+00:00,,,,,,,b0b6dd9d-8b9b-48a9-ba46-b9d54906e415,AAPL,us_equity,,1,1,247,simple,market,market,buy,day,,,filled,False,,,,
bccdd4a6-bfad-48f0-ab2e-7e76ec7a7974,3f63f93f-9de3-48c4-a539-53bcdc84e4f9,2025-10-13T15:00:36.456701+00:00,2025-10-13T15:00:36.471718+00:00,2025-10-13T15:00:36.459210+00:00,2025-10-13T15:00:36.464000+00:00,,,,,,,80e04a93-e1a8-4503-ab61-2ef1992650b4,PLTR,us_equity,,12,12,173.9309,simple,market,market,buy,day,,,filled,False,,,,
abd7888b-99cc-41c9-a3f4-0b74a8393628,7fa4794d-3ca0-4e40-9b5f-781a672e2598,2025-10-13T15:00:36.454272+00:00,2025-10-13T15:00:36.473647+00:00,2025-10-13T15:00:36.457282+00:00,2025-10-13T15:00:36.466000+00:00,,,,,,,b6d1aa75-5c9c-4353-a305-9e2caa1925ab,MSFT,us_equity,,1,1,513.273,simple,market,market,sell,day,,,filled,False,,,,
797aa6b5-33c0-4f78-8b46-99d2c98ffe95,e4fc3986-7f94-4f81-b0f7-084043242d5f,2025-10-13T15:00:36.452090+00:00,2025-10-13T15:00:36.468846+00:00,2025-10-13T15:00:36.454756+00:00,2025-10-13T15:00:36.460000+00:00,,,,,,,fc6a5dcd-4a70-4b8d-b64f-d83a6dae9ba4,META,us_equity,,2,2,708.75,simple,market,market,buy,day,,,filled,False,,,,
5e325e59-009f-4fd2-872d-5c755b2dd415,d2bd01d5-cc1c-496f-a27e-36c19c984c60,2025-10-13T15:00:36.447686+00:00,2025-10-13T15:00:36.464229+00:00,2025-10-13T15:00:36.450298+00:00,2025-10-13T15:00:36.455000+00:00,,,,,,,8ccae427-5dd0-45b3-b5fe-7ba5e422c766,TSLA,us_equity,,14,14,422.0166,simple,market,market,sell,day,,,filled,False,,,,
40232aa3-334b-442d-be6c-e1befb9985d7,2db41003-353c-4a39-b515-a679665873d8,2025-10-13T14:59:00.238353+00:00,2025-10-13T14:59:00.271370+00:00,2025-10-13T14:59:00.243235+00:00,2025-10-13T14:59:00.249000+00:00,,,,,,,80e04a93-e1a8-4503-ab61-2ef1992650b4,PLTR,us_equity,,47,47,173.9601,simple,market,market,buy,day,,,filled,False,,,,
517b3eea-0132-49ba-8425-55204ff2155d,35aff7be-f57d-4c5c-a996-21752ad6405e,2025-10-13T14:59:00.237836+00:00,2025-10-13T14:59:00.270409+00:00,2025-10-13T14:59:00.243006+00:00,2025-10-13T14:59:00.248000+00:00,,,,,,,4ce9353c-66d1-46c2-898f-fce867ab0247,NVDA,us_equity,,35,35,186.095,simple,market,market,sell,day,,,filled,False,,,,
9a6a5c21-5846-4388-9d55-6cf33ad477ce,6e9946ec-cc11-40f4-9dab-d05cee817260,2025-10-13T14:59:00.237336+00:00,2025-10-13T14:59:00.269420+00:00,2025-10-13T14:59:00.242833+00:00,2025-10-13T14:59:00.248000+00:00,,,,,,,bb2a26c0-4c77-4801-8afc-82e8142ac7b8,NFLX,us_equity,,1,1,1224.99,simple,market,market,buy,day,,,filled,False,,,,
d77291d9-7a66-4a7f-9307-1b34dbee3c72,81fdff51-9949-499d-9aa9-fe7b0bc802f8,2025-10-13T14:59:00.236744+00:00,2025-10-13T14:59:00.266201+00:00,2025-10-13T14:59:00.242643+00:00,2025-10-13T14:59:00.248000+00:00,,,,,,,b6d1aa75-5c9c-4353-a305-9e2caa1925ab,MSFT,us_equity,,3,3,513.45,simple,market,market,buy,day,,,filled,False,,,,
2b345a52-5133-4e54-ad9a-e590080a108c,84a40bde-812e-4602-a26f-68e99acaea5a,2025-10-13T14:59:00.238854+00:00,2025-10-13T14:59:00.261773+00:00,2025-10-13T14:59:00.242557+00:00,2025-10-13T14:59:00.251000+00:00,,,,,,,8ccae427-5dd0-45b3-b5fe-7ba5e422c766,TSLA,us_equity,,25,25,422.0822,simple,market,market,buy,day,,,filled,False,,,,
e32b97d3-bb7e-40cb-9b6d-9c16db1f1618,c7398ad5-a97a-4107-ba5d-d7cec1d80d94,2025-10-13T14:59:00.236198+00:00,2025-10-13T14:59:00.260702+00:00,2025-10-13T14:59:00.242434+00:00,2025-10-13T14:59:00.247000+00:00,,,,,,,fc6a5dcd-4a70-4b8d-b64f-d83a6dae9ba4,META,us_equity,,6,6,708.95,simple,market,market,buy,day,,,filled,False,,,,
50e3e975-65f7-46a6-af34-79127984a51f,afd2cc0f-77ed-4ef9-a952-32724ec961b9,2025-10-13T14:59:00.235628+00:00,2025-10-13T14:59:00.263797+00:00,2025-10-13T14:59:00.242253+00:00,2025-10-13T14:59:00.251000+00:00,,,,,,,69b15845-7c63-4586-b274-1cfdfe9df3d8,GOOGL,us_equity,,20,20,240.5143,simple,market,market,buy,day,,,filled,False,,,,
df53e703-0517-4848-ae54-960d09dc5aef,af4e86b4-21fd-4f39-a54c-ecf5108a730d,2025-10-13T14:59:00.235111+00:00,2025-10-13T14:59:00.267352+00:00,2025-10-13T14:59:00.242239+00:00,2025-10-13T14:59:00.247000+00:00,,,,,,,7a8b4fcf-0622-47ef-8541-de7f70ffc0c4,AVGO,us_equity,,27,27,355.6833,simple,market,market,buy,day,,,filled,False,,,,
e8f2cf8b-804c-45df-acd7-7528231b65be,e122d33f-4ed0-4ba5-8a07-b28ef99c154d,2025-10-13T14:59:00.234420+00:00,2025-10-13T14:59:00.258467+00:00,2025-10-13T14:59:00.241927+00:00,2025-10-13T14:59:00.247000+00:00,,,,,,,f801f835-bfe6-4a9d-a6b1-ccbb84bfd75f,AMZN,us_equity,,7,7,219.0688,simple,market,market,buy,day,,,filled,False,,,,
bbfbb3a6-6408-4ee2-ad1e-9a6a27288fc5,206045b2-e937-4494-95fa-4e4ba6858702,2025-10-13T14:59:00.233673+00:00,2025-10-13T14:59:00.259697+00:00,2025-10-13T14:59:00.241739+00:00,2025-10-13T14:59:00.247000+00:00,,,,,,,b0b6dd9d-8b9b-48a9-ba46-b9d54906e415,AAPL,us_equity,,8,8,246.9188,simple,market,market,buy,day,,,filled,False,,,,
2028f68c-da12-4c6a-ad5c-3302e7c981b0,ad441b66-4e90-4d43-9874-d0d5092f07fc,2025-10-13T14:00:36.864481+00:00,2025-10-13T14:00:36.882331+00:00,2025-10-13T14:00:36.867976+00:00,2025-10-13T14:00:36.875000+00:00,,,,,,,4ce9353c-66d1-46c2-898f-fce867ab0247,NVDA,us_equity,,35,35,189.83,simple,market,market,buy,day,,,filled,False,,,,
e3700954-85e0-4451-84b4-c977fae50450,e71ce839-e32f-4247-8c03-937c39ce1517,2025-10-13T14:00:36.555116+00:00,2025-10-13T14:00:36.570807+00:00,2025-10-13T14:00:36.558345+00:00,2025-10-13T14:00:36.564000+00:00,,,,,,,bb2a26c0-4c77-4801-8afc-82e8142ac7b8,NFLX,us_equity,,1,1,1224.21,simple,market,market,sell,day,,,filled,False,,,,
da67c5e6-a198-4036-a2bc-bc3998b677ea,99aafca8-c548-4a55-815b-b89c6ae84932,2025-10-13T14:00:36.547873+00:00,2025-10-13T14:00:36.563630+00:00,2025-10-13T14:00:36.551243+00:00,2025-10-13T14:00:36.557000+00:00,,,,,,,69b15845-7c63-4586-b274-1cfdfe9df3d8,GOOGL,us_equity,,20,20,242.01,simple,market,market,sell,day,,,filled,False,,,,
6ea3646f-471f-4ced-97ec-2ee37e8de70f,033f8174-42a8-4eeb-a768-c7bdd49c65d5,2025-10-13T14:00:36.538839+00:00,2025-10-13T14:00:36.558057+00:00,2025-10-13T14:00:36.541577+00:00,2025-10-13T14:00:36.551000+00:00,,,,,,,7a8b4fcf-0622-47ef-8541-de7f70ffc0c4,AVGO,us_equity,,27,27,355.804,simple,market,market,sell,day,,,filled,False,,,,
63537f65-b77e-4d5f-b060-24ccf2542f9d,d19ba8c0-8425-4557-9889-ff8578e9c50f,2025-10-13T14:00:36.536572+00:00,2025-10-13T14:00:36.552288+00:00,2025-10-13T14:00:36.539395+00:00,2025-10-13T14:00:36.544000+00:00,,,,,,,f801f835-bfe6-4a9d-a6b1-ccbb84bfd75f,AMZN,us_equity,,7,7,219.94,simple,market,market,sell,day,,,filled,False,,,,
e63920e3-a400-4d6b-88aa-9008c70a1980,3155d1ff-e6db-4766-823c-66ff42dcf108,2025-10-13T14:00:36.534187+00:00,2025-10-13T14:00:36.554127+00:00,2025-10-13T14:00:36.537059+00:00,2025-10-13T14:00:36.546000+00:00,,,,,,,fc6a5dcd-4a70-4b8d-b64f-d83a6dae9ba4,META,us_equity,,6,6,717.65,simple,market,market,sell,day,,,filled,False,,,,
d470a1c8-c83e-4614-94cc-a4f222eafe6c,4ff4d52a-edc8-44ec-b030-70be72fc81c2,2025-10-13T14:00:36.532068+00:00,2025-10-13T14:00:36.546794+00:00,2025-10-13T14:00:36.534738+00:00,2025-10-13T14:00:36.539000+00:00,,,,,,,8ccae427-5dd0-45b3-b5fe-7ba5e422c766,TSLA,us_equity,,25,25,424.12,simple,market,market,sell,day,,,filled,False,,,,
467af2ac-b54c-4aa8-9caa-f254c5c74646,1e13d137-87b0-4820-9b76-cddf7c5189c7,2025-10-13T14:00:36.529870+00:00,2025-10-13T14:00:36.579967+00:00,2025-10-13T14:00:36.532595+00:00,2025-10-13T14:00:36.570000+00:00,,,,,,,80e04a93-e1a8-4503-ab61-2ef1992650b4,PLTR,us_equity,,47,47,177.24,simple,market,market,sell,day,,,filled,False,,,,
4385fd50-b635-4692-8b91-42560c4a1e11,fb87c7cd-1f9c-43a6-a81f-0013c25e7fa5,2025-10-13T14:00:36.527410+00:00,2025-10-13T14:00:36.543994+00:00,2025-10-13T14:00:36.530966+00:00,2025-10-13T14:00:36.537000+00:00,,,,,,,b6d1aa75-5c9c-4353-a305-9e2caa1925ab,MSFT,us_equity,,3,3,515.3201,simple,market,market,sell,day,,,filled,False,,,,
35c13a58-54ae-403f-974c-6515b769f4c8,46768d6e-436c-4328-b304-9fb305a01793,2025-10-13T14:00:36.524789+00:00,2025-10-13T14:00:36.541978+00:00,2025-10-13T14:00:36.527923+00:00,2025-10-13T14:00:36.535000+00:00,,,,,,,b0b6dd9d-8b9b-48a9-ba46-b9d54906e415,AAPL,us_equity,,8,8,246.9028,simple,market,market,sell,day,,,filled,False,,,,
6b84f556-2dee-4f73-adb6-0f6822b0386f,94007eb1-fc42-45ac-b4a6-323a02056bd4,2025-10-13T11:11:06.271174+00:00,2025-10-13T11:11:16.603421+00:00,2025-10-13T11:11:06.273875+00:00,,,2025-10-13T11:11:16.597000+00:00,,,,,7a8b4fcf-0622-47ef-8541-de7f70ffc0c4,AVGO,us_equity,,1,0,,simple,market,market,sell,day,,,canceled,False,,,,
5c9d1d6d-1a12-47bf-88df-414a3acd2ad2,55ab4afa-d1d9-4cfa-a657-f70a594936d1,2025-10-13T11:11:06.266979+00:00,2025-10-13T11:11:16.697901+00:00,2025-10-13T11:11:06.269600+00:00,,,2025-10-13T11:11:16.691000+00:00,,,,,b0b6dd9d-8b9b-48a9-ba46-b9d54906e415,AAPL,us_equity,,3,0,,simple,market,market,buy,day,,,canceled,False,,,,
88c100e7-cd35-43c0-89d0-e9ad4dfccaab,21fef265-e6d3-4d01-83f0-1de1297cf742,2025-10-13T11:11:06.262638+00:00,2025-10-13T11:11:16.790880+00:00,2025-10-13T11:11:06.265682+00:00,,,2025-10-13T11:11:16.784000+00:00,,,,,f801f835-bfe6-4a9d-a6b1-ccbb84bfd75f,AMZN,us_equity,,10,0,,simple,market,market,buy,day,,,canceled,False,,,,
dfedfe78-5f2d-4782-85ee-b111b3aa4f47,db5157cb-8da1-4b92-925c-93e524297904,2025-10-13T11:11:06.259786+00:00,2025-10-13T11:11:16.883591+00:00,2025-10-13T11:11:06.263077+00:00,,,2025-10-13T11:11:16.877000+00:00,,,,,fc6a5dcd-4a70-4b8d-b64f-d83a6dae9ba4,META,us_equity,,1,0,,simple,market,market,sell,day,,,canceled,False,,,,
f31f947a-70a7-4a7d-baa1-c41b8a8b22ec,d5635073-41f4-4942-b002-5be50bacabf0,2025-10-13T11:11:06.257617+00:00,2025-10-13T11:11:16.983231+00:00,2025-10-13T11:11:06.260480+00:00,,,2025-10-13T11:11:16.977000+00:00,,,,,69b15845-7c63-4586-b274-1cfdfe9df3d8,GOOGL,us_equity,,1,0,,simple,market,market,sell,day,,,canceled,False,,,,
9435abea-206b-4b9a-9177-b2914b00eb0d,369f20f5-01b5-4bd5-a5d1-55c4056647c8,2025-10-13T11:11:06.255421+00:00,2025-10-13T11:11:17.076456+00:00,2025-10-13T11:11:06.258215+00:00,,,2025-10-13T11:11:17.070000+00:00,,,,,80e04a93-e1a8-4503-ab61-2ef1992650b4,PLTR,us_equity,,4,0,,simple,market,market,buy,day,,,canceled,False,,,,
3f661989-6a86-49fb-9093-d484b2bb020a,7def8391-eaaf-4c72-888d-7f7a48c3b6b3,2025-10-13T11:11:06.252991+00:00,2025-10-13T11:11:17.175004+00:00,2025-10-13T11:11:06.255913+00:00,,,2025-10-13T11:11:17.168000+00:00,,,,,b6d1aa75-5c9c-4353-a305-9e2caa1925ab,MSFT,us_equity,,3,0,,simple,market,market,buy,day,,,canceled,False,,,,
e37e1da9-bf07-4aed-a744-f9169a3c2f5e,8f69dce8-6f10-423c-86dd-ca6e197c0a2b,2025-10-13T11:11:06.250756+00:00,2025-10-13T11:11:17.269470+00:00,2025-10-13T11:11:06.253530+00:00,,,2025-10-13T11:11:17.263000+00:00,,,,,8ccae427-5dd0-45b3-b5fe-7ba5e422c766,TSLA,us_equity,,9,0,,simple,market,market,buy,day,,,canceled,False,,,,
edca2d1b-e32b-4b0c-98b8-89210d7da3ce,7fbeb001-f6e1-465d-9234-afd857a7bfe3,2025-10-13T11:11:06.247564+00:00,2025-10-13T11:11:17.368019+00:00,2025-10-13T11:11:06.250361+00:00,,,2025-10-13T11:11:17.361000+00:00,,,,,4ce9353c-66d1-46c2-898f-fce867ab0247,NVDA,us_equity,,6,0,,simple,market,market,buy,day,,,canceled,False,,,,
8ae40da2-4a7b-4084-850a-f9bdbf677eec,ad4e908e-0305-40b3-8d8d-c39a7eff36cb,2025-10-13T10:48:18.135738+00:00,2025-10-13T10:48:42.533019+00:00,2025-10-13T10:48:18.135738+00:00,,,2025-10-13T10:48:42.533018+00:00,,,,,69b15845-7c63-4586-b274-1cfdfe9df3d8,GOOGL,us_equity,,1,0,,simple,market,market,sell,day,,,canceled,False,,,,
8dd42c3b-bcd8-42a3-a73e-ddd1a7007c63,46822ce8-7acb-4272-a484-9903f708e8c7,2025-10-13T10:48:18.133558+00:00,2025-10-13T10:48:42.626273+00:00,2025-10-13T10:48:18.133558+00:00,,,2025-10-13T10:48:42.626272+00:00,,,,,7a8b4fcf-0622-47ef-8541-de7f70ffc0c4,AVGO,us_equity,,2,0,,simple,market,market,sell,day,,,canceled,False,,,,
5addf9ad-33bc-47d2-8f93-4a0f76b71016,7080de33-fada-4b6c-a6ab-f26c74d9feb2,2025-10-13T10:48:18.130597+00:00,2025-10-13T10:48:42.718019+00:00,2025-10-13T10:48:18.130597+00:00,,,2025-10-13T10:48:42.718018+00:00,,,,,fc6a5dcd-4a70-4b8d-b64f-d83a6dae9ba4,META,us_equity,,4,0,,simple,market,market,sell,day,,,canceled,False,,,,
2f513012-e0cc-453b-8729-2448717ab6b2,9773c625-0b22-49fc-9f9d-eefe1d43a2f0,2025-10-13T10:48:18.128669+00:00,2025-10-13T10:48:42.810314+00:00,2025-10-13T10:48:18.128669+00:00,,,2025-10-13T10:48:42.810312+00:00,,,,,80e04a93-e1a8-4503-ab61-2ef1992650b4,PLTR,us_equity,,2,0,,simple,market,market,sell,day,,,canceled,False,,,,
162835f4-78c0-4d1c-8897-040759e61be6,fd7ab60f-5e65-46e0-a03a-feb04a53e88e,2025-10-13T10:48:18.126663+00:00,2025-10-13T10:48:42.898755+00:00,2025-10-13T10:48:18.126663+00:00,,,2025-10-13T10:48:42.898754+00:00,,,,,b6d1aa75-5c9c-4353-a305-9e2caa1925ab,MSFT,us_equity,,1,0,,simple,market,market,sell,day,,,canceled,False,,,,
f329fe87-025e-472c-b735-0fdd1a0a7a9d,bd9b9f0c-f66b-4dea-b401-6c694f3f6bbc,2025-10-13T10:48:18.124674+00:00,2025-10-13T10:48:42.989241+00:00,2025-10-13T10:48:18.124674+00:00,,,2025-10-13T10:48:42.989240+00:00,,,,,f801f835-bfe6-4a9d-a6b1-ccbb84bfd75f,AMZN,us_equity,,1,0,,simple,market,market,sell,day,,,canceled,False,,,,
786e873a-0e75-416b-a815-299594fb7d44,e189983f-e4d9-4794-9203-9a09058a9736,2025-10-13T10:48:18.122363+00:00,2025-10-13T10:48:43.081527+00:00,2025-10-13T10:48:18.122363+00:00,,,2025-10-13T10:48:43.081526+00:00,,,,,b0b6dd9d-8b9b-48a9-ba46-b9d54906e415,AAPL,us_equity,,3,0,,simple,market,market,buy,day,,,canceled,False,,,,
83d6a041-531d-4c56-a8b8-64a2133b0a32,736dade4-0e28-48f6-a9d0-b91215ea6fd1,2025-10-13T10:48:18.117778+00:00,2025-10-13T10:48:43.170454+00:00,2025-10-13T10:48:18.117778+00:00,,,2025-10-13T10:48:43.170453+00:00,,,,,4ce9353c-66d1-46c2-898f-fce867ab0247,NVDA,us_equity,,20,0,,simple,market,market,buy,day,,,canceled,False,,,,
6b23768e-8913-4927-96a7-c759d2717c50,88d22932-759c-4a8f-88d6-4eac12d3ff66,2025-10-13T10:48:18.109299+00:00,2025-10-13T10:48:43.257506+00:00,2025-10-13T10:48:18.109299+00:00,,,2025-10-13T10:48:43.257505+00:00,,,,,8ccae427-5dd0-45b3-b5fe-7ba5e422c766,TSLA,us_equity,,4,0,,simple,market,market,buy,day,,,canceled,False,,,,
8cef3f95-d9f9-4d1c-8569-3a412c8b0ced,7c4885f8-203a-45d9-b935-d15e3b11ffd3,2025-10-13T10:46:38.596824+00:00,2025-10-13T10:47:02.519682+00:00,2025-10-13T10:46:38.596824+00:00,,,2025-10-13T10:47:02.519681+00:00,,,,,7a8b4fcf-0622-47ef-8541-de7f70ffc0c4,AVGO,us_equity,,3,0,,simple,market,market,sell,day,,,canceled,False,,,,
3311ca9d-6103-48e8-9e49-8f77a24b3f50,0579537c-e9bb-41af-b105-c001c31ab45c,2025-10-13T10:46:38.594502+00:00,2025-10-13T10:47:02.615900+00:00,2025-10-13T10:46:38.594502+00:00,,,2025-10-13T10:47:02.615899+00:00,,,,,69b15845-7c63-4586-b274-1cfdfe9df3d8,GOOGL,us_equity,,2,0,,simple,market,market,sell,day,,,canceled,False,,,,
d336c8a9-55ac-4e0e-9a5e-eeb4477db64b,786d1ed6-bade-405f-aef8-600c91168780,2025-10-13T10:46:38.352079+00:00,2025-10-13T10:47:02.714185+00:00,2025-10-13T10:46:38.352079+00:00,,,2025-10-13T10:47:02.714184+00:00,,,,,4ce9353c-66d1-46c2-898f-fce867ab0247,NVDA,us_equity,,19,0,,simple,market,market,buy,day,,,canceled,False,,,,
64b7258f-9199-41f1-816c-184239505f13,9820d66b-e057-4368-9018-e83ab529ec12,2025-10-13T10:46:38.349848+00:00,2025-10-13T10:47:02.811158+00:00,2025-10-13T10:46:38.349848+00:00,,,2025-10-13T10:47:02.811156+00:00,,,,,fc6a5dcd-4a70-4b8d-b64f-d83a6dae9ba4,META,us_equity,,4,0,,simple,market,market,sell,day,,,canceled,False,,,,
bca46218-c2b2-42d7-82aa-f9610864d19b,7121dfe4-8b45-4ad4-86e8-230f15d84440,2025-10-13T10:46:38.347578+00:00,2025-10-13T10:47:02.907943+00:00,2025-10-13T10:46:38.347578+00:00,,,2025-10-13T10:47:02.907941+00:00,,,,,8ccae427-5dd0-45b3-b5fe-7ba5e422c766,TSLA,us_equity,,2,0,,simple,market,market,buy,day,,,canceled,False,,,,
3b1abada-fdc8-44b8-9522-48ba1bb6d68c,334b62b3-9758-4b35-8e02-a9692117c0ad,2025-10-13T10:46:38.344991+00:00,2025-10-13T10:47:03.004751+00:00,2025-10-13T10:46:38.344991+00:00,,,2025-10-13T10:47:03.004749+00:00,,,,,b6d1aa75-5c9c-4353-a305-9e2caa1925ab,MSFT,us_equity,,1,0,,simple,market,market,sell,day,,,canceled,False,,,,
2048afba-38bc-4b31-9fcf-69cc64545816,4003fe2d-3b59-4db3-ad4e-b10216ed725b,2025-10-13T10:46:38.342535+00:00,2025-10-13T10:47:03.102581+00:00,2025-10-13T10:46:38.342535+00:00,,,2025-10-13T10:47:03.102580+00:00,,,,,80e04a93-e1a8-4503-ab61-2ef1992650b4,PLTR,us_equity,,7,0,,simple,market,market,sell,day,,,canceled,False,,,,
161f79b4-8ad5-4f3a-9582-0fbb632c69bc,6b959651-fde3-47c5-b331-f65c2a17d060,2025-10-13T10:46:38.340426+00:00,2025-10-13T10:47:03.198439+00:00,2025-10-13T10:46:38.340426+00:00,,,2025-10-13T10:47:03.198438+00:00,,,,,f801f835-bfe6-4a9d-a6b1-ccbb84bfd75f,AMZN,us_equity,,1,0,,simple,market,market,buy,day,,,canceled,False,,,,
25a969b4-f0ef-4f31-8e84-e745d24f9ea0,8a52f8ea-d1e8-41a5-86de-924f186f7a3a,2025-10-13T10:46:38.337861+00:00,2025-10-13T10:47:03.293278+00:00,2025-10-13T10:46:38.337861+00:00,,,2025-10-13T10:47:03.293277+00:00,,,,,b0b6dd9d-8b9b-48a9-ba46-b9d54906e415,AAPL,us_equity,,2,0,,simple,market,market,buy,day,,,canceled,False,,,,
cabc8edb-040a-4b45-84af-55e766b5f262,5b8a3f30-1425-45ce-87aa-ceb21f5497a0,2025-10-10T18:59:00.213915+00:00,2025-10-10T18:59:00.238182+00:00,2025-10-10T18:59:00.219714+00:00,2025-10-10T18:59:00.228000+00:00,,,,,,,4ce9353c-66d1-46c2-898f-fce867ab0247,NVDA,us_equity,,26,26,186.943,simple,market,market,sell,day,,,filled,False,,,,
401d7e4e-09bd-4d6c-897d-6cd5278c1a7c,904bc1f0-1f7d-4732-bf8b-1f1564ab1e52,2025-10-10T18:59:00.213461+00:00,2025-10-10T18:59:00.257533+00:00,2025-10-10T18:59:00.219432+00:00,2025-10-10T18:59:00.229000+00:00,,,,,,,bb2a26c0-4c77-4801-8afc-82e8142ac7b8,NFLX,us_equity,,1,1,1224.937,simple,market,market,buy,day,,,filled,False,,,,
9bd455de-a8ab-454a-b52e-79d430fbacfb,9d230039-2b82-412d-b813-99cf056b4231,2025-10-10T18:59:00.212556+00:00,2025-10-10T18:59:00.259429+00:00,2025-10-10T18:59:00.219276+00:00,2025-10-10T18:59:00.240000+00:00,,,,,,,fc6a5dcd-4a70-4b8d-b64f-d83a6dae9ba4,META,us_equity,,1,1,710.95,simple,market,market,buy,day,,,filled,False,,,,
636526a1-baaf-4e59-94f5-43a263ab3bc4,f9d59bdd-34da-4df2-9172-60e604d8f00a,2025-10-10T18:59:00.214780+00:00,2025-10-10T18:59:00.258535+00:00,2025-10-10T18:59:00.219102+00:00,2025-10-10T18:59:00.225000+00:00,,,,,,,8ccae427-5dd0-45b3-b5fe-7ba5e422c766,TSLA,us_equity,,1,1,416.585,simple,market,market,buy,day,,,filled,False,,,,
ef7702b8-c52b-4c9c-bb95-95c5b28efce8,da85daa4-c3e0-4f1b-adc4-8c5b5e86e9a3,2025-10-10T18:59:00.212042+00:00,2025-10-10T18:59:00.237054+00:00,2025-10-10T18:59:00.218914+00:00,2025-10-10T18:59:00.228000+00:00,,,,,,,69b15845-7c63-4586-b274-1cfdfe9df3d8,GOOGL,us_equity,,1,1,238.176,simple,market,market,sell,day,,,filled,False,,,,
29edf12f-10ab-4166-874d-69bc489d08fb,c5c76027-d1b5-43b7-9c2c-e3d7ed487cae,2025-10-10T18:59:00.214358+00:00,2025-10-10T18:59:00.256511+00:00,2025-10-10T18:59:00.218829+00:00,2025-10-10T18:59:00.224000+00:00,,,,,,,80e04a93-e1a8-4503-ab61-2ef1992650b4,PLTR,us_equity,,2,2,177.51,simple,market,market,sell,day,,,filled,False,,,,
d32a8b39-ade3-439a-a28b-bce7d3ebe1ca,2d418c47-ab72-4c7c-8deb-4c8fbba997c2,2025-10-10T18:59:00.212974+00:00,2025-10-10T18:59:00.235828+00:00,2025-10-10T18:59:00.218602+00:00,2025-10-10T18:59:00.224000+00:00,,,,,,,b6d1aa75-5c9c-4353-a305-9e2caa1925ab,MSFT,us_equity,,1,1,514.57,simple,market,market,sell,day,,,filled,False,,,,
a803c2b6-5bec-4462-91e0-bec4ece68622,a97ee4c6-f41b-4f3f-a35c-2395ed569a48,2025-10-10T18:59:00.211531+00:00,2025-10-10T18:59:00.238058+00:00,2025-10-10T18:59:00.218419+00:00,2025-10-10T18:59:00.224000+00:00,,,,,,,7a8b4fcf-0622-47ef-8541-de7f70ffc0c4,AVGO,us_equity,,2,2,328.4101,simple,market,market,sell,day,,,filled,False,,,,
b30ddcd0-b22b-461c-9757-f929180885fc,bd95c6cc-2894-47ef-acc9-c68e971c0377,2025-10-10T18:59:00.210939+00:00,2025-10-10T18:59:00.229953+00:00,2025-10-10T18:59:00.217187+00:00,2025-10-10T18:59:00.223000+00:00,,,,,,,f801f835-bfe6-4a9d-a6b1-ccbb84bfd75f,AMZN,us_equity,,11,11,218.0686,simple,market,market,buy,day,,,filled,False,,,,
866eb326-e6a3-4c9d-8327-1b948c88ad40,8c4e16b0-361a-4fc5-b7e2-f4de3c283ea0,2025-10-10T18:00:36.806574+00:00,2025-10-10T18:00:36.821021+00:00,2025-10-10T18:00:36.809534+00:00,2025-10-10T18:00:36.815000+00:00,,,,,,,69b15845-7c63-4586-b274-1cfdfe9df3d8,GOOGL,us_equity,,1,1,238.6728,simple,limit,limit,buy,day,238.91,,filled,False,,,,
2acdd5ff-697b-4f70-b69f-7fdaf34f6baa,7b0e8105-0813-4939-9f5c-3e9b877060d6,2025-10-10T18:00:36.804112+00:00,2025-10-10T18:01:26.778556+00:00,2025-10-10T18:00:36.807201+00:00,2025-10-10T18:01:26.770000+00:00,,,,,,,f801f835-bfe6-4a9d-a6b1-ccbb84bfd75f,AMZN,us_equity,,11,11,218.93,simple,limit,limit,sell,day,218.93,,filled,False,,,,
dceecf01-029a-4fe2-8b92-70f31fb2e416,db1543b9-d58c-43cc-b2b0-8d9a92ca9b26,2025-10-10T18:00:36.797366+00:00,2025-10-10T18:04:05.813492+00:00,2025-10-10T18:00:36.800177+00:00,2025-10-10T18:04:05.806000+00:00,,,,,,,bb2a26c0-4c77-4801-8afc-82e8142ac7b8,NFLX,us_equity,,1,1,1227.02,simple,limit,limit,sell,day,1227.02,,filled,False,,,,
a3e8cde8-04c8-4a4e-ac91-b7fe7588d630,851cff14-1c90-4017-85a5-2a3ee31f9c94,2025-10-10T18:00:36.794193+00:00,2025-10-10T18:00:36.809726+00:00,2025-10-10T18:00:36.797071+00:00,2025-10-10T18:00:36.803000+00:00,,,,,,,7a8b4fcf-0622-47ef-8541-de7f70ffc0c4,AVGO,us_equity,,2,2,329.895,simple,limit,limit,buy,day,330.21,,filled,False,,,,
4a27ed69-1ac4-40ba-89d8-0410cc3d2548,cda74f94-f094-438e-8711-30c44638ef2c,2025-10-10T18:00:36.790023+00:00,2025-10-10T18:59:00.224369+00:00,2025-10-10T18:00:36.792647+00:00,,,2025-10-10T18:59:00.218000+00:00,,,,,b0b6dd9d-8b9b-48a9-ba46-b9d54906e415,AAPL,us_equity,,2,0,,simple,limit,limit,sell,day,248.01,,canceled,False,,,,
e3a83e45-0869-4fbb-a488-39a8455ab6fe,4c124c3f-5539-4557-9915-80424e9900cd,2025-10-10T18:00:36.788309+00:00,2025-10-10T18:00:36.802419+00:00,2025-10-10T18:00:36.790503+00:00,2025-10-10T18:00:36.795000+00:00,,,,,,,80e04a93-e1a8-4503-ab61-2ef1992650b4,PLTR,us_equity,,2,2,178.2039,simple,limit,limit,buy,day,178.49,,filled,False,,,,
ba8bd62b-5a7e-4152-8532-a7a45a286866,d8746279-875c-4ab3-b25f-4f408f2e489a,2025-10-10T18:00:36.785231+00:00,2025-10-10T18:22:33.287231+00:00,2025-10-10T18:00:36.787939+00:00,2025-10-10T18:22:33.281000+00:00,,,,,,,fc6a5dcd-4a70-4b8d-b64f-d83a6dae9ba4,META,us_equity,,1,1,712.56,simple,limit,limit,sell,day,712.56,,filled,False,,,,
1eda6cec-41d4-4f5d-8046-bfa9eef4c046,f39d59e0-1354-4058-b8e6-73f1d3c897fd,2025-10-10T18:00:36.783145+00:00,2025-10-10T18:00:36.799588+00:00,2025-10-10T18:00:36.785868+00:00,2025-10-10T18:00:36.791000+00:00,,,,,,,b6d1aa75-5c9c-4353-a305-9e2caa1925ab,MSFT,us_equity,,1,1,513.98,simple,limit,limit,buy,day,514.44,,filled,False,,,,
809236da-d82e-4f4e-a4b1-34b89ccc9fec,bb809064-6660-4b10-a38a-4042a9fb70bc,2025-10-10T18:00:36.777912+00:00,2025-10-10T18:07:55.185443+00:00,2025-10-10T18:00:36.780551+00:00,2025-10-10T18:07:55.179000+00:00,,,,,,,8ccae427-5dd0-45b3-b5fe-7ba5e422c766,TSLA,us_equity,,1,1,418.47,simple,limit,limit,sell,day,418.47,,filled,False,,,,
1363b7f0-ec9d-40d2-9b41-664e94d95415,cd149592-abf5-441a-a20a-6dde7885b8ef,2025-10-10T18:00:36.772432+00:00,2025-10-10T18:00:36.793173+00:00,2025-10-10T18:00:36.775263+00:00,2025-10-10T18:00:36.784000+00:00,,,,,,,4ce9353c-66d1-46c2-898f-fce867ab0247,NVDA,us_equity,,26,26,187.397,simple,limit,limit,buy,day,187.69,,filled,False,,,,
ab9f879e-5d57-4e47-a356-9f5744afa3b1,9d642856-aaa1-4e75-b313-f6efd340de01,2025-10-10T17:59:00.224933+00:00,2025-10-10T17:59:00.289659+00:00,2025-10-10T17:59:00.234523+00:00,2025-10-10T17:59:00.243000+00:00,,,,,,,bb2a26c0-4c77-4801-8afc-82e8142ac7b8,NFLX,us_equity,,1,1,1226.65,simple,market,market,buy,day,,,filled,False,,,,
2bf4e16b-5fdd-4421-ac3e-c14af473c8d2,2e535e25-03c5-4f3d-b2f5-55a30e241f15,2025-10-10T17:59:00.222472+00:00,2025-10-10T17:59:00.255699+00:00,2025-10-10T17:59:00.234358+00:00,2025-10-10T17:59:00.241000+00:00,,,,,,,69b15845-7c63-4586-b274-1cfdfe9df3d8,GOOGL,us_equity,,11,11,238.84,simple,market,market,sell,day,,,filled,False,,,,
e7ca0faf-e7fb-4cb2-9be4-52994a277803,a34a4753-5425-4e41-8615-6b0d146e8563,2025-10-10T17:59:00.225298+00:00,2025-10-10T17:59:00.249033+00:00,2025-10-10T17:59:00.234339+00:00,2025-10-10T17:59:00.238000+00:00,,,,,,,4ce9353c-66d1-46c2-898f-fce867ab0247,NVDA,us_equity,,21,21,187.6207,simple,market,market,sell,day,,,filled,False,,,,
d164534e-7c31-4488-a236-878d5114cdbb,228bfcbb-08d3-470b-81d1-c3514fe1f12f,2025-10-10T17:59:00.225764+00:00,2025-10-10T17:59:00.250850+00:00,2025-10-10T17:59:00.234167+00:00,2025-10-10T17:59:00.240000+00:00,,,,,,,80e04a93-e1a8-4503-ab61-2ef1992650b4,PLTR,us_equity,,1,1,178.455,simple,market,market,buy,day,,,filled,False,,,,
744f5432-10a5-4668-9bf5-122d2f20e213,b11d1dca-fed5-4726-9bbc-cb876d59b040,2025-10-10T17:59:00.228178+00:00,2025-10-10T17:59:00.251814+00:00,2025-10-10T17:59:00.234129+00:00,2025-10-10T17:59:00.242000+00:00,,,,,,,8ccae427-5dd0-45b3-b5fe-7ba5e422c766,TSLA,us_equity,,16,16,418.0722,simple,market,market,sell,day,,,filled,False,,,,
31445c85-801d-4d38-a815-d2c3475f5add,1cc4a6e7-b6af-4480-bdb9-9c34867ce93c,2025-10-10T17:59:00.224531+00:00,2025-10-10T17:59:00.247513+00:00,2025-10-10T17:59:00.234095+00:00,2025-10-10T17:59:00.238000+00:00,,,,,,,b6d1aa75-5c9c-4353-a305-9e2caa1925ab,MSFT,us_equity,,2,2,514.3504,simple,market,market,sell,day,,,filled,False,,,,
30da4144-982a-4c90-a995-178b8b2b8b1a,cec6bc57-b8d1-45ca-bc9e-2d6d2bf752eb,2025-10-10T17:59:00.222943+00:00,2025-10-10T17:59:00.253916+00:00,2025-10-10T17:59:00.233922+00:00,2025-10-10T17:59:00.243000+00:00,,,,,,,fc6a5dcd-4a70-4b8d-b64f-d83a6dae9ba4,META,us_equity,,1,1,712.6664,simple,market,market,buy,day,,,filled,False,,,,
95d4b009-b286-4427-9f03-7b58149f318d,058917d2-cc7e-4e64-9127-2159a17e079b,2025-10-10T17:59:00.215354+00:00,2025-10-10T17:59:00.252721+00:00,2025-10-10T17:59:00.233912+00:00,2025-10-10T17:59:00.240000+00:00,,,,,,,7a8b4fcf-0622-47ef-8541-de7f70ffc0c4,AVGO,us_equity,,10,10,330.0647,simple,market,market,sell,day,,,filled,False,,,,
547d8a80-fecb-4540-8425-02245bb4093f,f38f1e02-5c98-4d99-a8aa-ae603b29c792,2025-10-10T17:59:00.214872+00:00,2025-10-10T17:59:00.248900+00:00,2025-10-10T17:59:00.233750+00:00,2025-10-10T17:59:00.239000+00:00,,,,,,,f801f835-bfe6-4a9d-a6b1-ccbb84bfd75f,AMZN,us_equity,,19,19,218.9378,simple,market,market,buy,day,,,filled,False,,,,
abd1c39f-c87c-43df-91e9-b9a568de6567,e805e8f4-c2ef-47d6-bfce-49a22ba66675,2025-10-10T17:59:00.214298+00:00,2025-10-10T17:59:00.252872+00:00,2025-10-10T17:59:00.233685+00:00,2025-10-10T17:59:00.242000+00:00,,,,,,,b0b6dd9d-8b9b-48a9-ba46-b9d54906e415,AAPL,us_equity,,3,3,247.952,simple,market,market,sell,day,,,filled,False,,,,
65e1c585-f9a2-4949-9768-611c7861c503,c7e7fb1d-e8f2-4edb-a577-898a45aea783,2025-10-10T17:00:36.813466+00:00,2025-10-10T17:01:10.436369+00:00,2025-10-10T17:00:36.820371+00:00,2025-10-10T17:01:10.428000+00:00,,,,,,,4ce9353c-66d1-46c2-898f-fce867ab0247,NVDA,us_equity,,21,21,187.52,simple,limit,limit,buy,day,187.52,,filled,False,,,,
7374b7d3-c0f6-4189-b62d-aa1eeb347b86,b19a582b-7fda-45d8-81b6-d38963e2a604,2025-10-10T17:00:36.800800+00:00,2025-10-10T17:01:48.186391+00:00,2025-10-10T17:00:36.803976+00:00,2025-10-10T17:01:48.180000+00:00,,,,,,,69b15845-7c63-4586-b274-1cfdfe9df3d8,GOOGL,us_equity,,11,11,237.31,simple,limit,limit,buy,day,237.31,,filled,False,,,,
a6846b58-bc3f-47f1-9da0-ca4d240f1800,41d5522e-3964-4c2f-954b-81a0c23fe468,2025-10-10T17:00:36.793537+00:00,2025-10-10T17:00:36.812465+00:00,2025-10-10T17:00:36.795844+00:00,2025-10-10T17:00:36.805000+00:00,,,,,,,f801f835-bfe6-4a9d-a6b1-ccbb84bfd75f,AMZN,us_equity,,19,19,218.389,simple,limit,limit,sell,day,218.27,,filled,False,,,,
1a31081f-46b1-413f-b6f6-337290bdbc6d,b5d29bcf-bd18-4e76-b70d-efdbff4dc7c9,2025-10-10T17:00:36.790576+00:00,2025-10-10T17:01:09.785554+00:00,2025-10-10T17:00:36.793623+00:00,2025-10-10T17:01:09.777000+00:00,,,,,,,7a8b4fcf-0622-47ef-8541-de7f70ffc0c4,AVGO,us_equity,,10,10,331.26,simple,limit,limit,buy,day,331.26,,filled,False,,,,
751f34de-bf1a-43bc-831d-c8fd0f337f8e,f3830b02-6b68-4f72-8480-d67f9677b031,2025-10-10T17:00:36.788960+00:00,2025-10-10T17:00:36.805979+00:00,2025-10-10T17:00:36.793485+00:00,2025-10-10T17:00:36.799000+00:00,,,,,,,bb2a26c0-4c77-4801-8afc-82e8142ac7b8,NFLX,us_equity,,1,1,1231.92,simple,limit,limit,sell,day,1231.92,,filled,False,,,,
a5aced33-a824-4a56-b5e2-b5952b26c9a8,78b7c798-efcb-43ea-ac4c-771959d47491,2025-10-10T17:00:36.787140+00:00,2025-10-10T17:00:56.328387+00:00,2025-10-10T17:00:36.789471+00:00,2025-10-10T17:00:56.322000+00:00,,,,,,,b6d1aa75-5c9c-4353-a305-9e2caa1925ab,MSFT,us_equity,,2,2,514.35,simple,limit,limit,buy,day,514.35,,filled,False,,,,
d28cde2c-48e0-4497-b399-83a0f5515863,578ce453-a9fe-473a-a2b7-236b6794d64c,2025-10-10T17:00:36.785319+00:00,2025-10-10T17:00:36.803514+00:00,2025-10-10T17:00:36.787609+00:00,2025-10-10T17:00:36.796000+00:00,,,,,,,80e04a93-e1a8-4503-ab61-2ef1992650b4,PLTR,us_equity,,1,1,179.4951,simple,limit,limit,sell,day,179.12,,filled,False,,,,
1348ab5f-5899-4b6a-b18b-b14419b4d9bf,93e6de92-11f6-4f94-a0f7-aedee3232742,2025-10-10T17:00:36.783440+00:00,2025-10-10T17:00:36.798356+00:00,2025-10-10T17:00:36.786208+00:00,2025-10-10T17:00:36.792000+00:00,,,,,,,fc6a5dcd-4a70-4b8d-b64f-d83a6dae9ba4,META,us_equity,,1,1,710.87,simple,limit,limit,sell,day,710.87,,filled,False,,,,
68d8c009-6ccc-4681-93f0-e25dc355d7af,83a6c768-83e7-41a7-8602-0b44e8d9b7c2,2025-10-10T17:00:36.781671+00:00,2025-10-10T17:00:49.366948+00:00,2025-10-10T17:00:36.784054+00:00,2025-10-10T17:00:49.359000+00:00,,,,,,,b0b6dd9d-8b9b-48a9-ba46-b9d54906e415,AAPL,us_equity,,3,3,247.49,simple,limit,limit,buy,day,247.49,,filled,False,,,,
c29c31fb-889d-4d06-9785-febab7f8f0b6,06141fe0-b4b0-4957-a3b4-86dc1518eddf,2025-10-10T17:00:36.778852+00:00,2025-10-10T17:01:03.022355+00:00,2025-10-10T17:00:36.781592+00:00,2025-10-10T17:01:03.016000+00:00,,,,,,,8ccae427-5dd0-45b3-b5fe-7ba5e422c766,TSLA,us_equity,,16,16,418.5,simple,limit,limit,buy,day,418.5,,filled,False,,,,
ff8f449c-4c1e-41a5-bdef-ecc1cc3db32d,da1d9ccc-d00e-4462-b044-db1fc7116a0e,2025-10-10T16:59:00.215088+00:00,2025-10-10T16:59:00.237983+00:00,2025-10-10T16:59:00.218879+00:00,2025-10-10T16:59:00.228000+00:00,,,,,,,8ccae427-5dd0-45b3-b5fe-7ba5e422c766,TSLA,us_equity,,33,33,418.3463,simple,market,market,sell,day,,,filled,False,,,,
ed809288-c910-464f-80cb-26b89bd8f03a,9299f6f3-f042-42df-b25e-4f91355c41fd,2025-10-10T16:59:00.214525+00:00,2025-10-10T16:59:00.239212+00:00,2025-10-10T16:59:00.218750+00:00,2025-10-10T16:59:00.228000+00:00,,,,,,,80e04a93-e1a8-4503-ab61-2ef1992650b4,PLTR,us_equity,,11,11,179.0121,simple,market,market,sell,day,,,filled,False,,,,
ce387a6d-df9b-4da4-abec-26bfc2998c26,94b64820-aa1f-42d9-b1bc-62ee6e0663d2,2025-10-10T16:59:00.212775+00:00,2025-10-10T16:59:00.241422+00:00,2025-10-10T16:59:00.218604+00:00,2025-10-10T16:59:00.228000+00:00,,,,,,,b6d1aa75-5c9c-4353-a305-9e2caa1925ab,MSFT,us_equity,,4,4,514.0558,simple,market,market,buy,day,,,filled,False,,,,
1df1e7c4-2a49-4305-985a-9274e44a631d,b2aba351-3873-4e65-910e-0c6d0acc0c15,2025-10-10T16:59:00.212286+00:00,2025-10-10T16:59:00.240409+00:00,2025-10-10T16:59:00.218428+00:00,2025-10-10T16:59:00.228000+00:00,,,,,,,fc6a5dcd-4a70-4b8d-b64f-d83a6dae9ba4,META,us_equity,,4,4,710.6837,simple,market,market,buy,day,,,filled,False,,,,
969f1841-f84a-434c-9ac6-93a0977368db,6652a947-433d-477f-b12a-98623066635e,2025-10-10T16:59:00.213320+00:00,2025-10-10T16:59:00.228910+00:00,2025-10-10T16:59:00.218326+00:00,2025-10-10T16:59:00.222000+00:00,,,,,,,bb2a26c0-4c77-4801-8afc-82e8142ac7b8,NFLX,us_equity,,1,1,1232.23,simple,market,market,buy,day,,,filled,False,,,,
562d7cd7-302a-4cda-8455-bddc650fccda,45104118-ba9f-4f95-8a5b-0c6457d28abf,2025-10-10T16:59:00.211765+00:00,2025-10-10T16:59:00.236781+00:00,2025-10-10T16:59:00.218275+00:00,2025-10-10T16:59:00.227000+00:00,,,,,,,69b15845-7c63-4586-b274-1cfdfe9df3d8,GOOGL,us_equity,,1,1,237.141,simple,market,market,buy,day,,,filled,False,,,,
228918a4-5115-41da-870f-0246511ce85e,17422aa1-cfb6-4963-b437-3d48f64fbf59,2025-10-10T16:59:00.214017+00:00,2025-10-10T16:59:00.235404+00:00,2025-10-10T16:59:00.218269+00:00,2025-10-10T16:59:00.224000+00:00,,,,,,,4ce9353c-66d1-46c2-898f-fce867ab0247,NVDA,us_equity,,26,26,187.5151,simple,market,market,sell,day,,,filled,False,,,,
cccbeca3-db93-48e3-90d1-9c5dc6b07d55,29eff525-50d0-49c5-8544-72cecf17e436,2025-10-10T16:59:00.211182+00:00,2025-10-10T16:59:00.242600+00:00,2025-10-10T16:59:00.218074+00:00,2025-10-10T16:59:00.236000+00:00,,,,,,,7a8b4fcf-0622-47ef-8541-de7f70ffc0c4,AVGO,us_equity,,4,4,331.06,simple,market,market,sell,day,,,filled,False,,,,
3ce2dfae-4e98-42d2-879e-b3a78fa16288,90138bf7-12e2-4c97-80a6-3859f3452157,2025-10-10T16:59:00.210473+00:00,2025-10-10T16:59:00.233267+00:00,2025-10-10T16:59:00.217633+00:00,2025-10-10T16:59:00.223000+00:00,,,,,,,b0b6dd9d-8b9b-48a9-ba46-b9d54906e415,AAPL,us_equity,,21,21,247.4788,simple,market,market,buy,day,,,filled,False,,,,
cf5e5f0b-3cc7-499a-a2b1-a5211ae1363b,4c775cba-3901-450f-87d7-901cbfb6e74c,2025-10-10T16:00:36.945632+00:00,2025-10-10T16:00:36.963549+00:00,2025-10-10T16:00:36.948274+00:00,2025-10-10T16:00:36.956000+00:00,,,,,,,8ccae427-5dd0-45b3-b5fe-7ba5e422c766,TSLA,us_equity,,33,33,424.2732,simple,limit,limit,buy,day,424.78,,filled,False,,,,
da2a5583-7475-42eb-b72d-79083433a811,5e010d8a-54b2-4fe2-b05e-f93f27ef85dd,2025-10-10T16:00:36.940007+00:00,2025-10-10T16:23:23.203092+00:00,2025-10-10T16:00:36.942608+00:00,2025-10-10T16:23:23.195000+00:00,,,,,,,69b15845-7c63-4586-b274-1cfdfe9df3d8,GOOGL,us_equity,,1,1,238.89,simple,limit,limit,sell,day,238.89,,filled,False,,,,
de392168-c654-4516-9e9f-c0291206fa5d,f8a821d0-702f-4d72-a36a-900787625908,2025-10-10T16:00:36.936423+00:00,2025-10-10T16:59:00.225879+00:00,2025-10-10T16:00:36.938924+00:00,,,2025-10-10T16:59:00.220000+00:00,,,,,f801f835-bfe6-4a9d-a6b1-ccbb84bfd75f,AMZN,us_equity,,7,0,,simple,limit,limit,sell,day,221.09,,canceled,False,,,,
2b405837-50f4-4518-8718-52fe25ea66fb,78ae5037-1956-44cc-8968-f1aec8c266e2,2025-10-10T16:00:36.933740+00:00,2025-10-10T16:05:34.394284+00:00,2025-10-10T16:00:36.935869+00:00,2025-10-10T16:05:34.388000+00:00,,,,,,,bb2a26c0-4c77-4801-8afc-82e8142ac7b8,NFLX,us_equity,,1,1,1239.34,simple,limit,limit,sell,day,1239.34,,filled,False,,,,
f22c8d65-d6f4-49a4-b7c3-55fa03d8d2aa,172bb1c2-1abb-4638-99c7-428c7bcbe535,2025-10-10T16:00:36.931871+00:00,2025-10-10T16:05:00.956511+00:00,2025-10-10T16:00:36.935776+00:00,2025-10-10T16:05:00.950000+00:00,,,,,,,b6d1aa75-5c9c-4353-a305-9e2caa1925ab,MSFT,us_equity,,4,4,516.33,simple,limit,limit,sell,day,516.33,,filled,False,,,,
6bc593de-f28c-4ecf-a609-325571ab0112,0198b5f7-077b-4edc-a7d2-f4779190f6f2,2025-10-10T16:00:36.929309+00:00,2025-10-10T16:11:49.727475+00:00,2025-10-10T16:00:36.934348+00:00,2025-10-10T16:11:49.722000+00:00,,,,,,,b0b6dd9d-8b9b-48a9-ba46-b9d54906e415,AAPL,us_equity,,21,21,248.79,simple,limit,limit,sell,day,248.79,,filled,False,,,,
37e932d2-9ae3-4700-8644-690dc0d11e90,58bbdd4d-c212-4eb0-a03b-dfa8525b0a5b,2025-10-10T16:00:36.927453+00:00,2025-10-10T16:00:36.949872+00:00,2025-10-10T16:00:36.932027+00:00,2025-10-10T16:00:36.940000+00:00,,,,,,,80e04a93-e1a8-4503-ab61-2ef1992650b4,PLTR,us_equity,,11,11,181.0592,simple,limit,limit,buy,day,181.38,,filled,False,,,,
eefd7af9-43ec-4620-bf17-cb1560abd3bb,bb875c5f-23ec-43f5-835d-260b3ebe75d9,2025-10-10T16:00:36.925640+00:00,2025-10-10T16:00:36.948899+00:00,2025-10-10T16:00:36.928223+00:00,2025-10-10T16:00:36.939000+00:00,,,,,,,7a8b4fcf-0622-47ef-8541-de7f70ffc0c4,AVGO,us_equity,,4,4,335.8417,simple,limit,limit,buy,day,336.32,,filled,False,,,,
2eb524c6-27f5-4c5d-9c50-a74e46c32771,ceecc5e1-b78e-4563-8e31-4f3caea8f89a,2025-10-10T16:00:36.922315+00:00,2025-10-10T16:02:36.056760+00:00,2025-10-10T16:00:36.927296+00:00,2025-10-10T16:02:36.048000+00:00,,,,,,,fc6a5dcd-4a70-4b8d-b64f-d83a6dae9ba4,META,us_equity,,4,4,715.2,simple,limit,limit,sell,day,715.2,,filled,False,,,,
8c6c02f5-24a3-494f-a03c-81428c8ff018,f8119f6c-4251-455a-8cce-6c037d4faee5,2025-10-10T16:00:36.915687+00:00,2025-10-10T16:00:36.935490+00:00,2025-10-10T16:00:36.919280+00:00,2025-10-10T16:00:36.927000+00:00,,,,,,,4ce9353c-66d1-46c2-898f-fce867ab0247,NVDA,us_equity,,26,26,189.3271,simple,limit,limit,buy,day,189.52,,filled,False,,,,
fa1a91f8-6c95-4c96-874a-916026fa9704,fdfddea1-ac66-40f7-8dd8-58770e3c1a2f,2025-10-10T15:59:00.222651+00:00,2025-10-10T15:59:00.243955+00:00,2025-10-10T15:59:00.225786+00:00,2025-10-10T15:59:00.234000+00:00,,,,,,,8ccae427-5dd0-45b3-b5fe-7ba5e422c766,TSLA,us_equity,,20,20,424.7487,simple,market,market,sell,day,,,filled,False,,,,
2598e08a-9c56-4ebe-834f-4c75611e2de7,f329cb18-799d-4da3-a958-cdba521dcb17,2025-10-10T15:59:00.222281+00:00,2025-10-10T15:59:00.242969+00:00,2025-10-10T15:59:00.225562+00:00,2025-10-10T15:59:00.234000+00:00,,,,,,,80e04a93-e1a8-4503-ab61-2ef1992650b4,PLTR,us_equity,,12,12,181.2206,simple,market,market,sell,day,,,filled,False,,,,
5da4dd84-1b2c-4c9b-b2e0-dff2aeb89238,fee1af8c-7241-452f-b64b-5d522ce8fe84,2025-10-10T15:59:00.221863+00:00,2025-10-10T15:59:00.241994+00:00,2025-10-10T15:59:00.225267+00:00,2025-10-10T15:59:00.231000+00:00,,,,,,,4ce9353c-66d1-46c2-898f-fce867ab0247,NVDA,us_equity,,27,27,189.5234,simple,market,market,sell,day,,,filled,False,,,,
2001ff0b-ab9e-4b1e-8126-306645a8ef2d,5a7f735a-35f6-4cf5-879c-824773571d5a,2025-10-10T15:59:00.221414+00:00,2025-10-10T15:59:00.238170+00:00,2025-10-10T15:59:00.225183+00:00,2025-10-10T15:59:00.230000+00:00,,,,,,,bb2a26c0-4c77-4801-8afc-82e8142ac7b8,NFLX,us_equity,,1,1,1239.25,simple,market,market,sell,day,,,filled,False,,,,
8a71e90d-0d35-469c-8077-9b954096e1f8,d6b363cd-50db-4157-99d8-5687c0635fb8,2025-10-10T15:59:00.220965+00:00,2025-10-10T15:59:00.241045+00:00,2025-10-10T15:59:00.224912+00:00,2025-10-10T15:59:00.230000+00:00,,,,,,,fc6a5dcd-4a70-4b8d-b64f-d83a6dae9ba4,META,us_equity,,1,1,715.41,simple,market,market,sell,day,,,filled,False,,,,
779ff465-10fe-4ac9-90ac-4c544cff9e70,42dfe59c-be09-44ff-bc8c-15c1eac9ef9b,2025-10-10T15:59:00.220440+00:00,2025-10-10T15:59:00.240129+00:00,2025-10-10T15:59:00.224725+00:00,2025-10-10T15:59:00.230000+00:00,,,,,,,7a8b4fcf-0622-47ef-8541-de7f70ffc0c4,AVGO,us_equity,,1,1,336.8301,simple,market,market,sell,day,,,filled,False,,,,
86ea1f30-e6b1-40cf-a2a4-447bf0ef3c60,6025cdc1-28a3-40f4-9722-09311b6764a0,2025-10-10T15:00:36.605441+00:00,2025-10-10T15:59:00.233797+00:00,2025-10-10T15:00:36.610275+00:00,,,2025-10-10T15:59:00.226000+00:00,,,,,f801f835-bfe6-4a9d-a6b1-ccbb84bfd75f,AMZN,us_equity,,10,0,,simple,limit,limit,sell,day,225.28,,canceled,False,,,,
e8d8fadb-8a7d-4617-9bce-d8ff6dcb40dc,10e28ef5-8dfe-4c73-8ead-8eb7c5c71456,2025-10-10T15:00:36.602269+00:00,2025-10-10T15:00:36.617919+00:00,2025-10-10T15:00:36.606113+00:00,2025-10-10T15:00:36.611000+00:00,,,,,,,8ccae427-5dd0-45b3-b5fe-7ba5e422c766,TSLA,us_equity,,20,20,432.295,simple,limit,limit,buy,day,434.94,,filled,False,,,,
740204cd-3281-4f13-8e58-108fe2f17835,046ff48d-175b-4b3b-b366-bd698baba383,2025-10-10T15:00:36.580524+00:00,2025-10-10T15:00:36.608637+00:00,2025-10-10T15:00:36.584392+00:00,2025-10-10T15:00:36.598000+00:00,,,,,,,bb2a26c0-4c77-4801-8afc-82e8142ac7b8,NFLX,us_equity,,1,1,1241.36,simple,limit,limit,buy,day,1241.86,,filled,False,,,,
2c5afdb4-32a0-445c-9401-632097ef9b27,f8ee8b39-4b05-4f67-b87f-0c4fb7255c02,2025-10-10T15:00:36.576043+00:00,2025-10-10T15:59:00.232823+00:00,2025-10-10T15:00:36.581208+00:00,,,2025-10-10T15:59:00.226000+00:00,,,,,69b15845-7c63-4586-b274-1cfdfe9df3d8,GOOGL,us_equity,,3,0,,simple,limit,limit,sell,day,241.97,,canceled,False,,,,
fdc528a5-79c8-470f-a725-e00995c87b5a,af3ff2cf-f403-4484-87e7-d1f15058f71b,2025-10-10T15:00:36.571417+00:00,2025-10-10T15:00:36.587699+00:00,2025-10-10T15:00:36.576059+00:00,2025-10-10T15:00:36.581000+00:00,,,,,,,7a8b4fcf-0622-47ef-8541-de7f70ffc0c4,AVGO,us_equity,,1,1,342.6892,simple,limit,limit,buy,day,344.68,,filled,False,,,,
deb484bc-fd39-4610-bbda-046d9b10995d,e0c05237-1ca4-4e58-b0be-d1f1cf958d6f,2025-10-10T15:00:36.568264+00:00,2025-10-10T15:59:00.235545+00:00,2025-10-10T15:00:36.573226+00:00,,,2025-10-10T15:59:00.228000+00:00,,,,,b6d1aa75-5c9c-4353-a305-9e2caa1925ab,MSFT,us_equity,,2,0,,simple,limit,limit,sell,day,519.41,,canceled,False,,,,
694072eb-0def-483d-95ba-bd82e1a412ab,40c1d70a-d811-4a47-8e09-b8b85bd5bda1,2025-10-10T15:00:36.565150+00:00,2025-10-10T15:00:36.631148+00:00,2025-10-10T15:00:36.570086+00:00,2025-10-10T15:00:36.624000+00:00,,,,,,,80e04a93-e1a8-4503-ab61-2ef1992650b4,PLTR,us_equity,,12,12,182.92,simple,limit,limit,buy,day,183.87,,filled,False,,,,
bab2c752-f1e8-4cd7-ac7e-e3870ceedfbc,e2d380b2-fa4d-4da9-bc80-50d2da07ef8f,2025-10-10T15:00:36.558967+00:00,2025-10-10T15:59:00.234743+00:00,2025-10-10T15:00:36.562359+00:00,,,2025-10-10T15:59:00.228000+00:00,,,,,b0b6dd9d-8b9b-48a9-ba46-b9d54906e415,AAPL,us_equity,,23,0,,simple,limit,limit,sell,day,253.17,,canceled,False,,,,
b2671664-3e7d-4d81-8c6e-3c1977b31582,1dacec7c-a043-4cfd-9329-647778b701de,2025-10-10T15:00:36.556312+00:00,2025-10-10T15:00:36.584940+00:00,2025-10-10T15:00:36.559922+00:00,2025-10-10T15:00:36.570000+00:00,,,,,,,fc6a5dcd-4a70-4b8d-b64f-d83a6dae9ba4,META,us_equity,,1,1,722.9929,simple,limit,limit,buy,day,725.65,,filled,False,,,,
ad087059-6f28-447a-b187-17be1348a595,f0e85288-a594-49d3-9ab6-f212a6996f3f,2025-10-10T15:00:36.546173+00:00,2025-10-10T15:00:36.563242+00:00,2025-10-10T15:00:36.549291+00:00,2025-10-10T15:00:36.555000+00:00,,,,,,,4ce9353c-66d1-46c2-898f-fce867ab0247,NVDA,us_equity,,27,27,193.4272,simple,limit,limit,buy,day,194.15,,filled,False,,,,
dd6285b9-8890-4b16-8033-b3d0f87ffe95,18960990-5aca-45a5-9517-2529214c389a,2025-10-10T14:59:00.222269+00:00,2025-10-10T14:59:00.253875+00:00,2025-10-10T14:59:00.227827+00:00,2025-10-10T14:59:00.234000+00:00,,,,,,,8ccae427-5dd0-45b3-b5fe-7ba5e422c766,TSLA,us_equity,,34,34,435.27,simple,market,market,buy,day,,,filled,False,,,,
181fb7f8-f873-4229-8342-279519d1eeb4,99bd51bd-dd17-467e-be19-333faa0f5088,2025-10-10T14:59:00.221847+00:00,2025-10-10T14:59:00.253002+00:00,2025-10-10T14:59:00.227617+00:00,2025-10-10T14:59:00.234000+00:00,,,,,,,80e04a93-e1a8-4503-ab61-2ef1992650b4,PLTR,us_equity,,30,30,184.0174,simple,market,market,buy,day,,,filled,False,,,,
b6c53e4c-cb62-461e-8ee3-4c750e962460,bd26c159-3d7a-4bb5-861c-0a83a862231b,2025-10-10T14:59:00.221473+00:00,2025-10-10T14:59:00.252182+00:00,2025-10-10T14:59:00.227412+00:00,2025-10-10T14:59:00.234000+00:00,,,,,,,4ce9353c-66d1-46c2-898f-fce867ab0247,NVDA,us_equity,,9,9,194.295,simple,market,market,buy,day,,,filled,False,,,,
5eec3a09-0e4e-42f6-8f57-16fc377394f8,c5cc4c52-67a3-438e-8250-79b2c43abc50,2025-10-10T14:59:00.221057+00:00,2025-10-10T14:59:00.250252+00:00,2025-10-10T14:59:00.227205+00:00,2025-10-10T14:59:00.233000+00:00,,,,,,,bb2a26c0-4c77-4801-8afc-82e8142ac7b8,NFLX,us_equity,,1,1,1243.995,simple,market,market,buy,day,,,filled,False,,,,
ed3dd4a9-8878-409b-baef-3160dd2cf592,83d1bffb-74b8-46e3-87fa-070552ed8a92,2025-10-10T14:59:00.220237+00:00,2025-10-10T14:59:00.249319+00:00,2025-10-10T14:59:00.227002+00:00,2025-10-10T14:59:00.233000+00:00,,,,,,,fc6a5dcd-4a70-4b8d-b64f-d83a6dae9ba4,META,us_equity,,3,3,727.06,simple,market,market,buy,day,,,filled,False,,,,
21543ea5-01ae-41ff-9ad6-7bc4ebe3519b,9a7da97b-9219-47b2-9b83-86e9fd1ebb5e,2025-10-10T14:59:00.219734+00:00,2025-10-10T14:59:00.247495+00:00,2025-10-10T14:59:00.226698+00:00,2025-10-10T14:59:00.233000+00:00,,,,,,,69b15845-7c63-4586-b274-1cfdfe9df3d8,GOOGL,us_equity,,15,15,241.9314,simple,market,market,buy,day,,,filled,False,,,,
28f0c6ff-6797-4f0b-81ed-eed6b7010b8b,fed7b7b0-ed81-41c1-97ec-6f91edbd7bf8,2025-10-10T14:59:00.219284+00:00,2025-10-10T14:59:00.246729+00:00,2025-10-10T14:59:00.226541+00:00,2025-10-10T14:59:00.233000+00:00,,,,,,,7a8b4fcf-0622-47ef-8541-de7f70ffc0c4,AVGO,us_equity,,4,4,344.87,simple,market,market,sell,day,,,filled,False,,,,
a923d969-39c0-43e1-aa4e-85f7178c0b1d,4e9f8e72-c062-4641-a6b3-1619f5e38430,2025-10-10T14:59:00.220644+00:00,2025-10-10T14:59:00.241397+00:00,2025-10-10T14:59:00.226473+00:00,2025-10-10T14:59:00.231000+00:00,,,,,,,b6d1aa75-5c9c-4353-a305-9e2caa1925ab,MSFT,us_equity,,5,5,519.44,simple,market,market,buy,day,,,filled,False,,,,
e8d81778-6ad7-43b0-8837-5b04640d0fc3,368f8e6a-0776-439e-a8a6-91338cfe3bf1,2025-10-10T14:59:00.214435+00:00,2025-10-10T14:59:00.243952+00:00,2025-10-10T14:59:00.226281+00:00,2025-10-10T14:59:00.232000+00:00,,,,,,,f801f835-bfe6-4a9d-a6b1-ccbb84bfd75f,AMZN,us_equity,,10,10,225.56,simple,market,market,buy,day,,,filled,False,,,,
30057ef3-3aa7-4b5d-b12d-44e9a83d1610,cc50fefc-188b-40f5-8bd0-b5ecef52eacd,2025-10-10T14:59:00.213815+00:00,2025-10-10T14:59:00.242904+00:00,2025-10-10T14:59:00.226096+00:00,2025-10-10T14:59:00.232000+00:00,,,,,,,b0b6dd9d-8b9b-48a9-ba46-b9d54906e415,AAPL,us_equity,,11,11,253.3552,simple,market,market,buy,day,,,filled,False,,,,
8e14bc58-9459-4328-b998-0b468edc272a,bcaf4fe9-f7e2-45fe-b24a-1c585eb7cb78,2025-10-10T14:00:36.602068+00:00,2025-10-10T14:00:37.585397+00:00,2025-10-10T14:00:36.604924+00:00,2025-10-10T14:00:37.579000+00:00,,,,,,,7a8b4fcf-0622-47ef-8541-de7f70ffc0c4,AVGO,us_equity,,4,4,349.23,simple,limit,limit,buy,day,349.23,,filled,False,,,,
5592df67-97e6-491b-866b-da47de2aec34,eb350b6b-b217-45a3-93c4-7bd364583c4a,2025-10-10T14:00:36.579812+00:00,2025-10-10T14:00:37.167391+00:00,2025-10-10T14:00:36.582093+00:00,2025-10-10T14:00:37.161000+00:00,,,,,,,f801f835-bfe6-4a9d-a6b1-ccbb84bfd75f,AMZN,us_equity,,10,10,227.02,simple,limit,limit,sell,day,227.02,,filled,False,,,,
ce229474-694f-4e8e-b1c5-5106852a746f,59a707de-af76-4cbc-9d8f-4ed22faeb56f,2025-10-10T14:00:36.578002+00:00,2025-10-10T14:00:36.596633+00:00,2025-10-10T14:00:36.580593+00:00,2025-10-10T14:00:36.589000+00:00,,,,,,,4ce9353c-66d1-46c2-898f-fce867ab0247,NVDA,us_equity,,9,9,194.1351,simple,limit,limit,sell,day,194.11,,filled,False,,,,
f70058f8-5d2a-436d-9f7b-e530e6580eb6,254e13ea-ca9b-4607-9a37-024aaac378ef,2025-10-10T14:00:36.575297+00:00,2025-10-10T14:00:36.590058+00:00,2025-10-10T14:00:36.578012+00:00,2025-10-10T14:00:36.583000+00:00,,,,,,,69b15845-7c63-4586-b274-1cfdfe9df3d8,GOOGL,us_equity,,15,15,243.5051,simple,limit,limit,sell,day,243.47,,filled,False,,,,
a40a4e57-e549-49cf-bd81-c1b573f6d9b0,e30733b7-d4e2-4ab7-9e0c-b897059438d7,2025-10-10T14:00:36.573503+00:00,2025-10-10T14:08:10.735320+00:00,2025-10-10T14:00:36.575809+00:00,2025-10-10T14:08:10.727000+00:00,,,,,,,b6d1aa75-5c9c-4353-a305-9e2caa1925ab,MSFT,us_equity,,5,5,522.55,simple,limit,limit,sell,day,522.55,,filled,False,,,,
e39b2ed4-0251-4cf6-b2e2-3979f71d3513,35c47108-44c5-4509-b48e-870734595c5e,2025-10-10T14:00:36.571699+00:00,2025-10-10T14:00:36.910122+00:00,2025-10-10T14:00:36.574398+00:00,2025-10-10T14:00:36.903000+00:00,,,,,,,bb2a26c0-4c77-4801-8afc-82e8142ac7b8,NFLX,us_equity,,1,1,1244.29,simple,limit,limit,sell,day,1244.29,,filled,False,,,,
6be778f8-b92e-42a1-a289-4a469704a7cd,21f45f08-38a5-41c5-932c-d7b0d1824411,2025-10-10T14:00:36.569656+00:00,2025-10-10T14:00:36.584378+00:00,2025-10-10T14:00:36.571878+00:00,2025-10-10T14:00:36.577000+00:00,,,,,,,8ccae427-5dd0-45b3-b5fe-7ba5e422c766,TSLA,us_equity,,34,34,438.4006,simple,limit,limit,sell,day,437.8,,filled,False,,,,
602b6ce1-4920-458d-b1d4-d5be1d7cd690,5ecc0335-7e33-4c50-b6d3-27ba62f11987,2025-10-10T14:00:36.567394+00:00,2025-10-10T14:00:36.582493+00:00,2025-10-10T14:00:36.570093+00:00,2025-10-10T14:00:36.575000+00:00,,,,,,,fc6a5dcd-4a70-4b8d-b64f-d83a6dae9ba4,META,us_equity,,3,3,732.27,simple,limit,limit,sell,day,731,,filled,False,,,,
236b48ee-0c3f-4d08-8730-f9a50dbe3284,550b7819-b0d3-41c0-9568-1f8cc7bd9fed,2025-10-10T14:00:36.565775+00:00,2025-10-10T14:00:36.625241+00:00,2025-10-10T14:00:36.567801+00:00,2025-10-10T14:00:36.591000+00:00,,,,,,,b0b6dd9d-8b9b-48a9-ba46-b9d54906e415,AAPL,us_equity,,11,11,255.61,simple,limit,limit,sell,day,255.46,,filled,False,,,,
dd2e417f-e099-4d02-9e29-82bd74bfc743,148be909-6bc8-4b5f-8da9-abf61e818b15,2025-10-10T14:00:36.564102+00:00,2025-10-10T14:00:36.617940+00:00,2025-10-10T14:00:36.566419+00:00,2025-10-10T14:00:36.590000+00:00,,,,,,,80e04a93-e1a8-4503-ab61-2ef1992650b4,PLTR,us_equity,,30,30,184.88,simple,limit,limit,sell,day,184.88,,filled,False,,,,
4400f2ae-7d83-40ef-afd3-5094949b9106,30f8f513-57f4-4e1b-bca6-e80e8c3b0cb3,2025-10-10T10:28:03.225949+00:00,2025-10-10T10:28:24.618329+00:00,2025-10-10T10:28:03.225949+00:00,,,2025-10-10T10:28:24.618327+00:00,,,,,69b15845-7c63-4586-b274-1cfdfe9df3d8,GOOGL,us_equity,,3,0,,simple,limit,limit,buy,day,241.22,,canceled,False,,,,
244eb5c3-eb04-4491-a015-3e7a310beb4d,b67e66ab-7365-437b-86d0-863a940eaa9f,2025-10-10T10:28:03.224292+00:00,2025-10-10T10:28:24.956557+00:00,2025-10-10T10:28:03.224292+00:00,,,2025-10-10T10:28:24.956556+00:00,,,,,f801f835-bfe6-4a9d-a6b1-ccbb84bfd75f,AMZN,us_equity,,1,0,,simple,limit,limit,buy,day,226.52,,canceled,False,,,,
1f22c873-c922-4f4c-9572-7d9eb9a556b1,9a949836-aa74-4c77-86d3-b8a083096ef9,2025-10-10T10:28:03.222539+00:00,2025-10-10T10:28:25.046602+00:00,2025-10-10T10:28:03.222539+00:00,,,2025-10-10T10:28:25.046600+00:00,,,,,8ccae427-5dd0-45b3-b5fe-7ba5e422c766,TSLA,us_equity,,1,0,,simple,limit,limit,sell,day,434.76,,canceled,False,,,,
499a90bb-f8c4-4831-9c47-2074f63a30ed,1df39fe8-fd73-4265-96ff-f45ad50b7dd5,2025-10-10T10:28:03.211072+00:00,2025-10-10T10:28:25.138074+00:00,2025-10-10T10:28:03.211072+00:00,,,2025-10-10T10:28:25.138073+00:00,,,,,80e04a93-e1a8-4503-ab61-2ef1992650b4,PLTR,us_equity,,1,0,,simple,limit,limit,buy,day,185.03,,canceled,False,,,,
a893568e-fc17-41e4-9fa2-fd0b21a0524b,3c299b1e-cec3-40fd-96f4-17e06ea014c4,2025-10-10T10:28:03.209256+00:00,2025-10-10T10:28:25.237552+00:00,2025-10-10T10:28:03.209256+00:00,,,2025-10-10T10:28:25.237550+00:00,,,,,4ce9353c-66d1-46c2-898f-fce867ab0247,NVDA,us_equity,,1,0,,simple,limit,limit,sell,day,193.45,,canceled,False,,,,
c89d8c67-b50f-4ddb-87b7-12dbf467cab9,ba8ef37d-a4b4-4ccd-9860-37c1e82a8755,2025-10-10T10:28:03.206523+00:00,2025-10-10T10:28:25.338032+00:00,2025-10-10T10:28:03.206523+00:00,,,2025-10-10T10:28:25.338031+00:00,,,,,b0b6dd9d-8b9b-48a9-ba46-b9d54906e415,AAPL,us_equity,,3,0,,simple,limit,limit,buy,day,253.51,,canceled,False,,,,
6d1632a7-24d2-476d-b821-b608efa8bc3a,9a0da4ce-b8a9-4b54-8f5e-63b553e0362b,2025-10-09T18:59:00.218280+00:00,2025-10-09T18:59:00.247326+00:00,2025-10-09T18:59:00.222816+00:00,2025-10-09T18:59:00.230000+00:00,,,,,,,8ccae427-5dd0-45b3-b5fe-7ba5e422c766,TSLA,us_equity,,7,7,434.07,simple,market,market,buy,day,,,filled,False,,,,
2c08acf9-d704-48db-b02e-ac3b368e7f2b,4bb47bd4-2b97-4f18-9bb7-4ced3ca6f743,2025-10-09T18:59:00.217852+00:00,2025-10-09T18:59:00.246447+00:00,2025-10-09T18:59:00.222651+00:00,2025-10-09T18:59:00.229000+00:00,,,,,,,80e04a93-e1a8-4503-ab61-2ef1992650b4,PLTR,us_equity,,12,12,185.4017,simple,market,market,buy,day,,,filled,False,,,,
7519f61d-4b7f-4a4b-b4b9-3a1e5b7f3076,b4b60a90-407e-45a0-bd98-3b39ac74ba30,2025-10-09T18:59:00.217427+00:00,2025-10-09T18:59:00.245467+00:00,2025-10-09T18:59:00.222484+00:00,2025-10-09T18:59:00.229000+00:00,,,,,,,4ce9353c-66d1-46c2-898f-fce867ab0247,NVDA,us_equity,,12,12,192.6016,simple,market,market,sell,day,,,filled,False,,,,
fb655f67-a361-489d-98b4-332e910c49fa,dd7f5ee7-4a35-4b1a-b04d-1327ebee5f01,2025-10-09T18:59:00.216792+00:00,2025-10-09T18:59:00.243648+00:00,2025-10-09T18:59:00.222167+00:00,2025-10-09T18:59:00.229000+00:00,,,,,,,bb2a26c0-4c77-4801-8afc-82e8142ac7b8,NFLX,us_equity,,1,1,1237.1326,simple,market,market,buy,day,,,filled,False,,,,
e72b15b8-15ea-4faa-9b94-d2632fb261f6,bb9a9c63-6ad4-4e41-8ee7-92732f349eff,2025-10-09T18:59:00.214988+00:00,2025-10-09T18:59:00.273145+00:00,2025-10-09T18:59:00.222116+00:00,2025-10-09T18:59:00.229000+00:00,,,,,,,b6d1aa75-5c9c-4353-a305-9e2caa1925ab,MSFT,us_equity,,1,1,520.28,simple,market,market,sell,day,,,filled,False,,,,
3f880d08-ead9-4a10-9c75-8957143cd5d9,f92cbad5-0337-42af-9eda-267946602a83,2025-10-09T18:59:00.214502+00:00,2025-10-09T18:59:00.241957+00:00,2025-10-09T18:59:00.221953+00:00,2025-10-09T18:59:00.228000+00:00,,,,,,,fc6a5dcd-4a70-4b8d-b64f-d83a6dae9ba4,META,us_equity,,1,1,731.01,simple,market,market,sell,day,,,filled,False,,,,
8ffb8f43-d08e-4a32-8278-fd3431f93cb3,0b45810b-b352-45d2-a33c-c40abdc30e63,2025-10-09T18:59:00.214108+00:00,2025-10-09T18:59:00.239166+00:00,2025-10-09T18:59:00.221734+00:00,2025-10-09T18:59:00.230000+00:00,,,,,,,69b15845-7c63-4586-b274-1cfdfe9df3d8,GOOGL,us_equity,,1,1,240.8515,simple,market,market,sell,day,,,filled,False,,,,
82841fc7-f22b-4ab4-94ab-8f94c40db273,f698f2e9-cf6c-4cab-bf0a-c222a1eb575d,2025-10-09T18:59:00.211635+00:00,2025-10-09T18:59:00.239303+00:00,2025-10-09T18:59:00.221601+00:00,2025-10-09T18:59:00.228000+00:00,,,,,,,7a8b4fcf-0622-47ef-8541-de7f70ffc0c4,AVGO,us_equity,,1,1,343.0059,simple,market,market,sell,day,,,filled,False,,,,
7ea08369-d8eb-41c4-9aad-3b46b322df91,09f0c6cf-052e-404f-8fbf-5431d2e49729,2025-10-09T18:59:00.211093+00:00,2025-10-09T18:59:00.237367+00:00,2025-10-09T18:59:00.221430+00:00,2025-10-09T18:59:00.229000+00:00,,,,,,,f801f835-bfe6-4a9d-a6b1-ccbb84bfd75f,AMZN,us_equity,,5,5,226.7214,simple,market,market,buy,day,,,filled,False,,,,
dac73e9e-6e0f-4718-ba76-4db57a254b05,ef6802f7-0eb9-483f-9cb8-22d3443d1fd6,2025-10-09T18:59:00.210365+00:00,2025-10-09T18:59:00.236432+00:00,2025-10-09T18:59:00.220914+00:00,2025-10-09T18:59:00.227000+00:00,,,,,,,b0b6dd9d-8b9b-48a9-ba46-b9d54906e415,AAPL,us_equity,,4,4,253.779,simple,market,market,buy,day,,,filled,False,,,,
7463a515-f795-43ae-b44b-5fdfb5aa4c3c,fd7e27e0-cfe9-48ec-8f45-c2d1cfb8bd8c,2025-10-09T18:00:36.643237+00:00,2025-10-09T18:00:36.658203+00:00,2025-10-09T18:00:36.646122+00:00,2025-10-09T18:00:36.652000+00:00,,,,,,,f801f835-bfe6-4a9d-a6b1-ccbb84bfd75f,AMZN,us_equity,,5,5,225.15,simple,limit,limit,sell,day,225.15,,filled,False,,,,
448d4ad9-d365-4ecf-bf8a-f8445ce17525,b64ba906-06ab-4781-919e-ff47d4908067,2025-10-09T18:00:36.636201+00:00,2025-10-09T18:00:36.651542+00:00,2025-10-09T18:00:36.639221+00:00,2025-10-09T18:00:36.645000+00:00,,,,,,,bb2a26c0-4c77-4801-8afc-82e8142ac7b8,NFLX,us_equity,,1,1,1235.37,simple,limit,limit,sell,day,1235.37,,filled,False,,,,
ca9d11a3-384a-4a60-9864-5f3ec2da592c,a515ebe7-68db-4502-8f7a-4a0057e1ed88,2025-10-09T18:00:36.630101+00:00,2025-10-09T18:00:36.646461+00:00,2025-10-09T18:00:36.632253+00:00,2025-10-09T18:00:36.638000+00:00,,,,,,,69b15845-7c63-4586-b274-1cfdfe9df3d8,GOOGL,us_equity,,1,1,240.4964,simple,limit,limit,buy,day,240.62,,filled,False,,,,
36e2de71-ef30-4050-a75d-100602bba80b,9cfc324a-162a-4922-af5b-9ccdac39ed44,2025-10-09T18:00:36.626537+00:00,2025-10-09T18:00:36.642218+00:00,2025-10-09T18:00:36.629020+00:00,2025-10-09T18:00:36.635000+00:00,,,,,,,80e04a93-e1a8-4503-ab61-2ef1992650b4,PLTR,us_equity,,12,12,182.2651,simple,limit,limit,sell,day,182.22,,filled,False,,,,
751c67a5-b14a-43f5-a172-ab1b79834d77,ddaa0b25-d24f-448c-8b7c-f5da35d05e3d,2025-10-09T18:00:36.624862+00:00,2025-10-09T18:00:36.647640+00:00,2025-10-09T18:00:36.627056+00:00,2025-10-09T18:00:36.639000+00:00,,,,,,,7a8b4fcf-0622-47ef-8541-de7f70ffc0c4,AVGO,us_equity,,1,1,342.9,simple,limit,limit,buy,day,342.9,,filled,False,,,,
29036ab9-a168-4618-87f5-f802aba3c07a,48b35253-dc21-4c5d-a96b-b0ac395e904c,2025-10-09T18:00:36.620488+00:00,2025-10-09T18:00:36.635307+00:00,2025-10-09T18:00:36.622855+00:00,2025-10-09T18:00:36.629000+00:00,,,,,,,b6d1aa75-5c9c-4353-a305-9e2caa1925ab,MSFT,us_equity,,1,1,519.5,simple,limit,limit,buy,day,519.54,,filled,False,,,,
86b2a58c-e31c-497d-baae-5782c1f08bde,650aca28-40e3-46d8-b50b-a264579bbbd8,2025-10-09T18:00:36.618802+00:00,2025-10-09T18:00:36.638543+00:00,2025-10-09T18:00:36.621028+00:00,2025-10-09T18:00:36.630000+00:00,,,,,,,fc6a5dcd-4a70-4b8d-b64f-d83a6dae9ba4,META,us_equity,,1,1,728.8414,simple,limit,limit,buy,day,729.23,,filled,False,,,,
e8d21e74-5df7-4fcc-b414-197c185ebe4e,77607caf-4305-4d3e-80a6-26b297a0fa90,2025-10-09T18:00:36.616827+00:00,2025-10-09T18:05:23.184314+00:00,2025-10-09T18:00:36.619448+00:00,2025-10-09T18:05:23.178000+00:00,,,,,,,8ccae427-5dd0-45b3-b5fe-7ba5e422c766,TSLA,us_equity,,7,7,430.8,simple,limit,limit,sell,day,430.8,,filled,False,,,,
29cd900a-61cc-454e-84f2-3faf8ad01361,a7a4902d-3d79-4fbe-9a3a-ebe309d6147b,2025-10-09T18:00:36.615065+00:00,2025-10-09T18:00:36.639538+00:00,2025-10-09T18:00:36.617388+00:00,2025-10-09T18:00:36.632000+00:00,,,,,,,b0b6dd9d-8b9b-48a9-ba46-b9d54906e415,AAPL,us_equity,,4,4,253.6405,simple,limit,limit,sell,day,253.63,,filled,False,,,,
bcfc5754-4844-46cb-995d-5b04a94e1d6b,7e6f4207-8be8-4db8-a200-af35b4a9f0a7,2025-10-09T18:00:36.612937+00:00,2025-10-09T18:00:36.633474+00:00,2025-10-09T18:00:36.615827+00:00,2025-10-09T18:00:36.625000+00:00,,,,,,,4ce9353c-66d1-46c2-898f-fce867ab0247,NVDA,us_equity,,12,12,192.7813,simple,limit,limit,buy,day,193,,filled,False,,,,
ffcc76be-e46e-4356-b5e9-26ade016d6f9,3f42bc29-29f5-4c48-9e77-518a78b70f3b,2025-10-09T17:59:00.216442+00:00,2025-10-09T17:59:00.243056+00:00,2025-10-09T17:59:00.220214+00:00,2025-10-09T17:59:00.226000+00:00,,,,,,,8ccae427-5dd0-45b3-b5fe-7ba5e422c766,TSLA,us_equity,,3,3,430.625,simple,market,market,buy,day,,,filled,False,,,,
e1e082d3-a793-48e5-81ec-a7a714148ecc,576be1e9-c0b4-48bd-965b-c2468cb34a39,2025-10-09T17:59:00.216017+00:00,2025-10-09T17:59:00.243769+00:00,2025-10-09T17:59:00.219914+00:00,2025-10-09T17:59:00.226000+00:00,,,,,,,80e04a93-e1a8-4503-ab61-2ef1992650b4,PLTR,us_equity,,17,17,182.21,simple,market,market,sell,day,,,filled,False,,,,
1c475e65-91d6-4259-a82a-603d7dc1a7f7,0e79c826-5bb2-46b0-ace0-c2644d9147a3,2025-10-09T17:59:00.215557+00:00,2025-10-09T17:59:00.238584+00:00,2025-10-09T17:59:00.219870+00:00,2025-10-09T17:59:00.228000+00:00,,,,,,,4ce9353c-66d1-46c2-898f-fce867ab0247,NVDA,us_equity,,28,28,192.8258,simple,market,market,sell,day,,,filled,False,,,,
420adcad-22fa-4d68-8758-5d0595b1cfd7,fd51e5e9-cb10-4b33-b245-ae4f1559eba4,2025-10-09T17:59:00.215121+00:00,2025-10-09T17:59:00.239504+00:00,2025-10-09T17:59:00.219705+00:00,2025-10-09T17:59:00.228000+00:00,,,,,,,bb2a26c0-4c77-4801-8afc-82e8142ac7b8,NFLX,us_equity,,1,1,1235.0064,simple,market,market,sell,day,,,filled,False,,,,
cb0bfee5-cfa5-4146-a246-fe64e1238147,769253ba-c1fa-4a7c-8057-420da7ad35d3,2025-10-09T17:59:00.214659+00:00,2025-10-09T17:59:00.242008+00:00,2025-10-09T17:59:00.219648+00:00,2025-10-09T17:59:00.226000+00:00,,,,,,,b6d1aa75-5c9c-4353-a305-9e2caa1925ab,MSFT,us_equity,,1,1,519.3626,simple,market,market,sell,day,,,filled,False,,,,
38d69be8-be11-4131-80d2-ec2606c029b3,bf49e198-2179-4b16-9e4a-5195e4d28361,2025-10-09T17:59:00.213723+00:00,2025-10-09T17:59:00.230415+00:00,2025-10-09T17:59:00.219481+00:00,2025-10-09T17:59:00.224000+00:00,,,,,,,69b15845-7c63-4586-b274-1cfdfe9df3d8,GOOGL,us_equity,,8,8,240.6401,simple,market,market,sell,day,,,filled,False,,,,
38311e31-5fa3-49bb-be5f-4bb548034f67,4aa87f1a-0160-4b05-8adc-375dbfffd57c,2025-10-09T17:59:00.214189+00:00,2025-10-09T17:59:00.238691+00:00,2025-10-09T17:59:00.219298+00:00,2025-10-09T17:59:00.225000+00:00,,,,,,,fc6a5dcd-4a70-4b8d-b64f-d83a6dae9ba4,META,us_equity,,3,3,729.225,simple,market,market,sell,day,,,filled,False,,,,
14778bd4-f11c-47c1-84ed-3297ecb66773,e86b584e-f954-4e18-82a0-4999c413e4fe,2025-10-09T17:59:00.213333+00:00,2025-10-09T17:59:00.234908+00:00,2025-10-09T17:59:00.219033+00:00,2025-10-09T17:59:00.225000+00:00,,,,,,,7a8b4fcf-0622-47ef-8541-de7f70ffc0c4,AVGO,us_equity,,11,11,342.4601,simple,market,market,sell,day,,,filled,False,,,,
ed9eb9dd-28dc-4d56-bf7e-f72b2b28d46f,2ccad746-70b0-48b7-bbdd-21fca5b45eb5,2025-10-09T17:59:00.212883+00:00,2025-10-09T17:59:00.236685+00:00,2025-10-09T17:59:00.219022+00:00,2025-10-09T17:59:00.228000+00:00,,,,,,,f801f835-bfe6-4a9d-a6b1-ccbb84bfd75f,AMZN,us_equity,,4,4,225.0729,simple,market,market,sell,day,,,filled,False,,,,
460507e9-cbfe-4c40-8a83-58b4aadadbc3,edac7acf-5fe1-4333-89ee-00a07a3f98f3,2025-10-09T17:59:00.212326+00:00,2025-10-09T17:59:00.235790+00:00,2025-10-09T17:59:00.218804+00:00,2025-10-09T17:59:00.225000+00:00,,,,,,,b0b6dd9d-8b9b-48a9-ba46-b9d54906e415,AAPL,us_equity,,1,1,253.54,simple,market,market,sell,day,,,filled,False,,,,
1e7022f4-d471-472c-9081-658d93ca2f4c,1aaa0201-f5b6-4f41-b4cb-3cfe82fdab7e,2025-10-09T17:00:36.583561+00:00,2025-10-09T17:17:56.124361+00:00,2025-10-09T17:00:36.586165+00:00,2025-10-09T17:17:56.118000+00:00,,,,,,,69b15845-7c63-4586-b274-1cfdfe9df3d8,GOOGL,us_equity,,8,8,240.82,simple,limit,limit,buy,day,240.82,,filled,False,,,,
602e8184-f1b5-43a6-8519-ed4cd7e46b22,656d75a0-40a2-4440-866a-fc364af7a2d2,2025-10-09T17:00:36.578187+00:00,2025-10-09T17:01:34.885192+00:00,2025-10-09T17:00:36.580608+00:00,2025-10-09T17:01:34.877000+00:00,,,,,,,f801f835-bfe6-4a9d-a6b1-ccbb84bfd75f,AMZN,us_equity,,4,4,223.88,simple,limit,limit,buy,day,223.88,,filled,False,,,,
30cb25e3-d06f-4a7c-a994-1dcd21d5c36c,55b4af38-e2d4-44b8-b6b4-651379e5bc47,2025-10-09T17:00:36.576377+00:00,2025-10-09T17:01:42.485699+00:00,2025-10-09T17:00:36.578704+00:00,2025-10-09T17:01:42.477000+00:00,,,,,,,bb2a26c0-4c77-4801-8afc-82e8142ac7b8,NFLX,us_equity,,1,1,1232.89,simple,limit,limit,buy,day,1232.89,,filled,False,,,,
1d0fb929-e645-4957-9773-727af27b04b7,05390a3e-c926-496a-8d74-e775a7d3e92c,2025-10-09T17:00:36.574506+00:00,2025-10-09T17:11:07.175064+00:00,2025-10-09T17:00:36.576843+00:00,2025-10-09T17:11:07.168000+00:00,,,,,,,7a8b4fcf-0622-47ef-8541-de7f70ffc0c4,AVGO,us_equity,,11,11,342.62,simple,limit,limit,buy,day,342.62,,filled,False,,,,
1e7e8879-0bd0-471b-9a2e-41b46c6f20ac,129a3baf-e3f8-4a96-89fd-8237481942cd,2025-10-09T17:00:36.571261+00:00,2025-10-09T17:28:21.753923+00:00,2025-10-09T17:00:36.573531+00:00,2025-10-09T17:28:21.747000+00:00,,,,,,,80e04a93-e1a8-4503-ab61-2ef1992650b4,PLTR,us_equity,,17,17,181.61,simple,limit,limit,buy,day,181.61,,filled,False,,,,
68716d0f-7a9b-4629-8fd9-3fadd29cb102,c5bf9805-673b-4535-8ce3-e2e7ba80769e,2025-10-09T17:00:36.568953+00:00,2025-10-09T17:00:36.593742+00:00,2025-10-09T17:00:36.571282+00:00,2025-10-09T17:00:36.588000+00:00,,,,,,,b6d1aa75-5c9c-4353-a305-9e2caa1925ab,MSFT,us_equity,,1,1,518.07,simple,limit,limit,buy,day,518.08,,filled,False,,,,
b739fffa-2260-442a-8122-be3228c6b44a,e3101df2-cf0c-4130-9fd7-746b7aac42ec,2025-10-09T17:00:36.567187+00:00,2025-10-09T17:00:51.164928+00:00,2025-10-09T17:00:36.569448+00:00,2025-10-09T17:00:51.158000+00:00,,,,,,,fc6a5dcd-4a70-4b8d-b64f-d83a6dae9ba4,META,us_equity,,3,3,725.74,simple,limit,limit,buy,day,725.74,,filled,False,,,,
bb2877c1-3b91-4a38-b214-63e07566f7a4,61d71fa5-932c-4496-ab8b-edba94adb383,2025-10-09T17:00:36.564228+00:00,2025-10-09T17:00:36.581164+00:00,2025-10-09T17:00:36.566670+00:00,2025-10-09T17:00:36.573000+00:00,,,,,,,b0b6dd9d-8b9b-48a9-ba46-b9d54906e415,AAPL,us_equity,,1,1,253.73,simple,limit,limit,buy,day,253.78,,filled,False,,,,
712037cd-a160-49fb-a745-64ca703254a7,07e7b538-a339-47d7-9d4a-3ea8a63c21e5,2025-10-09T17:00:36.559531+00:00,2025-10-09T17:00:53.499188+00:00,2025-10-09T17:00:36.561826+00:00,2025-10-09T17:00:53.492000+00:00,,,,,,,8ccae427-5dd0-45b3-b5fe-7ba5e422c766,TSLA,us_equity,,3,3,431.82,simple,limit,limit,sell,day,431.82,,filled,False,,,,
91c17e99-6636-4cbf-863f-85ada432fe93,e80cd918-48e5-4f23-8549-a52f99fa24f9,2025-10-09T17:00:36.557408+00:00,2025-10-09T17:13:46.540431+00:00,2025-10-09T17:00:36.560131+00:00,2025-10-09T17:13:46.533000+00:00,,,,,,,4ce9353c-66d1-46c2-898f-fce867ab0247,NVDA,us_equity,,28,28,192.75,simple,limit,limit,buy,day,192.75,,filled,False,,,,
c41f9be6-6307-4c6a-8f1e-a222e7d76e6e,1b1fc1c9-3865-4f69-863a-01823aa215a4,2025-10-09T16:59:00.213414+00:00,2025-10-09T16:59:00.242168+00:00,2025-10-09T16:59:00.219320+00:00,2025-10-09T16:59:00.226000+00:00,,,,,,,8ccae427-5dd0-45b3-b5fe-7ba5e422c766,TSLA,us_equity,,6,6,431.815,simple,market,market,buy,day,,,filled,False,,,,
bcffa3e5-42b5-4ca2-a66d-74183543da7e,142930fb-b84d-4cf1-8e64-f9d6dd79cd0b,2025-10-09T16:59:00.213049+00:00,2025-10-09T16:59:00.241159+00:00,2025-10-09T16:59:00.219028+00:00,2025-10-09T16:59:00.225000+00:00,,,,,,,80e04a93-e1a8-4503-ab61-2ef1992650b4,PLTR,us_equity,,13,13,181.5984,simple,market,market,buy,day,,,filled,False,,,,
7f84cfa8-8623-472e-9860-e3760366e95c,bf7c5ae0-3c2c-4e8d-9699-2682125c633e,2025-10-09T16:59:00.212686+00:00,2025-10-09T16:59:00.261177+00:00,2025-10-09T16:59:00.218975+00:00,2025-10-09T16:59:00.255000+00:00,,,,,,,4ce9353c-66d1-46c2-898f-fce867ab0247,NVDA,us_equity,,6,6,192.82,simple,market,market,sell,day,,,filled,False,,,,
f6bc6c2c-368c-455a-be56-1ee76752981e,56d24182-788f-450f-8314-843df717a2bf,2025-10-09T16:59:00.211844+00:00,2025-10-09T16:59:00.238288+00:00,2025-10-09T16:59:00.218840+00:00,2025-10-09T16:59:00.225000+00:00,,,,,,,b6d1aa75-5c9c-4353-a305-9e2caa1925ab,MSFT,us_equity,,2,2,517.83,simple,market,market,buy,day,,,filled,False,,,,
499c3d33-e805-4986-8b30-c67893d96210,c6576c35-3df8-498f-9ba1-c98a72f55b28,2025-10-09T16:59:00.212291+00:00,2025-10-09T16:59:00.238155+00:00,2025-10-09T16:59:00.218789+00:00,2025-10-09T16:59:00.228000+00:00,,,,,,,bb2a26c0-4c77-4801-8afc-82e8142ac7b8,NFLX,us_equity,,1,1,1232.9165,simple,market,market,buy,day,,,filled,False,,,,
c031de65-4891-4f3a-9062-127f2c0a52c6,432c9963-48f4-4081-b9cf-0d3d41ff7de9,2025-10-09T16:59:00.210643+00:00,2025-10-09T16:59:00.235192+00:00,2025-10-09T16:59:00.218608+00:00,2025-10-09T16:59:00.224000+00:00,,,,,,,7a8b4fcf-0622-47ef-8541-de7f70ffc0c4,AVGO,us_equity,,4,4,342.4588,simple,market,market,buy,day,,,filled,False,,,,
58f8b633-834e-4f3b-9ec3-d36666e21b4f,9e13360b-a681-4366-b6ee-56b2d00471b3,2025-10-09T16:59:00.211455+00:00,2025-10-09T16:59:00.239111+00:00,2025-10-09T16:59:00.218596+00:00,2025-10-09T16:59:00.229000+00:00,,,,,,,fc6a5dcd-4a70-4b8d-b64f-d83a6dae9ba4,META,us_equity,,3,3,725.3531,simple,market,market,buy,day,,,filled,False,,,,
48432c8a-238b-45dc-8170-13c6a3d6cec4,efebb0e1-4ec4-4450-9808-df96c7cf5ff5,2025-10-09T16:59:00.211057+00:00,2025-10-09T16:59:00.240104+00:00,2025-10-09T16:59:00.218462+00:00,2025-10-09T16:59:00.226000+00:00,,,,,,,69b15845-7c63-4586-b274-1cfdfe9df3d8,GOOGL,us_equity,,1,1,240.82,simple,market,market,buy,day,,,filled,False,,,,
32d9ad60-8dec-49a2-b47b-8bb0dd8c6aee,53f9b9e1-10fd-4d0d-b56c-916ce03fe9f2,2025-10-09T16:59:00.209691+00:00,2025-10-09T16:59:00.236098+00:00,2025-10-09T16:59:00.218427+00:00,2025-10-09T16:59:00.228000+00:00,,,,,,,b0b6dd9d-8b9b-48a9-ba46-b9d54906e415,AAPL,us_equity,,1,1,253.5984,simple,market,market,buy,day,,,filled,False,,,,
a5840b75-aee7-4b3a-b4e7-6f290fce02de,1746619b-7978-4214-8d06-663e0c594a5f,2025-10-09T16:59:00.210202+00:00,2025-10-09T16:59:00.234247+00:00,2025-10-09T16:59:00.218374+00:00,2025-10-09T16:59:00.224000+00:00,,,,,,,f801f835-bfe6-4a9d-a6b1-ccbb84bfd75f,AMZN,us_equity,,12,12,223.7469,simple,market,market,buy,day,,,filled,False,,,,
c1eea0cd-4ad5-44a6-b9f4-2c0f4b0e2c66,8c08dc32-79a6-4965-b2f7-8be66deb3064,2025-10-09T16:00:36.655004+00:00,2025-10-09T16:00:36.677714+00:00,2025-10-09T16:00:36.658422+00:00,2025-10-09T16:00:36.670000+00:00,,,,,,,bb2a26c0-4c77-4801-8afc-82e8142ac7b8,NFLX,us_equity,,1,1,1229,simple,limit,limit,sell,day,1229,,filled,False,,,,
94508ade-8370-4c18-9bbe-bb4bdb1a215a,7cc75296-6a18-4e7f-9688-f18080611887,2025-10-09T16:00:36.640983+00:00,2025-10-09T16:00:38.750931+00:00,2025-10-09T16:00:36.643635+00:00,2025-10-09T16:00:38.743000+00:00,,,,,,,80e04a93-e1a8-4503-ab61-2ef1992650b4,PLTR,us_equity,,13,13,182.74,simple,limit,limit,sell,day,182.74,,filled,False,,,,
3e9fae2e-7398-4f13-aadb-7c9df3e27e40,f7426838-3fe9-4ace-9662-5071fb26433b,2025-10-09T16:00:36.634033+00:00,2025-10-09T16:00:36.652208+00:00,2025-10-09T16:00:36.636505+00:00,2025-10-09T16:00:36.645000+00:00,,,,,,,fc6a5dcd-4a70-4b8d-b64f-d83a6dae9ba4,META,us_equity,,3,3,726.2885,simple,limit,limit,sell,day,725.78,,filled,False,,,,
4df08a61-f5fa-4cf7-8cfe-2f26ca6028ba,c1af93d2-574e-4e02-9672-58bb2392eade,2025-10-09T16:00:36.630164+00:00,2025-10-09T16:00:36.645127+00:00,2025-10-09T16:00:36.632562+00:00,2025-10-09T16:00:36.638000+00:00,,,,,,,7a8b4fcf-0622-47ef-8541-de7f70ffc0c4,AVGO,us_equity,,4,4,345.63,simple,limit,limit,sell,day,345.63,,filled,False,,,,
ac96ddf5-2499-48a6-b71a-88568b5fdd44,4389048b-216f-4049-8200-ced5a29a628e,2025-10-09T16:00:36.627127+00:00,2025-10-09T16:00:36.643155+00:00,2025-10-09T16:00:36.629714+00:00,2025-10-09T16:00:36.634000+00:00,,,,,,,69b15845-7c63-4586-b274-1cfdfe9df3d8,GOOGL,us_equity,,1,1,241.4703,simple,limit,limit,sell,day,241.27,,filled,False,,,,
2dee3f49-ce43-4b9d-a676-036c68efc1e9,204a6e1f-f898-45bf-a66e-ed8f35d81390,2025-10-09T16:00:36.622464+00:00,2025-10-09T16:00:36.638706+00:00,2025-10-09T16:00:36.624678+00:00,2025-10-09T16:00:36.630000+00:00,,,,,,,f801f835-bfe6-4a9d-a6b1-ccbb84bfd75f,AMZN,us_equity,,12,12,223.975,simple,limit,limit,sell,day,223.96,,filled,False,,,,
8c8464a6-4940-46a2-ad46-e696c2d8fc49,9e08d8fa-bdf9-4448-92e3-9e345a403088,2025-10-09T16:00:36.620585+00:00,2025-10-09T16:00:36.636811+00:00,2025-10-09T16:00:36.622971+00:00,2025-10-09T16:00:36.629000+00:00,,,,,,,b6d1aa75-5c9c-4353-a305-9e2caa1925ab,MSFT,us_equity,,2,2,519.8101,simple,limit,limit,sell,day,519.59,,filled,False,,,,
58703537-7f0a-4c45-a209-c0c701f2ba09,e4350f4e-f75a-46b6-b5ec-9a0dcdc89f15,2025-10-09T16:00:36.616974+00:00,2025-10-09T16:00:36.632973+00:00,2025-10-09T16:00:36.619461+00:00,2025-10-09T16:00:36.625000+00:00,,,,,,,b0b6dd9d-8b9b-48a9-ba46-b9d54906e415,AAPL,us_equity,,1,1,254.235,simple,limit,limit,sell,day,254.1,,filled,False,,,,
d7a55ffe-6948-4ef1-89b3-b3d891f72cbb,bb0da2ca-38e6-48d1-9cf1-3b9cf94b4c11,2025-10-09T16:00:36.612833+00:00,2025-10-09T16:00:36.629073+00:00,2025-10-09T16:00:36.615208+00:00,2025-10-09T16:00:36.621000+00:00,,,,,,,8ccae427-5dd0-45b3-b5fe-7ba5e422c766,TSLA,us_equity,,6,6,429.805,simple,limit,limit,sell,day,429.65,,filled,False,,,,
e5b310c7-393a-4294-8d75-5c47e9581d5b,15afc3b1-2638-49f2-af45-31a11709cccf,2025-10-09T16:00:36.606239+00:00,2025-10-09T16:00:47.650598+00:00,2025-10-09T16:00:36.609021+00:00,2025-10-09T16:00:47.642000+00:00,,,,,,,4ce9353c-66d1-46c2-898f-fce867ab0247,NVDA,us_equity,,6,6,194.18,simple,limit,limit,buy,day,194.18,,filled,False,,,,
cc4b9504-9ed3-480f-9e88-fbbdf2f23bb6,58e1f09d-7b5f-41ca-bd49-92b6c5fa1d78,2025-10-09T15:59:00.234082+00:00,2025-10-09T15:59:00.260672+00:00,2025-10-09T15:59:00.239265+00:00,2025-10-09T15:59:00.253000+00:00,,,,,,,4ce9353c-66d1-46c2-898f-fce867ab0247,NVDA,us_equity,,21,21,194.2103,simple,market,market,sell,day,,,filled,False,,,,
9a208591-584b-45de-9114-8205326ec01f,50765956-b7dc-4361-980c-3d4f279e883e,2025-10-09T15:59:00.234915+00:00,2025-10-09T15:59:00.299790+00:00,2025-10-09T15:59:00.239257+00:00,2025-10-09T15:59:00.288000+00:00,,,,,,,8ccae427-5dd0-45b3-b5fe-7ba5e422c766,TSLA,us_equity,,13,13,429.98,simple,market,market,buy,day,,,filled,False,,,,
b7cbff8c-310b-424a-a601-9f5fc48c6299,f3950d0f-88ef-473e-97d7-d7478bc23ef1,2025-10-09T15:59:00.234449+00:00,2025-10-09T15:59:00.259809+00:00,2025-10-09T15:59:00.239133+00:00,2025-10-09T15:59:00.245000+00:00,,,,,,,80e04a93-e1a8-4503-ab61-2ef1992650b4,PLTR,us_equity,,24,24,182.8472,simple,market,market,buy,day,,,filled,False,,,,
ab8902ba-f871-488e-8458-01c4841ffdbd,82bf2c2b-be61-41aa-8c54-f86e413b9929,2025-10-09T15:59:00.232922+00:00,2025-10-09T15:59:00.258795+00:00,2025-10-09T15:59:00.238941+00:00,2025-10-09T15:59:00.245000+00:00,,,,,,,b6d1aa75-5c9c-4353-a305-9e2caa1925ab,MSFT,us_equity,,4,4,519.5631,simple,market,market,buy,day,,,filled,False,,,,
301676d5-8f40-4584-8db8-e3c8443acbe8,6426f30f-87bf-4111-b53d-bc8431415b76,2025-10-09T15:59:00.233688+00:00,2025-10-09T15:59:00.255154+00:00,2025-10-09T15:59:00.238635+00:00,2025-10-09T15:59:00.247000+00:00,,,,,,,bb2a26c0-4c77-4801-8afc-82e8142ac7b8,NFLX,us_equity,,1,1,1228.9769,simple,market,market,sell,day,,,filled,False,,,,
e5cc38d2-8be7-4c33-b746-5da99df896bc,a48e2227-ddf5-4edd-a023-2ac4406ea013,2025-10-09T15:59:00.232463+00:00,2025-10-09T15:59:00.256285+00:00,2025-10-09T15:59:00.238375+00:00,2025-10-09T15:59:00.247000+00:00,,,,,,,fc6a5dcd-4a70-4b8d-b64f-d83a6dae9ba4,META,us_equity,,2,2,726.4493,simple,market,market,buy,day,,,filled,False,,,,
126e89e6-2990-46b5-ae5d-29cb15b4f0a3,edc6bb26-afbe-4bba-88c0-d440fa8343d6,2025-10-09T15:59:00.231998+00:00,2025-10-09T15:59:00.254392+00:00,2025-10-09T15:59:00.238047+00:00,2025-10-09T15:59:00.244000+00:00,,,,,,,69b15845-7c63-4586-b274-1cfdfe9df3d8,GOOGL,us_equity,,10,10,241.2278,simple,market,market,buy,day,,,filled,False,,,,
4db579e0-2326-43cc-bdcf-ee644f3c3cb5,0a33bba4-65fc-495d-a6d2-f488e1adb38a,2025-10-09T15:59:00.231521+00:00,2025-10-09T15:59:00.256138+00:00,2025-10-09T15:59:00.237796+00:00,2025-10-09T15:59:00.244000+00:00,,,,,,,7a8b4fcf-0622-47ef-8541-de7f70ffc0c4,AVGO,us_equity,,3,3,345.5092,simple,market,market,sell,day,,,filled,False,,,,
6886f281-c8d0-4fce-b8be-48b23c800a57,3dd676e0-fa18-4b9d-b28d-9539a7d4e1b7,2025-10-09T15:59:00.231061+00:00,2025-10-09T15:59:00.252674+00:00,2025-10-09T15:59:00.237594+00:00,2025-10-09T15:59:00.244000+00:00,,,,,,,f801f835-bfe6-4a9d-a6b1-ccbb84bfd75f,AMZN,us_equity,,9,9,224.0684,simple,market,market,buy,day,,,filled,False,,,,
9cff0e82-95c4-4ef2-a5e3-966a0c6338ab,f2fb9462-b5d0-418b-8066-3f31ed1981c0,2025-10-09T15:59:00.230466+00:00,2025-10-09T15:59:00.291806+00:00,2025-10-09T15:59:00.237359+00:00,2025-10-09T15:59:00.244000+00:00,,,,,,,b0b6dd9d-8b9b-48a9-ba46-b9d54906e415,AAPL,us_equity,,5,5,254.15,simple,market,market,buy,day,,,filled,False,,,,
2cd4178c-25c2-417d-bed9-ac0d7c9d3d92,ef27ca2d-23bf-41c9-93a8-51b58ada57b9,2025-10-09T15:00:36.500851+00:00,2025-10-09T15:00:36.516217+00:00,2025-10-09T15:00:36.503629+00:00,2025-10-09T15:00:36.510000+00:00,,,,,,,b6d1aa75-5c9c-4353-a305-9e2caa1925ab,MSFT,us_equity,,4,4,521.8277,simple,limit,limit,sell,day,521.71,,filled,False,,,,
d8c93bc0-dd15-4041-8e27-2170bcf686af,72dfc890-5657-4ca9-aa86-b60197dd8877,2025-10-09T15:00:36.493778+00:00,2025-10-09T15:00:36.510530+00:00,2025-10-09T15:00:36.498497+00:00,2025-10-09T15:00:36.504000+00:00,,,,,,,69b15845-7c63-4586-b274-1cfdfe9df3d8,GOOGL,us_equity,,10,10,240.3634,simple,limit,limit,sell,day,240.12,,filled,False,,,,
c5a70e3f-2047-46d2-80a1-6cb1aa280b89,f11c24a1-d7c1-45fb-b9cd-0a9ae970db9d,2025-10-09T15:00:36.490527+00:00,2025-10-09T15:00:36.505507+00:00,2025-10-09T15:00:36.493403+00:00,2025-10-09T15:00:36.499000+00:00,,,,,,,80e04a93-e1a8-4503-ab61-2ef1992650b4,PLTR,us_equity,,24,24,182.025,simple,limit,limit,sell,day,181.84,,filled,False,,,,
6e73492a-2e8d-4ffc-8076-ba56daa92c60,502a686f-4c46-4b95-a1ac-9b93aaf28452,2025-10-09T15:00:36.488347+00:00,2025-10-09T15:00:36.503842+00:00,2025-10-09T15:00:36.491066+00:00,2025-10-09T15:00:36.496000+00:00,,,,,,,fc6a5dcd-4a70-4b8d-b64f-d83a6dae9ba4,META,us_equity,,2,2,720.36,simple,limit,limit,sell,day,720.15,,filled,False,,,,
cd12248d-482b-4529-96ad-bbd63ed75310,21f6afa3-9ab9-4c98-b74f-6caf7fccc13d,2025-10-09T15:00:36.484012+00:00,2025-10-09T15:01:41.174398+00:00,2025-10-09T15:00:36.486656+00:00,2025-10-09T15:01:41.168000+00:00,,,,,,,bb2a26c0-4c77-4801-8afc-82e8142ac7b8,NFLX,us_equity,,1,1,1228.31,simple,limit,limit,buy,day,1228.31,,filled,False,,,,
e56eaba6-831c-46fd-91cd-5aef6fed9615,c530419f-c84a-4c7a-9a6e-cd5df0c4872b,2025-10-09T15:00:36.478564+00:00,2025-10-09T15:00:36.498051+00:00,2025-10-09T15:00:36.481258+00:00,2025-10-09T15:00:36.491000+00:00,,,,,,,f801f835-bfe6-4a9d-a6b1-ccbb84bfd75f,AMZN,us_equity,,9,9,222.5858,simple,limit,limit,sell,day,222.57,,filled,False,,,,
dfc1909e-03f4-479a-a36f-0e0990184caa,55000736-add5-4d5c-a41a-0763ebd7d13b,2025-10-09T15:00:36.473564+00:00,2025-10-09T15:00:36.499821+00:00,2025-10-09T15:00:36.475976+00:00,2025-10-09T15:00:36.490000+00:00,,,,,,,7a8b4fcf-0622-47ef-8541-de7f70ffc0c4,AVGO,us_equity,,3,3,346.05,simple,limit,limit,buy,day,346.06,,filled,False,,,,
2e0652d7-f860-4c69-9656-cea41c8ac399,0023dd65-97e9-4a96-849c-698e4c879732,2025-10-09T15:00:36.469575+00:00,2025-10-09T15:02:49.326235+00:00,2025-10-09T15:00:36.471839+00:00,2025-10-09T15:02:49.319000+00:00,,,,,,,4ce9353c-66d1-46c2-898f-fce867ab0247,NVDA,us_equity,,21,21,194.08,simple,limit,limit,buy,day,194.08,,filled,False,,,,
1c0ee43e-4bc7-44a8-ac98-d3f1f5fe77e7,86b55b24-b37c-48e9-9fbe-88ed186362e6,2025-10-09T15:00:36.467569+00:00,2025-10-09T15:00:36.482115+00:00,2025-10-09T15:00:36.470173+00:00,2025-10-09T15:00:36.475000+00:00,,,,,,,b0b6dd9d-8b9b-48a9-ba46-b9d54906e415,AAPL,us_equity,,5,5,255.0204,simple,limit,limit,sell,day,254.94,,filled,False,,,,
8d7fddb8-4a91-4ca7-96c4-df4361ebc64b,f6929856-a354-4af2-bd78-cbdaf6734084,2025-10-09T15:00:36.465851+00:00,2025-10-09T15:00:36.486151+00:00,2025-10-09T15:00:36.468275+00:00,2025-10-09T15:00:36.477000+00:00,,,,,,,8ccae427-5dd0-45b3-b5fe-7ba5e422c766,TSLA,us_equity,,13,13,430.6477,simple,limit,limit,sell,day,430.01,,filled,False,,,,
cbb06621-fb03-4f92-b0a0-aff9471fb9e7,6c7aaec0-3b53-4c0a-a590-680552f16a08,2025-10-09T14:59:00.216664+00:00,2025-10-09T14:59:00.245678+00:00,2025-10-09T14:59:00.221049+00:00,2025-10-09T14:59:00.227000+00:00,,,,,,,8ccae427-5dd0-45b3-b5fe-7ba5e422c766,TSLA,us_equity,,8,8,430.3151,simple,market,market,sell,day,,,filled,False,,,,
f2710107-4cb6-4b5a-9654-bee6c878ec7b,99b92a41-9840-4874-84e5-a8a6246f37d1,2025-10-09T14:59:00.215817+00:00,2025-10-09T14:59:00.244846+00:00,2025-10-09T14:59:00.220833+00:00,2025-10-09T14:59:00.227000+00:00,,,,,,,4ce9353c-66d1-46c2-898f-fce867ab0247,NVDA,us_equity,,32,32,194.0325,simple,market,market,sell,day,,,filled,False,,,,
ebb37aca-8a6d-4488-8675-d0085314a314,960fafdc-11e1-4ef8-b7d3-43afa03b8d12,2025-10-09T14:59:00.215439+00:00,2025-10-09T14:59:00.243804+00:00,2025-10-09T14:59:00.220632+00:00,2025-10-09T14:59:00.226000+00:00,,,,,,,bb2a26c0-4c77-4801-8afc-82e8142ac7b8,NFLX,us_equity,,1,1,1228.855,simple,market,market,buy,day,,,filled,False,,,,
143d8f28-add7-4df4-8018-913857b33cb2,9289554c-c374-49b9-8088-d279e1ef28b5,2025-10-09T14:59:00.214720+00:00,2025-10-09T14:59:00.242948+00:00,2025-10-09T14:59:00.220363+00:00,2025-10-09T14:59:00.226000+00:00,,,,,,,fc6a5dcd-4a70-4b8d-b64f-d83a6dae9ba4,META,us_equity,,5,5,720.24,simple,market,market,sell,day,,,filled,False,,,,
a75db811-e2d6-4ce1-93a9-2d788b4c6217,c3870aaa-10a9-48e0-b857-aca2cd50d499,2025-10-09T14:59:00.214330+00:00,2025-10-09T14:59:00.239913+00:00,2025-10-09T14:59:00.220192+00:00,2025-10-09T14:59:00.226000+00:00,,,,,,,69b15845-7c63-4586-b274-1cfdfe9df3d8,GOOGL,us_equity,,12,12,240.2826,simple,market,market,sell,day,,,filled,False,,,,
2a98a89f-bfff-48ff-a630-14de0deb4ad9,f4244a32-dd83-45fc-8ef1-282be482a2a6,2025-10-09T14:59:00.216192+00:00,2025-10-09T14:59:00.237233+00:00,2025-10-09T14:59:00.220174+00:00,2025-10-09T14:59:00.229000+00:00,,,,,,,80e04a93-e1a8-4503-ab61-2ef1992650b4,PLTR,us_equity,,10,10,181.8187,simple,market,market,sell,day,,,filled,False,,,,
4dcb8a3b-c480-4617-a469-9fbcd46d2b9a,f8bcc51f-16a6-403a-82ce-95a0def957e4,2025-10-09T14:59:00.215084+00:00,2025-10-09T14:59:00.235446+00:00,2025-10-09T14:59:00.220023+00:00,2025-10-09T14:59:00.229000+00:00,,,,,,,b6d1aa75-5c9c-4353-a305-9e2caa1925ab,MSFT,us_equity,,2,2,521.6868,simple,market,market,buy,day,,,filled,False,,,,
a7506f0c-d8e7-4ba7-a96c-8479a39c45e5,51fe6bba-a031-4344-8ce2-eb1e1b4b6221,2025-10-09T14:59:00.213955+00:00,2025-10-09T14:59:00.240824+00:00,2025-10-09T14:59:00.219987+00:00,2025-10-09T14:59:00.226000+00:00,,,,,,,7a8b4fcf-0622-47ef-8541-de7f70ffc0c4,AVGO,us_equity,,7,7,346.2842,simple,market,market,buy,day,,,filled,False,,,,
906c4ea2-006f-45da-8021-752a927ebe29,a4fa246b-8484-44a3-bafb-1b78814230e7,2025-10-09T14:59:00.213499+00:00,2025-10-09T14:59:00.234619+00:00,2025-10-09T14:59:00.219826+00:00,2025-10-09T14:59:00.225000+00:00,,,,,,,f801f835-bfe6-4a9d-a6b1-ccbb84bfd75f,AMZN,us_equity,,11,11,222.6211,simple,market,market,sell,day,,,filled,False,,,,
d70d1b86-f1b0-4633-b170-81f402346474,60767332-a873-4d8e-88c0-d8db44b42fc5,2025-10-09T14:59:00.212931+00:00,2025-10-09T14:59:00.238252+00:00,2025-10-09T14:59:00.219585+00:00,2025-10-09T14:59:00.226000+00:00,,,,,,,b0b6dd9d-8b9b-48a9-ba46-b9d54906e415,AAPL,us_equity,,12,12,254.95,simple,market,market,sell,day,,,filled,False,,,,
1d30017b-44cf-4c5e-b677-cc16ca9a291a,9c0b99e3-70a7-48b3-a34e-80e3a8447853,2025-10-09T14:00:36.513298+00:00,2025-10-09T14:00:36.533800+00:00,2025-10-09T14:00:36.520473+00:00,2025-10-09T14:00:36.527000+00:00,,,,,,,bb2a26c0-4c77-4801-8afc-82e8142ac7b8,NFLX,us_equity,,1,1,1229.26,simple,limit,limit,sell,day,1229.26,,filled,False,,,,
b004f59a-d84c-48d7-929a-cd1cec937548,6dbe41a4-d4cf-44ba-9865-d6269cfcdd58,2025-10-09T14:00:36.506519+00:00,2025-10-09T14:08:15.591856+00:00,2025-10-09T14:00:36.509433+00:00,2025-10-09T14:08:15.585000+00:00,,,,,,,b0b6dd9d-8b9b-48a9-ba46-b9d54906e415,AAPL,us_equity,,12,12,255.16,simple,limit,limit,buy,day,255.16,,filled,False,,,,
7f355202-d91f-4072-8966-eb565d09b8ba,f59dad5e-627b-47e5-8d9c-7d708fb7c3ac,2025-10-09T14:00:36.497790+00:00,2025-10-09T14:00:36.519107+00:00,2025-10-09T14:00:36.504037+00:00,2025-10-09T14:00:36.512000+00:00,,,,,,,8ccae427-5dd0-45b3-b5fe-7ba5e422c766,TSLA,us_equity,,8,8,430.25,simple,limit,limit,buy,day,430.69,,filled,False,,,,
f07f488f-c224-4c20-80ad-8c74d48c00eb,a84f3102-4e31-4656-83de-5bf84f93b421,2025-10-09T14:00:36.500039+00:00,2025-10-09T14:00:37.205818+00:00,2025-10-09T14:00:36.503992+00:00,2025-10-09T14:00:37.200000+00:00,,,,,,,fc6a5dcd-4a70-4b8d-b64f-d83a6dae9ba4,META,us_equity,,5,5,717.6,simple,limit,limit,buy,day,717.6,,filled,False,,,,
2b73821f-cdba-4458-a49b-cdee5a2a5ea6,bf40b6f7-0b92-4290-aa73-e685d2987abf,2025-10-09T14:00:36.495718+00:00,2025-10-09T14:00:36.512397+00:00,2025-10-09T14:00:36.498188+00:00,2025-10-09T14:00:36.504000+00:00,,,,,,,f801f835-bfe6-4a9d-a6b1-ccbb84bfd75f,AMZN,us_equity,,11,11,222.695,simple,limit,limit,buy,day,222.83,,filled,False,,,,
bb3046ad-261a-4042-bbe0-e915a4c635fd,162521d1-abab-4a85-803a-b04600afa576,2025-10-09T14:00:36.493554+00:00,2025-10-09T14:00:36.510822+00:00,2025-10-09T14:00:36.496156+00:00,2025-10-09T14:00:36.502000+00:00,,,,,,,7a8b4fcf-0622-47ef-8541-de7f70ffc0c4,AVGO,us_equity,,7,7,344.9101,simple,limit,limit,sell,day,344.82,,filled,False,,,,
85d8f234-c858-41b5-9065-50d95cf48c4b,620b6725-1355-4a6c-8fd1-5c180a4d16f4,2025-10-09T14:00:36.491525+00:00,2025-10-09T14:00:36.509825+00:00,2025-10-09T14:00:36.494495+00:00,2025-10-09T14:00:36.502000+00:00,,,,,,,80e04a93-e1a8-4503-ab61-2ef1992650b4,PLTR,us_equity,,10,10,181.36,simple,limit,limit,buy,day,181.36,,filled,False,,,,
8e77bb0c-b2c9-4ad0-a75a-2ff49569515f,f8424665-8247-4e07-b44b-a7b9888ecf93,2025-10-09T14:00:36.488207+00:00,2025-10-09T14:00:36.504590+00:00,2025-10-09T14:00:36.490275+00:00,2025-10-09T14:00:36.496000+00:00,,,,,,,69b15845-7c63-4586-b274-1cfdfe9df3d8,GOOGL,us_equity,,12,12,242.6342,simple,limit,limit,buy,day,242.81,,filled,False,,,,
84f2b468-18d4-4203-a123-9dd3abe3b184,ff0ffcc2-a248-411c-84f0-28742cee955e,2025-10-09T14:00:36.485106+00:00,2025-10-09T14:00:36.502936+00:00,2025-10-09T14:00:36.487408+00:00,2025-10-09T14:00:36.495000+00:00,,,,,,,b6d1aa75-5c9c-4353-a305-9e2caa1925ab,MSFT,us_equity,,2,2,521.9,simple,limit,limit,sell,day,521.77,,filled,False,,,,
ed314a69-6282-4aa6-b0f9-1937ca1dc0fd,63db413e-6720-45f1-b7d1-e67e17787b11,2025-10-09T14:00:36.475062+00:00,2025-10-09T14:00:36.490516+00:00,2025-10-09T14:00:36.477277+00:00,2025-10-09T14:00:36.483000+00:00,,,,,,,4ce9353c-66d1-46c2-898f-fce867ab0247,NVDA,us_equity,,32,32,194.38,simple,limit,limit,buy,day,194.4,,filled,False,,,,
60adfd14-0876-4e40-9416-06bfd4c3d094,96041e82-94dc-4a55-9d94-ed56bd3737ad,2025-10-09T09:03:45.363913+00:00,2025-10-09T09:03:55.235395+00:00,2025-10-09T09:03:45.363913+00:00,,,2025-10-09T09:03:55.235394+00:00,,,,,7a8b4fcf-0622-47ef-8541-de7f70ffc0c4,AVGO,us_equity,,1,0,,simple,limit,limit,sell,day,343.85,,canceled,False,,,,
f1f807b3-d6d8-41c9-95de-81dcaa8b0804,3b97bcfe-e931-4fca-8eeb-df635a30acf9,2025-10-09T09:03:45.362229+00:00,2025-10-09T09:03:55.325706+00:00,2025-10-09T09:03:45.362229+00:00,,,2025-10-09T09:03:55.325705+00:00,,,,,f801f835-bfe6-4a9d-a6b1-ccbb84bfd75f,AMZN,us_equity,,1,0,,simple,limit,limit,buy,day,223.75,,canceled,False,,,,
bd89b74b-6638-4081-b08f-0b6ee152ed74,16f775be-52b8-42cd-94da-863c2ab3e8f4,2025-10-09T09:03:45.360243+00:00,2025-10-09T09:03:55.658735+00:00,2025-10-09T09:03:45.360243+00:00,,,2025-10-09T09:03:55.658734+00:00,,,,,69b15845-7c63-4586-b274-1cfdfe9df3d8,GOOGL,us_equity,,2,0,,simple,limit,limit,sell,day,244.29,,canceled,False,,,,
285ce67e-55ad-4936-b1ef-db2fb8ff0dcb,b3ca416f-6e01-4137-8b51-71efca867165,2025-10-09T09:03:45.358430+00:00,2025-10-09T09:03:55.751101+00:00,2025-10-09T09:03:45.358430+00:00,,,2025-10-09T09:03:55.751100+00:00,,,,,80e04a93-e1a8-4503-ab61-2ef1992650b4,PLTR,us_equity,,2,0,,simple,limit,limit,buy,day,181.3,,canceled,False,,,,
b2abde62-ca4e-4230-8d05-7e8e2c9347cf,cc0ea21b-c0aa-4d19-bec2-fcd25d7fa291,2025-10-09T09:03:45.356565+00:00,2025-10-09T09:03:55.854714+00:00,2025-10-09T09:03:45.356565+00:00,,,2025-10-09T09:03:55.854713+00:00,,,,,b6d1aa75-5c9c-4353-a305-9e2caa1925ab,MSFT,us_equity,,1,0,,simple,limit,limit,buy,day,524.09,,canceled,False,,,,
345eac14-e902-4e88-9034-82bf10923207,c7e849ef-e41a-440b-8515-bda32cb0728d,2025-10-09T09:03:45.354833+00:00,2025-10-09T09:03:55.956159+00:00,2025-10-09T09:03:45.354833+00:00,,,2025-10-09T09:03:55.956157+00:00,,,,,fc6a5dcd-4a70-4b8d-b64f-d83a6dae9ba4,META,us_equity,,1,0,,simple,limit,limit,buy,day,717.1,,canceled,False,,,,
186b501f-24a4-4cbe-a785-888f8bd22266,2240f7ff-5860-46e1-b268-8b387813d4d2,2025-10-09T09:03:45.352776+00:00,2025-10-09T09:03:56.052354+00:00,2025-10-09T09:03:45.352776+00:00,,,2025-10-09T09:03:56.052352+00:00,,,,,b0b6dd9d-8b9b-48a9-ba46-b9d54906e415,AAPL,us_equity,,2,0,,simple,limit,limit,buy,day,257.51,,canceled,False,,,,
ff62324b-552c-4343-98c1-1fa3e78c0202,b0d79a2c-eeb5-4a7a-bf93-dbc26f7e99dc,2025-10-09T09:03:45.350878+00:00,2025-10-09T09:03:56.146529+00:00,2025-10-09T09:03:45.350878+00:00,,,2025-10-09T09:03:56.146528+00:00,,,,,4ce9353c-66d1-46c2-898f-fce867ab0247,NVDA,us_equity,,5,0,,simple,limit,limit,buy,day,190.28,,canceled,False,,,,
f855d3a8-afa5-45a0-9202-baa0ffa1f975,a1bbbe42-588c-4fd9-81b8-0f9d56f374c6,2025-10-09T09:03:45.348054+00:00,2025-10-09T09:03:56.247784+00:00,2025-10-09T09:03:45.348054+00:00,,,2025-10-09T09:03:56.247781+00:00,,,,,8ccae427-5dd0-45b3-b5fe-7ba5e422c766,TSLA,us_equity,,1,0,,simple,limit,limit,buy,day,434.4,,canceled,False,,,,
6bb8070b-26c6-493a-98a6-0e2dadcecc20,d5d31fda-8149-4027-b4f0-c0b17c1cfa43,2025-10-08T18:59:00.212404+00:00,2025-10-08T18:59:00.268638+00:00,2025-10-08T18:59:00.216317+00:00,2025-10-08T18:59:00.224000+00:00,,,,,,,8ccae427-5dd0-45b3-b5fe-7ba5e422c766,TSLA,us_equity,,1,1,437.27,simple,market,market,buy,day,,,filled,False,,,,
3a5060fe-2bb4-4997-be4c-ceed13d3d510,79c16a2c-c8a0-4b90-9bbf-c82c77c4f01b,2025-10-08T18:59:00.211573+00:00,2025-10-08T18:59:00.235443+00:00,2025-10-08T18:59:00.216096+00:00,2025-10-08T18:59:00.221000+00:00,,,,,,,4ce9353c-66d1-46c2-898f-fce867ab0247,NVDA,us_equity,,4,4,188.3379,simple,market,market,buy,day,,,filled,False,,,,
faf00a44-1e52-4ee6-85bf-1b72f715fca8,06c38afe-bb3b-4110-843a-e0b0d51df627,2025-10-08T18:59:00.212005+00:00,2025-10-08T18:59:00.237511+00:00,2025-10-08T18:59:00.216033+00:00,2025-10-08T18:59:00.225000+00:00,,,,,,,80e04a93-e1a8-4503-ab61-2ef1992650b4,PLTR,us_equity,,1,1,182.792,simple,market,market,sell,day,,,filled,False,,,,
e2f881b2-7138-42fe-8095-6c078b782217,af06754a-f5d5-4626-b812-a1e910a10e07,2025-10-08T18:59:00.211126+00:00,2025-10-08T18:59:00.233147+00:00,2025-10-08T18:59:00.216008+00:00,2025-10-08T18:59:00.220000+00:00,,,,,,,bb2a26c0-4c77-4801-8afc-82e8142ac7b8,NFLX,us_equity,,1,1,1211.73,simple,market,market,sell,day,,,filled,False,,,,
a9f42da9-9f1d-43fd-bea0-2b3e6361cfc5,543e55d7-05f0-460b-871f-32e86466fb94,2025-10-08T18:59:00.210687+00:00,2025-10-08T18:59:00.236513+00:00,2025-10-08T18:59:00.215783+00:00,2025-10-08T18:59:00.225000+00:00,,,,,,,b6d1aa75-5c9c-4353-a305-9e2caa1925ab,MSFT,us_equity,,1,1,523.992,simple,market,market,buy,day,,,filled,False,,,,
6adbcd74-60c3-4bdc-aa0d-cba89d4e6acc,8fb8ad91-84af-4acb-a8ad-b0e33aeaef5a,2025-10-08T18:59:00.209413+00:00,2025-10-08T18:59:00.233299+00:00,2025-10-08T18:59:00.215765+00:00,2025-10-08T18:59:00.221000+00:00,,,,,,,7a8b4fcf-0622-47ef-8541-de7f70ffc0c4,AVGO,us_equity,,4,4,341.9578,simple,market,market,sell,day,,,filled,False,,,,
3d8a8fb0-bd51-4fbb-a630-01ca2f8efd01,1d43a547-94bd-467a-9517-0799801efa93,2025-10-08T18:59:00.210293+00:00,2025-10-08T18:59:00.231169+00:00,2025-10-08T18:59:00.215755+00:00,2025-10-08T18:59:00.220000+00:00,,,,,,,fc6a5dcd-4a70-4b8d-b64f-d83a6dae9ba4,META,us_equity,,2,2,718.035,simple,market,market,sell,day,,,filled,False,,,,
394474d5-39a4-4a38-8e56-e86c6f18483f,a2c74d7a-25d6-43a4-80a8-69dbd6de26e8,2025-10-08T18:59:00.209858+00:00,2025-10-08T18:59:00.234427+00:00,2025-10-08T18:59:00.215567+00:00,2025-10-08T18:59:00.224000+00:00,,,,,,,69b15845-7c63-4586-b274-1cfdfe9df3d8,GOOGL,us_equity,,4,4,244.743,simple,market,market,sell,day,,,filled,False,,,,
7dedf243-0ceb-49e9-a402-ffda8279bcae,3b76ff63-4b57-494a-bf24-139b35d7982a,2025-10-08T18:59:00.208917+00:00,2025-10-08T18:59:00.230073+00:00,2025-10-08T18:59:00.215554+00:00,2025-10-08T18:59:00.220000+00:00,,,,,,,f801f835-bfe6-4a9d-a6b1-ccbb84bfd75f,AMZN,us_equity,,3,3,225.1309,simple,market,market,sell,day,,,filled,False,,,,
70bd4b13-0adf-47cf-a74c-26de4b9e93c8,8a4f83b4-9c86-4d1b-947b-a9a41845035d,2025-10-08T18:59:00.208337+00:00,2025-10-08T18:59:00.232193+00:00,2025-10-08T18:59:00.215511+00:00,2025-10-08T18:59:00.221000+00:00,,,,,,,b0b6dd9d-8b9b-48a9-ba46-b9d54906e415,AAPL,us_equity,,4,4,257.8214,simple,market,market,sell,day,,,filled,False,,,,
d6a36d72-689c-48fd-86ce-d77abc7f2325,dbc61358-108c-48d4-97b0-06896f2fb1f8,2025-10-08T18:00:36.768748+00:00,2025-10-08T18:10:33.447417+00:00,2025-10-08T18:00:36.772058+00:00,2025-10-08T18:10:33.440000+00:00,,,,,,,bb2a26c0-4c77-4801-8afc-82e8142ac7b8,NFLX,us_equity,,1,1,1211.74,simple,limit,limit,buy,day,1211.74,,filled,False,,,,
7d580a5e-ddbf-4e2b-9771-64c4798f1e2f,b8b8c655-6c89-4fdf-9828-740e96599323,2025-10-08T18:00:36.757819+00:00,2025-10-08T18:00:36.773738+00:00,2025-10-08T18:00:36.761864+00:00,2025-10-08T18:00:36.767000+00:00,,,,,,,7a8b4fcf-0622-47ef-8541-de7f70ffc0c4,AVGO,us_equity,,4,4,340.9,simple,limit,limit,buy,day,340.9,,filled,False,,,,
575df0ca-135b-4387-b1c7-de660f2a325e,70b706a3-9bf4-42d3-8f35-22259dba09b3,2025-10-08T18:00:36.751078+00:00,2025-10-08T18:00:36.767740+00:00,2025-10-08T18:00:36.754094+00:00,2025-10-08T18:00:36.760000+00:00,,,,,,,69b15845-7c63-4586-b274-1cfdfe9df3d8,GOOGL,us_equity,,4,4,244.28,simple,limit,limit,buy,day,244.43,,filled,False,,,,
f96698ed-ff8d-40b5-aae3-49fd04448cb5,200b66c1-30d0-4336-9350-2711e8c41b06,2025-10-08T18:00:36.748619+00:00,2025-10-08T18:00:36.764499+00:00,2025-10-08T18:00:36.751754+00:00,2025-10-08T18:00:36.755000+00:00,,,,,,,80e04a93-e1a8-4503-ab61-2ef1992650b4,PLTR,us_equity,,1,1,183.115,simple,limit,limit,buy,day,183.25,,filled,False,,,,
1e38e866-74a3-4996-a673-6351155494b4,8ba2be30-ac28-4d05-b126-df303c3998c4,2025-10-08T18:00:36.746348+00:00,2025-10-08T18:00:36.771428+00:00,2025-10-08T18:00:36.749302+00:00,2025-10-08T18:00:36.763000+00:00,,,,,,,b0b6dd9d-8b9b-48a9-ba46-b9d54906e415,AAPL,us_equity,,4,4,257.8,simple,limit,limit,buy,day,257.8,,filled,False,,,,
cc29a83d-dfdc-46c3-a912-4b3578290b61,f07f2654-486d-4c64-946e-420d81e9471e,2025-10-08T18:00:36.741212+00:00,2025-10-08T18:00:36.761315+00:00,2025-10-08T18:00:36.743811+00:00,2025-10-08T18:00:36.753000+00:00,,,,,,,f801f835-bfe6-4a9d-a6b1-ccbb84bfd75f,AMZN,us_equity,,3,3,226.264,simple,limit,limit,buy,day,226.32,,filled,False,,,,
a8624858-c267-4c4c-946f-ef1142f91e3f,ae82edc6-ed31-41e5-ada8-0dccf9cadd22,2025-10-08T18:00:36.739289+00:00,2025-10-08T18:00:36.755665+00:00,2025-10-08T18:00:36.741765+00:00,2025-10-08T18:00:36.745000+00:00,,,,,,,b6d1aa75-5c9c-4353-a305-9e2caa1925ab,MSFT,us_equity,,1,1,524.13,simple,limit,limit,sell,day,524.03,,filled,False,,,,
2166f36f-2fdd-43c5-a421-10580c55a5b7,b7cb5129-faf0-47e1-8281-aa3e4472d80f,2025-10-08T18:00:36.737271+00:00,2025-10-08T18:00:36.765680+00:00,2025-10-08T18:00:36.739974+00:00,2025-10-08T18:00:36.754000+00:00,,,,,,,fc6a5dcd-4a70-4b8d-b64f-d83a6dae9ba4,META,us_equity,,2,2,718.6,simple,limit,limit,buy,day,718.6,,filled,False,,,,
66954fdf-b575-4966-9563-e20634586c12,7afddcb4-00f8-4ab6-a037-9ba81c2fae74,2025-10-08T18:00:36.732083+00:00,2025-10-08T18:02:40.608494+00:00,2025-10-08T18:00:36.735019+00:00,2025-10-08T18:02:40.603000+00:00,,,,,,,4ce9353c-66d1-46c2-898f-fce867ab0247,NVDA,us_equity,,4,4,188.56,simple,limit,limit,sell,day,188.56,,filled,False,,,,
5a99be54-0cc4-429b-891c-db39e45cafea,e1ece24e-5135-4751-8004-f634a7f60c0a,2025-10-08T18:00:36.728695+00:00,2025-10-08T18:00:36.744158+00:00,2025-10-08T18:00:36.731623+00:00,2025-10-08T18:00:36.737000+00:00,,,,,,,8ccae427-5dd0-45b3-b5fe-7ba5e422c766,TSLA,us_equity,,1,1,436.13,simple,limit,limit,sell,day,436.13,,filled,False,,,,
4e068dcd-1ebd-4dd0-96b4-00f47d38308d,dc45a1bd-887a-470f-a880-ebe3bf634759,2025-10-08T17:59:00.218062+00:00,2025-10-08T17:59:00.247741+00:00,2025-10-08T17:59:00.223181+00:00,2025-10-08T17:59:00.229000+00:00,,,,,,,8ccae427-5dd0-45b3-b5fe-7ba5e422c766,TSLA,us_equity,,6,6,436.25,simple,market,market,buy,day,,,filled,False,,,,
f46aa7bf-d506-4441-9aa4-5f813f49c7da,33b5258d-b9ba-44de-98c4-2164f320ef89,2025-10-08T17:59:00.217592+00:00,2025-10-08T17:59:00.246676+00:00,2025-10-08T17:59:00.222856+00:00,2025-10-08T17:59:00.229000+00:00,,,,,,,80e04a93-e1a8-4503-ab61-2ef1992650b4,PLTR,us_equity,,9,9,183.14,simple,market,market,buy,day,,,filled,False,,,,
5c8f98aa-4082-43d2-ba58-178219521687,1fb76948-e3e1-4995-98a0-e459ed23afe6,2025-10-08T17:59:00.217140+00:00,2025-10-08T17:59:00.244389+00:00,2025-10-08T17:59:00.222515+00:00,2025-10-08T17:59:00.228000+00:00,,,,,,,4ce9353c-66d1-46c2-898f-fce867ab0247,NVDA,us_equity,,10,10,188.5576,simple,market,market,buy,day,,,filled,False,,,,
ba14564b-c14a-490d-b2d0-449524684db0,ffcb9060-07fa-487e-9a3e-30a7d6321782,2025-10-08T17:59:00.216702+00:00,2025-10-08T17:59:00.245675+00:00,2025-10-08T17:59:00.222140+00:00,2025-10-08T17:59:00.228000+00:00,,,,,,,bb2a26c0-4c77-4801-8afc-82e8142ac7b8,NFLX,us_equity,,1,1,1211.49,simple,market,market,buy,day,,,filled,False,,,,
5e3d8d1c-0e3f-47f6-9d11-1eebb935fb0c,7a20f6ea-f28c-4587-9d4a-1a9aec9c3099,2025-10-08T17:59:00.216228+00:00,2025-10-08T17:59:00.240604+00:00,2025-10-08T17:59:00.221992+00:00,2025-10-08T17:59:00.228000+00:00,,,,,,,b6d1aa75-5c9c-4353-a305-9e2caa1925ab,MSFT,us_equity,,1,1,524.0239,simple,market,market,buy,day,,,filled,False,,,,
bd6219da-b23a-4b9b-9e43-667edcdd75f6,e15ba396-e272-4725-b3ca-2503874908f4,2025-10-08T17:59:00.215746+00:00,2025-10-08T17:59:00.241727+00:00,2025-10-08T17:59:00.221731+00:00,2025-10-08T17:59:00.228000+00:00,,,,,,,fc6a5dcd-4a70-4b8d-b64f-d83a6dae9ba4,META,us_equity,,2,2,718.6601,simple,market,market,sell,day,,,filled,False,,,,
7eb06012-e86f-418d-8341-457abed831d3,a203a6b6-e2f5-4b53-be6c-214e6c631859,2025-10-08T17:59:00.215299+00:00,2025-10-08T17:59:00.242701+00:00,2025-10-08T17:59:00.221584+00:00,2025-10-08T17:59:00.228000+00:00,,,,,,,69b15845-7c63-4586-b274-1cfdfe9df3d8,GOOGL,us_equity,,1,1,244.4584,simple,market,market,buy,day,,,filled,False,,,,
bcc84fd8-128d-4251-a614-375ca7df875f,a2483dfd-43e1-4753-adaf-fef4e9042a73,2025-10-08T17:59:00.214313+00:00,2025-10-08T17:59:00.237319+00:00,2025-10-08T17:59:00.221351+00:00,2025-10-08T17:59:00.227000+00:00,,,,,,,f801f835-bfe6-4a9d-a6b1-ccbb84bfd75f,AMZN,us_equity,,1,1,226.2573,simple,market,market,buy,day,,,filled,False,,,,
9a546a56-8427-43d9-9dbe-cc9b812c7931,918217ce-f8ab-448a-b00c-a48c1a7f1a56,2025-10-08T17:59:00.213674+00:00,2025-10-08T17:59:00.232216+00:00,2025-10-08T17:59:00.220990+00:00,2025-10-08T17:59:00.225000+00:00,,,,,,,b0b6dd9d-8b9b-48a9-ba46-b9d54906e415,AAPL,us_equity,,3,3,257.795,simple,market,market,buy,day,,,filled,False,,,,
70467608-1693-4940-bed8-a4160b7c62fa,5357dd60-3241-488a-bdd9-410a3a829b39,2025-10-08T17:59:00.214828+00:00,2025-10-08T17:59:00.240368+00:00,2025-10-08T17:59:00.220983+00:00,2025-10-08T17:59:00.231000+00:00,,,,,,,7a8b4fcf-0622-47ef-8541-de7f70ffc0c4,AVGO,us_equity,,2,2,340.704,simple,market,market,sell,day,,,filled,False,,,,
414bf1f3-559a-4f00-8dbd-6a060e939b77,f0f5d606-b90a-4878-b9ce-dc0756392b06,2025-10-08T17:00:36.821815+00:00,2025-10-08T17:03:12.447961+00:00,2025-10-08T17:00:36.824451+00:00,2025-10-08T17:03:12.442000+00:00,,,,,,,7a8b4fcf-0622-47ef-8541-de7f70ffc0c4,AVGO,us_equity,,2,2,340.96,simple,limit,limit,buy,day,340.96,,filled,False,,,,
957fc556-ab25-4d8f-80ee-a0366565839f,086a9f92-6d72-49b2-99a2-5fe137ad0f96,2025-10-08T17:00:36.819272+00:00,2025-10-08T17:00:56.277238+00:00,2025-10-08T17:00:36.822331+00:00,2025-10-08T17:00:56.272000+00:00,,,,,,,bb2a26c0-4c77-4801-8afc-82e8142ac7b8,NFLX,us_equity,,1,1,1211.65,simple,limit,limit,sell,day,1211.65,,filled,False,,,,
b5a60948-0382-4b61-9598-eefea4c557c2,2ac988e8-9e02-4829-b024-e866dd824efe,2025-10-08T17:00:36.810731+00:00,2025-10-08T17:00:36.835379+00:00,2025-10-08T17:00:36.813691+00:00,2025-10-08T17:00:36.827000+00:00,,,,,,,69b15845-7c63-4586-b274-1cfdfe9df3d8,GOOGL,us_equity,,1,1,244.18,simple,limit,limit,sell,day,244.18,,filled,False,,,,
82db39ed-0ebb-4ae5-ac5c-d4ddd4ecb97f,cab14c5a-b737-4e35-b4fe-3357be2e45ef,2025-10-08T17:00:36.804494+00:00,2025-10-08T17:00:51.246159+00:00,2025-10-08T17:00:36.807436+00:00,2025-10-08T17:00:51.239000+00:00,,,,,,,f801f835-bfe6-4a9d-a6b1-ccbb84bfd75f,AMZN,us_equity,,1,1,224.66,simple,limit,limit,sell,day,224.66,,filled,False,,,,
a90dcb4e-0cd4-4205-8939-e02da1cb00af,8f79ee55-34b6-461a-8ff1-c421f15eeaa5,2025-10-08T17:00:36.802666+00:00,2025-10-08T17:00:36.817024+00:00,2025-10-08T17:00:36.804983+00:00,2025-10-08T17:00:36.811000+00:00,,,,,,,fc6a5dcd-4a70-4b8d-b64f-d83a6dae9ba4,META,us_equity,,2,2,715.31,simple,limit,limit,buy,day,715.31,,filled,False,,,,
462f344f-d76c-4dcb-9e02-c311491f7806,fbc8e401-6467-4fc7-ac00-f11609fcecc1,2025-10-08T17:00:36.800653+00:00,2025-10-08T17:00:36.815017+00:00,2025-10-08T17:00:36.803342+00:00,2025-10-08T17:00:36.809000+00:00,,,,,,,b0b6dd9d-8b9b-48a9-ba46-b9d54906e415,AAPL,us_equity,,3,3,257.8451,simple,limit,limit,sell,day,257.78,,filled,False,,,,
5588b8aa-9e58-41a3-bf49-e09bede24427,731855bd-8ec0-4406-8efd-1fde37448ab8,2025-10-08T17:00:36.798910+00:00,2025-10-08T17:01:30.707390+00:00,2025-10-08T17:00:36.801050+00:00,2025-10-08T17:01:30.701000+00:00,,,,,,,80e04a93-e1a8-4503-ab61-2ef1992650b4,PLTR,us_equity,,9,9,183.46,simple,limit,limit,sell,day,183.46,,filled,False,,,,
bc65fa8a-a7c6-45d1-b7d8-9b52981fe7ae,d2442725-05f5-402e-82c3-a232aebd436c,2025-10-08T17:00:36.797142+00:00,2025-10-08T17:03:37.396046+00:00,2025-10-08T17:00:36.799334+00:00,2025-10-08T17:03:37.389000+00:00,,,,,,,4ce9353c-66d1-46c2-898f-fce867ab0247,NVDA,us_equity,,10,10,188.23,simple,limit,limit,sell,day,188.23,,filled,False,,,,
45eaa0a0-2196-4b2e-925f-1943ef51bcd5,0a6de731-b80e-4376-bc9b-2be98a4f1b2a,2025-10-08T17:00:36.795182+00:00,2025-10-08T17:01:36.094254+00:00,2025-10-08T17:00:36.797535+00:00,2025-10-08T17:01:36.088000+00:00,,,,,,,8ccae427-5dd0-45b3-b5fe-7ba5e422c766,TSLA,us_equity,,6,6,435.59,simple,limit,limit,sell,day,435.59,,filled,False,,,,
92afb072-493f-4ff5-9c25-ac1d05ca46b0,698d0f1c-c196-4836-9c54-d7d8c5f897f9,2025-10-08T17:00:36.793161+00:00,2025-10-08T17:00:36.807540+00:00,2025-10-08T17:00:36.795843+00:00,2025-10-08T17:00:36.801000+00:00,,,,,,,b6d1aa75-5c9c-4353-a305-9e2caa1925ab,MSFT,us_equity,,1,1,524.525,simple,limit,limit,sell,day,524.22,,filled,False,,,,
35118b36-ade0-4273-9d9f-afba8dab0967,df1991f6-d63a-4579-9d0a-819734db2cb3,2025-10-08T16:59:00.216791+00:00,2025-10-08T16:59:00.242280+00:00,2025-10-08T16:59:00.221035+00:00,2025-10-08T16:59:00.226000+00:00,,,,,,,8ccae427-5dd0-45b3-b5fe-7ba5e422c766,TSLA,us_equity,,1,1,435.5701,simple,market,market,sell,day,,,filled,False,,,,
9d0d1a4f-6032-4102-8c89-bcd722395ce3,9cde356b-8b0f-4223-bea3-01cbcb815bd8,2025-10-08T16:59:00.215964+00:00,2025-10-08T16:59:00.241272+00:00,2025-10-08T16:59:00.220486+00:00,2025-10-08T16:59:00.226000+00:00,,,,,,,4ce9353c-66d1-46c2-898f-fce867ab0247,NVDA,us_equity,,10,10,188.2277,simple,market,market,buy,day,,,filled,False,,,,
153857ff-6a8f-457f-8320-d1fd3e79f740,06b3c36c-c1f2-4e75-9689-d470f3c4a431,2025-10-08T16:59:00.216339+00:00,2025-10-08T16:59:00.244278+00:00,2025-10-08T16:59:00.220364+00:00,2025-10-08T16:59:00.230000+00:00,,,,,,,80e04a93-e1a8-4503-ab61-2ef1992650b4,PLTR,us_equity,,14,14,183.3991,simple,market,market,buy,day,,,filled,False,,,,
dcc4af2e-3481-4373-b107-9ff2fda3215d,942e83b1-3d25-4edc-8daf-a17c659bf65d,2025-10-08T16:59:00.215136+00:00,2025-10-08T16:59:00.242379+00:00,2025-10-08T16:59:00.220227+00:00,2025-10-08T16:59:00.229000+00:00,,,,,,,b6d1aa75-5c9c-4353-a305-9e2caa1925ab,MSFT,us_equity,,1,1,524.0079,simple,market,market,sell,day,,,filled,False,,,,
450a2329-8bfb-4385-be5a-44ae6280e633,6f9f3eb4-7fa6-4f89-a20c-3f951c51251f,2025-10-08T16:59:00.215541+00:00,2025-10-08T16:59:00.239153+00:00,2025-10-08T16:59:00.220099+00:00,2025-10-08T16:59:00.226000+00:00,,,,,,,bb2a26c0-4c77-4801-8afc-82e8142ac7b8,NFLX,us_equity,,1,1,1211.2,simple,market,market,sell,day,,,filled,False,,,,
57f67d3c-14af-47ee-8b89-379c50a625ae,e59cd844-0a1f-4bb9-8ba8-301859f89dd0,2025-10-08T16:59:00.214304+00:00,2025-10-08T16:59:00.241376+00:00,2025-10-08T16:59:00.220076+00:00,2025-10-08T16:59:00.229000+00:00,,,,,,,69b15845-7c63-4586-b274-1cfdfe9df3d8,GOOGL,us_equity,,1,1,244.1329,simple,market,market,sell,day,,,filled,False,,,,
fb708b72-e319-4d63-9688-349f4ce9e417,55b59526-7fc0-477e-9d66-1065a77c2fc5,2025-10-08T16:59:00.214719+00:00,2025-10-08T16:59:00.238159+00:00,2025-10-08T16:59:00.219904+00:00,2025-10-08T16:59:00.225000+00:00,,,,,,,fc6a5dcd-4a70-4b8d-b64f-d83a6dae9ba4,META,us_equity,,3,3,715.105,simple,market,market,buy,day,,,filled,False,,,,
ff4f7785-b74f-48c4-8702-95215745d82b,b64b643d-5677-4ef0-86da-d54a3f8e978d,2025-10-08T16:59:00.212629+00:00,2025-10-08T16:59:00.243288+00:00,2025-10-08T16:59:00.219837+00:00,2025-10-08T16:59:00.230000+00:00,,,,,,,7a8b4fcf-0622-47ef-8541-de7f70ffc0c4,AVGO,us_equity,,1,1,340.8949,simple,market,market,sell,day,,,filled,False,,,,
93fcf792-5b06-4aa9-910d-933643bcb4b5,bf4a6a7c-d2a6-432c-9c0e-8a0995096e06,2025-10-08T16:59:00.212153+00:00,2025-10-08T16:59:00.236224+00:00,2025-10-08T16:59:00.219692+00:00,2025-10-08T16:59:00.225000+00:00,,,,,,,f801f835-bfe6-4a9d-a6b1-ccbb84bfd75f,AMZN,us_equity,,3,3,224.59,simple,market,market,buy,day,,,filled,False,,,,
46afafa9-982b-4274-9fc7-205ede5fedf8,6dd72dd3-1f0c-4f66-9b17-efdd45b2f5fb,2025-10-08T16:59:00.211581+00:00,2025-10-08T16:59:00.240237+00:00,2025-10-08T16:59:00.219630+00:00,2025-10-08T16:59:00.229000+00:00,,,,,,,b0b6dd9d-8b9b-48a9-ba46-b9d54906e415,AAPL,us_equity,,1,1,257.7729,simple,market,market,sell,day,,,filled,False,,,,
7e0ecb20-be4e-4b27-8635-69b5b44a37e4,2f50cfa7-5ff0-49cf-b18b-742d6d0160dd,2025-10-08T16:00:36.595973+00:00,2025-10-08T16:00:36.610943+00:00,2025-10-08T16:00:36.598836+00:00,2025-10-08T16:00:36.604000+00:00,,,,,,,8ccae427-5dd0-45b3-b5fe-7ba5e422c766,TSLA,us_equity,,1,1,434.6866,simple,limit,limit,buy,day,434.89,,filled,False,,,,
7af4cbbc-56b3-41e2-bd88-5552673e5ade,bc22fff5-0b5c-4788-ba18-a83ccb648711,2025-10-08T16:00:36.556930+00:00,2025-10-08T16:00:43.820812+00:00,2025-10-08T16:00:36.560417+00:00,2025-10-08T16:00:43.814000+00:00,,,,,,,bb2a26c0-4c77-4801-8afc-82e8142ac7b8,NFLX,us_equity,,1,1,1208.68,simple,limit,limit,buy,day,1208.68,,filled,False,,,,
f5c1f1fe-ec69-407d-9cc1-21515685146d,3fab1f59-5020-47a5-9ac5-96e9c4a11e65,2025-10-08T16:00:36.540975+00:00,2025-10-08T16:00:36.555734+00:00,2025-10-08T16:00:36.543598+00:00,2025-10-08T16:00:36.549000+00:00,,,,,,,69b15845-7c63-4586-b274-1cfdfe9df3d8,GOOGL,us_equity,,1,1,245.0445,simple,limit,limit,buy,day,245.07,,filled,False,,,,
b844a79b-5054-4ba0-bcf2-e8d173727c70,65f09c7a-9db1-4039-aa5b-165ff25fd47e,2025-10-08T16:00:36.538962+00:00,2025-10-08T16:00:37.092269+00:00,2025-10-08T16:00:36.541371+00:00,2025-10-08T16:00:37.084000+00:00,,,,,,,80e04a93-e1a8-4503-ab61-2ef1992650b4,PLTR,us_equity,,14,14,183.54,simple,limit,limit,sell,day,183.54,,filled,False,,,,
d685f7ea-f86c-4c5e-939e-7c09f9e5db38,2eee3b09-f2b6-4886-b285-92512b9d8af8,2025-10-08T16:00:36.536968+00:00,2025-10-08T16:00:36.553091+00:00,2025-10-08T16:00:36.539405+00:00,2025-10-08T16:00:36.545000+00:00,,,,,,,f801f835-bfe6-4a9d-a6b1-ccbb84bfd75f,AMZN,us_equity,,3,3,224.36,simple,limit,limit,sell,day,224.33,,filled,False,,,,
58cf7014-1c4e-4737-beed-beb5d4397dc9,6cf46ca1-9dfe-4447-a592-e29422611283,2025-10-08T16:00:36.535040+00:00,2025-10-08T16:00:36.551029+00:00,2025-10-08T16:00:36.537359+00:00,2025-10-08T16:00:36.543000+00:00,,,,,,,fc6a5dcd-4a70-4b8d-b64f-d83a6dae9ba4,META,us_equity,,3,3,717.76,simple,limit,limit,sell,day,717.76,,filled,False,,,,
9b365048-cd39-49e1-9fb3-737497b16ee8,1f025d1c-3901-4596-aede-a1cff00a65ec,2025-10-08T16:00:36.533187+00:00,2025-10-08T16:22:50.499203+00:00,2025-10-08T16:00:36.535573+00:00,2025-10-08T16:22:50.492000+00:00,,,,,,,7a8b4fcf-0622-47ef-8541-de7f70ffc0c4,AVGO,us_equity,,1,1,341.91,simple,limit,limit,buy,day,341.91,,filled,False,,,,
b96e2d07-cbd9-4de2-b164-f287fc011bd5,d6fd4c00-088f-4479-a3d3-e07667520ae4,2025-10-08T16:00:36.531134+00:00,2025-10-08T16:00:36.546943+00:00,2025-10-08T16:00:36.533719+00:00,2025-10-08T16:00:36.538000+00:00,,,,,,,b6d1aa75-5c9c-4353-a305-9e2caa1925ab,MSFT,us_equity,,1,1,524.875,simple,limit,limit,buy,day,524.91,,filled,False,,,,
937d724f-e842-4363-af39-ec216b7d55b8,5b852e31-bde1-4693-b963-91b3bcc70971,2025-10-08T16:00:36.529051+00:00,2025-10-08T16:00:36.544901+00:00,2025-10-08T16:00:36.531775+00:00,2025-10-08T16:00:36.536000+00:00,,,,,,,4ce9353c-66d1-46c2-898f-fce867ab0247,NVDA,us_equity,,10,10,187.9403,simple,limit,limit,sell,day,187.82,,filled,False,,,,
accc291b-5651-406d-9008-422453f4f225,55a8a046-5aa4-413e-9d5b-a418e06714a6,2025-10-08T16:00:36.527162+00:00,2025-10-08T16:00:36.548145+00:00,2025-10-08T16:00:36.530168+00:00,2025-10-08T16:00:36.539000+00:00,,,,,,,b0b6dd9d-8b9b-48a9-ba46-b9d54906e415,AAPL,us_equity,,1,1,257.97,simple,limit,limit,buy,day,257.97,,filled,False,,,,
c3b7e5ef-6beb-49e7-80e9-d05b7b0a8e96,f27dbd6d-b09d-4476-ab29-760c25ff125a,2025-10-08T15:59:00.233919+00:00,2025-10-08T15:59:00.263120+00:00,2025-10-08T15:59:00.238241+00:00,2025-10-08T15:59:00.248000+00:00,,,,,,,80e04a93-e1a8-4503-ab61-2ef1992650b4,PLTR,us_equity,,14,14,183.5181,simple,market,market,buy,day,,,filled,False,,,,
64bd6f8e-2ca6-4d66-a765-35a77d21460d,55acb9b6-e9bb-4d4c-8017-b8f889d253a6,2025-10-08T15:59:00.234305+00:00,2025-10-08T15:59:00.258778+00:00,2025-10-08T15:59:00.238049+00:00,2025-10-08T15:59:00.244000+00:00,,,,,,,8ccae427-5dd0-45b3-b5fe-7ba5e422c766,TSLA,us_equity,,1,1,435.1527,simple,market,market,sell,day,,,filled,False,,,,
52ef4a92-c9e2-459c-bbc0-a37ab75a6f2c,b7287c8f-433e-413f-980f-3034c537bd31,2025-10-08T15:59:00.233128+00:00,2025-10-08T15:59:00.261062+00:00,2025-10-08T15:59:00.238025+00:00,2025-10-08T15:59:00.247000+00:00,,,,,,,bb2a26c0-4c77-4801-8afc-82e8142ac7b8,NFLX,us_equity,,1,1,1209.1293,simple,market,market,buy,day,,,filled,False,,,,
b5c8d6d8-96b9-4ae6-adfa-f4bad79f980d,efcaa010-0a94-40a3-8f4c-844ae2068ed3,2025-10-08T15:59:00.233533+00:00,2025-10-08T15:59:00.256776+00:00,2025-10-08T15:59:00.237812+00:00,2025-10-08T15:59:00.243000+00:00,,,,,,,4ce9353c-66d1-46c2-898f-fce867ab0247,NVDA,us_equity,,14,14,187.865,simple,market,market,buy,day,,,filled,False,,,,
5908bdd0-35c2-43f6-8792-10ab9342afab,0cf9a6bf-b875-4f33-bc18-fa95e53b1feb,2025-10-08T15:59:00.232730+00:00,2025-10-08T15:59:00.258945+00:00,2025-10-08T15:59:00.237798+00:00,2025-10-08T15:59:00.247000+00:00,,,,,,,b6d1aa75-5c9c-4353-a305-9e2caa1925ab,MSFT,us_equity,,3,3,524.8562,simple,market,market,buy,day,,,filled,False,,,,
63f34403-c9c2-4247-9ae6-e2653e831983,09571398-174e-4e81-b215-a2fb51b5906f,2025-10-08T15:59:00.232306+00:00,2025-10-08T15:59:00.262088+00:00,2025-10-08T15:59:00.237631+00:00,2025-10-08T15:59:00.248000+00:00,,,,,,,fc6a5dcd-4a70-4b8d-b64f-d83a6dae9ba4,META,us_equity,,5,5,717.8315,simple,market,market,buy,day,,,filled,False,,,,
3183a497-9ffb-45cb-8a2e-d4465fad4c06,7bdd159a-50d4-4716-9612-d543b9bdc570,2025-10-08T15:59:00.231856+00:00,2025-10-08T15:59:00.257729+00:00,2025-10-08T15:59:00.237463+00:00,2025-10-08T15:59:00.247000+00:00,,,,,,,69b15845-7c63-4586-b274-1cfdfe9df3d8,GOOGL,us_equity,,1,1,245.1289,simple,market,market,sell,day,,,filled,False,,,,
4565a0c2-b3f0-4287-865f-e7a0e1f27ad7,fa6c7c69-599c-4eed-9c30-b7ce4739a35c,2025-10-08T15:59:00.231420+00:00,2025-10-08T15:59:00.260083+00:00,2025-10-08T15:59:00.237282+00:00,2025-10-08T15:59:00.247000+00:00,,,,,,,7a8b4fcf-0622-47ef-8541-de7f70ffc0c4,AVGO,us_equity,,7,7,341.8332,simple,market,market,buy,day,,,filled,False,,,,
b1950351-1876-4c36-88f3-66098f9da1a3,bbeb76c9-c8f4-4341-8990-4a393da8dc68,2025-10-08T15:59:00.230853+00:00,2025-10-08T15:59:00.253738+00:00,2025-10-08T15:59:00.237277+00:00,2025-10-08T15:59:00.243000+00:00,,,,,,,f801f835-bfe6-4a9d-a6b1-ccbb84bfd75f,AMZN,us_equity,,3,3,224.2872,simple,market,market,buy,day,,,filled,False,,,,
820af113-a01c-4c69-9c4b-7a8fcd702572,2046842a-b59c-48be-9dd6-13f06d6bcf01,2025-10-08T15:59:00.230225+00:00,2025-10-08T15:59:00.255755+00:00,2025-10-08T15:59:00.237112+00:00,2025-10-08T15:59:00.243000+00:00,,,,,,,b0b6dd9d-8b9b-48a9-ba46-b9d54906e415,AAPL,us_equity,,1,1,257.9882,simple,market,market,buy,day,,,filled,False,,,,
501f89e0-cab6-46d5-8f90-095655e6f7a3,93dc50c0-a665-4621-bb87-8cf33d02ed3f,2025-10-08T15:00:36.613543+00:00,2025-10-08T15:00:36.628643+00:00,2025-10-08T15:00:36.616844+00:00,2025-10-08T15:00:36.622000+00:00,,,,,,,fc6a5dcd-4a70-4b8d-b64f-d83a6dae9ba4,META,us_equity,,5,5,716.0551,simple,limit,limit,sell,day,715.84,,filled,False,,,,
c0bf4a7c-1385-4898-9c00-71bc63ac6aaa,7fa8a212-6664-4565-bf02-4d73950d7956,2025-10-08T15:00:36.608274+00:00,2025-10-08T15:00:36.629682+00:00,2025-10-08T15:00:36.613685+00:00,2025-10-08T15:00:36.622000+00:00,,,,,,,69b15845-7c63-4586-b274-1cfdfe9df3d8,GOOGL,us_equity,,1,1,244.3711,simple,limit,limit,buy,day,244.58,,filled,False,,,,
1dd5cded-8e7e-4c7d-8d47-4805b1c1a3e1,fa18aee5-15e2-49a3-9f23-3e139ad4419d,2025-10-08T15:00:36.597928+00:00,2025-10-08T15:00:36.611373+00:00,2025-10-08T15:00:36.600733+00:00,2025-10-08T15:00:36.604000+00:00,,,,,,,7a8b4fcf-0622-47ef-8541-de7f70ffc0c4,AVGO,us_equity,,7,7,339.52,simple,limit,limit,sell,day,339.52,,filled,False,,,,
281b349d-e2e0-4a39-b8a9-25681f69cc0a,30583e13-8dea-431e-99af-c8f519ccca0b,2025-10-08T15:00:36.593028+00:00,2025-10-08T15:00:36.612410+00:00,2025-10-08T15:00:36.595608+00:00,2025-10-08T15:00:36.605000+00:00,,,,,,,f801f835-bfe6-4a9d-a6b1-ccbb84bfd75f,AMZN,us_equity,,3,3,223.7329,simple,limit,limit,sell,day,223.52,,filled,False,,,,
6fd9df3d-5462-46b7-a089-699c19abb16c,0298400c-5670-4bdb-9d8a-c1537165c377,2025-10-08T15:00:36.591115+00:00,2025-10-08T15:00:36.606309+00:00,2025-10-08T15:00:36.593705+00:00,2025-10-08T15:00:36.600000+00:00,,,,,,,bb2a26c0-4c77-4801-8afc-82e8142ac7b8,NFLX,us_equity,,1,1,1206.29,simple,limit,limit,sell,day,1206.29,,filled,False,,,,
1c9a1c4f-fe87-4e55-a7d7-c84519d454be,d3c795e7-b367-49dc-a6a7-13e129cb4e21,2025-10-08T15:00:36.589318+00:00,2025-10-08T15:00:36.605223+00:00,2025-10-08T15:00:36.591587+00:00,2025-10-08T15:00:36.597000+00:00,,,,,,,b0b6dd9d-8b9b-48a9-ba46-b9d54906e415,AAPL,us_equity,,1,1,257.62,simple,limit,limit,sell,day,257.55,,filled,False,,,,
ac0f55cd-9e3c-4790-bd66-8719a622ab6c,33dc25be-d35b-49d6-935a-2d9e83deb573,2025-10-08T15:00:36.587515+00:00,2025-10-08T15:01:25.590192+00:00,2025-10-08T15:00:36.589787+00:00,2025-10-08T15:01:25.584000+00:00,,,,,,,80e04a93-e1a8-4503-ab61-2ef1992650b4,PLTR,us_equity,,14,14,181.76,simple,limit,limit,sell,day,181.76,,filled,False,,,,
f8e1fbf5-31e4-4889-b29b-8eff8beb95f4,69169d8f-28c7-49ca-8e72-1a7b4a6b0f37,2025-10-08T15:00:36.585642+00:00,2025-10-08T15:00:36.604004+00:00,2025-10-08T15:00:36.588035+00:00,2025-10-08T15:00:36.597000+00:00,,,,,,,8ccae427-5dd0-45b3-b5fe-7ba5e422c766,TSLA,us_equity,,1,1,431.8325,simple,limit,limit,buy,day,432.3,,filled,False,,,,
1393910b-8b66-4c07-bb60-27b649031a57,9a3e523d-2a91-41f4-b4d6-bfc1a29cf4db,2025-10-08T15:00:36.583327+00:00,2025-10-08T15:00:36.602068+00:00,2025-10-08T15:00:36.585862+00:00,2025-10-08T15:00:36.595000+00:00,,,,,,,4ce9353c-66d1-46c2-898f-fce867ab0247,NVDA,us_equity,,14,14,188.6929,simple,limit,limit,sell,day,188.59,,filled,False,,,,
855b215a-7a11-4c27-a29c-afe7489d97b4,2badd10b-2ec9-4ebe-879f-8580a370e617,2025-10-08T15:00:36.580270+00:00,2025-10-08T15:00:36.595973+00:00,2025-10-08T15:00:36.584061+00:00,2025-10-08T15:00:36.588000+00:00,,,,,,,b6d1aa75-5c9c-4353-a305-9e2caa1925ab,MSFT,us_equity,,3,3,524.605,simple,limit,limit,sell,day,524.37,,filled,False,,,,
4263aaef-bcdf-49d5-a79b-8082a74e2192,3003d51d-5081-43ff-b1bc-f83baa2207cf,2025-10-08T14:59:00.218716+00:00,2025-10-08T14:59:00.244389+00:00,2025-10-08T14:59:00.223056+00:00,2025-10-08T14:59:00.232000+00:00,,,,,,,8ccae427-5dd0-45b3-b5fe-7ba5e422c766,TSLA,us_equity,,6,6,432.5022,simple,market,market,buy,day,,,filled,False,,,,
ce0addfc-664d-4fde-b4b1-e0e9693cf8ed,88069999-d8c5-4293-aab6-c894220597fd,2025-10-08T14:59:00.217441+00:00,2025-10-08T14:59:00.245598+00:00,2025-10-08T14:59:00.222779+00:00,2025-10-08T14:59:00.232000+00:00,,,,,,,4ce9353c-66d1-46c2-898f-fce867ab0247,NVDA,us_equity,,13,13,188.6571,simple,market,market,buy,day,,,filled,False,,,,
264ede92-6b0e-49fe-86ca-82f6f54ce1c3,47429e90-0e20-4581-8f6d-49c452067ae0,2025-10-08T14:59:00.218079+00:00,2025-10-08T14:59:00.234357+00:00,2025-10-08T14:59:00.222585+00:00,2025-10-08T14:59:00.226000+00:00,,,,,,,80e04a93-e1a8-4503-ab61-2ef1992650b4,PLTR,us_equity,,12,12,181.97,simple,market,market,buy,day,,,filled,False,,,,
971f7216-0aed-494e-ab0c-e5c3bb86e769,6ba5f15c-ae86-4c46-a0d8-1d3f3108b9db,2025-10-08T14:59:00.216864+00:00,2025-10-08T14:59:00.243074+00:00,2025-10-08T14:59:00.222560+00:00,2025-10-08T14:59:00.232000+00:00,,,,,,,b6d1aa75-5c9c-4353-a305-9e2caa1925ab,MSFT,us_equity,,5,5,524.3478,simple,market,market,sell,day,,,filled,False,,,,
5151b79b-9c07-4635-b990-aa662e55ca2d,cecad790-acfa-4b84-bf1f-0b3981539a47,2025-10-08T14:59:00.216239+00:00,2025-10-08T14:59:00.283219+00:00,2025-10-08T14:59:00.222471+00:00,2025-10-08T14:59:00.271000+00:00,,,,,,,fc6a5dcd-4a70-4b8d-b64f-d83a6dae9ba4,META,us_equity,,4,4,715.76,simple,market,market,sell,day,,,filled,False,,,,
f5614108-17af-4665-929c-ac25e9afb682,42a91910-6d09-4155-b14b-1c6e249446ef,2025-10-08T14:59:00.215080+00:00,2025-10-08T14:59:00.282054+00:00,2025-10-08T14:59:00.222306+00:00,2025-10-08T14:59:00.269000+00:00,,,,,,,7a8b4fcf-0622-47ef-8541-de7f70ffc0c4,AVGO,us_equity,,14,14,339.5508,simple,market,market,sell,day,,,filled,False,,,,
d40dba2b-3f63-4596-83e5-0afd724c305d,af4b4d42-2e11-4c6a-957d-8f6e21f7eddb,2025-10-08T14:59:00.215649+00:00,2025-10-08T14:59:00.241853+00:00,2025-10-08T14:59:00.222302+00:00,2025-10-08T14:59:00.231000+00:00,,,,,,,69b15845-7c63-4586-b274-1cfdfe9df3d8,GOOGL,us_equity,,14,14,244.5818,simple,market,market,sell,day,,,filled,False,,,,
50202190-a891-4d07-8626-c6eb6a7397cb,fc8c9dc8-b266-462b-b797-89116bd6471e,2025-10-08T14:59:00.214310+00:00,2025-10-08T14:59:00.237127+00:00,2025-10-08T14:59:00.222133+00:00,2025-10-08T14:59:00.228000+00:00,,,,,,,f801f835-bfe6-4a9d-a6b1-ccbb84bfd75f,AMZN,us_equity,,9,9,223.53,simple,market,market,sell,day,,,filled,False,,,,
29c577bc-eca7-4d42-b84f-e3f70ec543e1,6c4338f8-8df9-4cf6-b8cb-6f52d83c9cb5,2025-10-08T14:59:00.213598+00:00,2025-10-08T14:59:00.240618+00:00,2025-10-08T14:59:00.222071+00:00,2025-10-08T14:59:00.231000+00:00,,,,,,,b0b6dd9d-8b9b-48a9-ba46-b9d54906e415,AAPL,us_equity,,2,2,257.6041,simple,market,market,buy,day,,,filled,False,,,,
10a249ec-341b-4fe8-b955-8c90ac9df68b,b074a13e-d823-41b4-a6d1-bb3556f6b432,2025-10-08T14:00:36.613594+00:00,2025-10-08T14:04:25.451453+00:00,2025-10-08T14:00:36.616507+00:00,2025-10-08T14:04:25.443000+00:00,,,,,,,69b15845-7c63-4586-b274-1cfdfe9df3d8,GOOGL,us_equity,,14,14,244.75,simple,limit,limit,buy,day,244.75,,filled,False,,,,
66eac820-ef7a-4473-b6bf-66c1b5155c35,846b6cf9-ec5b-4a98-ae15-9df74536ad2b,2025-10-08T14:00:36.574299+00:00,2025-10-08T14:00:36.588376+00:00,2025-10-08T14:00:36.576783+00:00,2025-10-08T14:00:36.582000+00:00,,,,,,,7a8b4fcf-0622-47ef-8541-de7f70ffc0c4,AVGO,us_equity,,14,14,343.73,simple,limit,limit,buy,day,344.26,,filled,False,,,,
3f4b5d01-e41d-4f90-b94d-be902c5a52d7,c8c4e82a-2dcf-4acd-9b42-e110fb675589,2025-10-08T14:00:36.571938+00:00,2025-10-08T14:00:41.097675+00:00,2025-10-08T14:00:36.575031+00:00,2025-10-08T14:00:41.091000+00:00,,,,,,,f801f835-bfe6-4a9d-a6b1-ccbb84bfd75f,AMZN,us_equity,,9,9,222.17,simple,limit,limit,buy,day,222.17,,filled,False,,,,
22f93efe-42a1-4e45-a0e4-3029389106ad,231491e2-bef1-4011-93f3-025aaee10d31,2025-10-08T14:00:36.565755+00:00,2025-10-08T14:59:00.227421+00:00,2025-10-08T14:00:36.568472+00:00,,,2025-10-08T14:59:00.222000+00:00,,,,,bb2a26c0-4c77-4801-8afc-82e8142ac7b8,NFLX,us_equity,,5,0,,simple,limit,limit,buy,day,1201.91,,canceled,False,,,,
a918ca15-8833-4273-8074-3f249c202fc2,ed778b93-01cb-4b6e-a313-b89649e693cc,2025-10-08T14:00:36.563419+00:00,2025-10-08T14:00:36.577343+00:00,2025-10-08T14:00:36.566906+00:00,2025-10-08T14:00:36.571000+00:00,,,,,,,b0b6dd9d-8b9b-48a9-ba46-b9d54906e415,AAPL,us_equity,,2,2,257.34,simple,limit,limit,sell,day,257.2,,filled,False,,,,
3f4ace53-54b4-43a9-a403-19f8a729417f,ba20150a-08a0-4844-ac17-010eca1fb0db,2025-10-08T14:00:36.557377+00:00,2025-10-08T14:06:54.729603+00:00,2025-10-08T14:00:36.559977+00:00,2025-10-08T14:06:54.722000+00:00,,,,,,,b6d1aa75-5c9c-4353-a305-9e2caa1925ab,MSFT,us_equity,,5,5,525.78,simple,limit,limit,buy,day,525.78,,filled,False,,,,
7608728a-43c1-44d6-be45-a4280a6bbfe1,483900a9-0b72-4fb1-9f42-07d22f90fc0c,2025-10-08T14:00:36.555495+00:00,2025-10-08T14:00:36.593101+00:00,2025-10-08T14:00:36.557867+00:00,2025-10-08T14:00:36.587000+00:00,,,,,,,fc6a5dcd-4a70-4b8d-b64f-d83a6dae9ba4,META,us_equity,,4,4,713.38,simple,limit,limit,buy,day,713.38,,filled,False,,,,
a191c07b-4289-48f9-ab69-b6589d8374a2,a8fa21b5-56c5-4e2e-aa84-5694676133c0,2025-10-08T14:00:36.553680+00:00,2025-10-08T14:00:36.569910+00:00,2025-10-08T14:00:36.555949+00:00,2025-10-08T14:00:36.561000+00:00,,,,,,,80e04a93-e1a8-4503-ab61-2ef1992650b4,PLTR,us_equity,,12,12,182.6257,simple,limit,limit,sell,day,182.49,,filled,False,,,,
1b687b20-ea84-4ca6-8581-3636062fef59,df41ecd7-d908-4a8d-b12c-37f75cb1665e,2025-10-08T14:00:36.549423+00:00,2025-10-08T14:00:36.562366+00:00,2025-10-08T14:00:36.551815+00:00,2025-10-08T14:00:36.556000+00:00,,,,,,,8ccae427-5dd0-45b3-b5fe-7ba5e422c766,TSLA,us_equity,,6,6,433.555,simple,limit,limit,sell,day,432.22,,filled,False,,,,
ecf08690-19db-40b0-827f-9f646990e25a,658b7314-79a7-4b9d-a2cd-4ecabbe9842c,2025-10-08T14:00:36.544906+00:00,2025-10-08T14:00:36.560566+00:00,2025-10-08T14:00:36.547040+00:00,2025-10-08T14:00:36.552000+00:00,,,,,,,4ce9353c-66d1-46c2-898f-fce867ab0247,NVDA,us_equity,,13,13,188.89,simple,limit,limit,sell,day,188.67,,filled,False,,,,
8287f7d2-0f64-4433-b707-f78fc0a25565,60bbb739-a67a-4c0e-befa-e5e7092bfc10,2025-10-08T10:40:12.588566+00:00,2025-10-08T10:40:50.007523+00:00,2025-10-08T10:40:12.588566+00:00,,,2025-10-08T10:40:50.007522+00:00,,,,,69b15845-7c63-4586-b274-1cfdfe9df3d8,GOOGL,us_equity,,1,0,,simple,limit,limit,sell,day,245.28,,canceled,False,,,,
66c7e7be-d680-42f3-a5af-cd6b048a0a35,e6b4d393-3bb2-4142-a0fe-d5bd41472e72,2025-10-08T10:40:12.586574+00:00,2025-10-08T10:40:50.106248+00:00,2025-10-08T10:40:12.586574+00:00,,,2025-10-08T10:40:50.106247+00:00,,,,,bb2a26c0-4c77-4801-8afc-82e8142ac7b8,NFLX,us_equity,,1,0,,simple,limit,limit,sell,day,1199.5,,canceled,False,,,,
d9eab3a7-d290-4d89-81d8-3639169ec552,93a36d77-2f4a-41cf-b2a5-8c5e8bc25806,2025-10-08T10:40:12.584624+00:00,2025-10-08T10:40:50.205701+00:00,2025-10-08T10:40:12.584624+00:00,,,2025-10-08T10:40:50.205700+00:00,,,,,f801f835-bfe6-4a9d-a6b1-ccbb84bfd75f,AMZN,us_equity,,4,0,,simple,limit,limit,sell,day,222.97,,canceled,False,,,,
2cd39c0a-607b-458c-a70c-ee91bba65844,3984e7ba-aca9-46ee-b57d-8b8312b07e0c,2025-10-08T10:40:12.582829+00:00,2025-10-08T10:40:50.302078+00:00,2025-10-08T10:40:12.582829+00:00,,,2025-10-08T10:40:50.302077+00:00,,,,,b0b6dd9d-8b9b-48a9-ba46-b9d54906e415,AAPL,us_equity,,1,0,,simple,limit,limit,buy,day,255.91,,canceled,False,,,,
a8d75b74-9492-45fb-b91b-650235ffb6fd,534ddef6-1ab4-4e00-9772-4c66fd4555df,2025-10-08T10:40:12.581070+00:00,2025-10-08T10:40:50.394302+00:00,2025-10-08T10:40:12.581070+00:00,,,2025-10-08T10:40:50.394300+00:00,,,,,7a8b4fcf-0622-47ef-8541-de7f70ffc0c4,AVGO,us_equity,,1,0,,simple,limit,limit,buy,day,335.91,,canceled,False,,,,
ad90a60a-4990-4c2b-a605-fa32f257aa8b,05be1534-eef3-4a68-97d7-b858094c4391,2025-10-08T10:40:12.578916+00:00,2025-10-08T10:40:50.485581+00:00,2025-10-08T10:40:12.578916+00:00,,,2025-10-08T10:40:50.485581+00:00,,,,,4ce9353c-66d1-46c2-898f-fce867ab0247,NVDA,us_equity,,6,0,,simple,limit,limit,sell,day,186.24,,canceled,False,,,,
b2e4115b-8150-4ff5-a5c8-bdeee286513a,003a2dba-554b-4610-8dac-79d875f02647,2025-10-08T10:40:12.576988+00:00,2025-10-08T10:40:50.576429+00:00,2025-10-08T10:40:12.576988+00:00,,,2025-10-08T10:40:50.576427+00:00,,,,,80e04a93-e1a8-4503-ab61-2ef1992650b4,PLTR,us_equity,,3,0,,simple,limit,limit,sell,day,184.14,,canceled,False,,,,
b702a43e-c321-428f-8fc1-86a4ce18029e,8530f1a6-3abc-4514-ad0d-422b33ca90de,2025-10-08T10:40:12.574816+00:00,2025-10-08T10:40:50.694489+00:00,2025-10-08T10:40:12.574816+00:00,,,2025-10-08T10:40:50.694487+00:00,,,,,b6d1aa75-5c9c-4353-a305-9e2caa1925ab,MSFT,us_equity,,1,0,,simple,limit,limit,buy,day,524.52,,canceled,False,,,,
b5b56ab0-b919-44fe-86b5-b88c43fa0ad1,d141d226-7a9f-45fb-9904-a565cfcccb66,2025-10-08T10:40:12.572390+00:00,2025-10-08T10:40:50.793494+00:00,2025-10-08T10:40:12.572390+00:00,,,2025-10-08T10:40:50.793492+00:00,,,,,fc6a5dcd-4a70-4b8d-b64f-d83a6dae9ba4,META,us_equity,,1,0,,simple,limit,limit,sell,day,713.7,,canceled,False,,,,
25efcb39-198d-45c4-989d-7c923ae4f9e7,70ee8d5c-cdb5-465a-bf54-de255ce4a8d5,2025-10-08T10:40:12.569848+00:00,2025-10-08T10:40:50.893047+00:00,2025-10-08T10:40:12.569848+00:00,,,2025-10-08T10:40:50.893045+00:00,,,,,8ccae427-5dd0-45b3-b5fe-7ba5e422c766,TSLA,us_equity,,5,0,,simple,limit,limit,buy,day,435.55,,canceled,False,,,,
f50190a9-5f80-4a96-8cae-242ace527827,2f4ddfda-1234-46cd-87c0-895600990cb6,2025-10-07T18:59:00.217130+00:00,2025-10-07T18:59:00.245241+00:00,2025-10-07T18:59:00.221406+00:00,2025-10-07T18:59:00.227000+00:00,,,,,,,8ccae427-5dd0-45b3-b5fe-7ba5e422c766,TSLA,us_equity,,1,1,440.53,simple,market,market,sell,day,,,filled,False,,,,
b0d3736c-d10f-4a38-b2b9-b3977f4201dc,5aa8066c-38e6-4c92-9538-7495efd95773,2025-10-07T18:59:00.216712+00:00,2025-10-07T18:59:00.244218+00:00,2025-10-07T18:59:00.221245+00:00,2025-10-07T18:59:00.227000+00:00,,,,,,,80e04a93-e1a8-4503-ab61-2ef1992650b4,PLTR,us_equity,,4,4,183.163,simple,market,market,sell,day,,,filled,False,,,,
92b0d866-552b-4f56-8fd0-0651861aa018,3846feb7-b084-4cd4-83e8-aa63c313c5a4,2025-10-07T18:59:00.215841+00:00,2025-10-07T18:59:00.242344+00:00,2025-10-07T18:59:00.220991+00:00,2025-10-07T18:59:00.227000+00:00,,,,,,,bb2a26c0-4c77-4801-8afc-82e8142ac7b8,NFLX,us_equity,,2,2,1192.16,simple,market,market,buy,day,,,filled,False,,,,
fb735d97-493f-4878-ba25-b0a29e230738,5c091437-3944-4f12-8c60-45faaa49bb05,2025-10-07T18:59:00.215427+00:00,2025-10-07T18:59:00.241350+00:00,2025-10-07T18:59:00.220815+00:00,2025-10-07T18:59:00.226000+00:00,,,,,,,b6d1aa75-5c9c-4353-a305-9e2caa1925ab,MSFT,us_equity,,1,1,523.01,simple,market,market,sell,day,,,filled,False,,,,
bc999f2b-9d6e-4858-9aa2-8207186d94d9,8e132296-238a-41d1-a9cf-516eb2b22e6a,2025-10-07T18:59:00.214622+00:00,2025-10-07T18:59:00.240398+00:00,2025-10-07T18:59:00.220621+00:00,2025-10-07T18:59:00.226000+00:00,,,,,,,69b15845-7c63-4586-b274-1cfdfe9df3d8,GOOGL,us_equity,,1,1,246.8143,simple,market,market,sell,day,,,filled,False,,,,
a6c415d1-e7fc-4855-9b44-93d6df318ae1,cf696fe8-73a8-4676-9f77-cb4269ae4af8,2025-10-07T18:59:00.216252+00:00,2025-10-07T18:59:00.238495+00:00,2025-10-07T18:59:00.220558+00:00,2025-10-07T18:59:00.229000+00:00,,,,,,,4ce9353c-66d1-46c2-898f-fce867ab0247,NVDA,us_equity,,2,2,185.6632,simple,market,market,sell,day,,,filled,False,,,,
ef0205c0-f2c9-4359-a903-0b1dc47c0909,43c0fddc-e976-4469-b867-8d68eac7344a,2025-10-07T18:59:00.214196+00:00,2025-10-07T18:59:00.237609+00:00,2025-10-07T18:59:00.220439+00:00,2025-10-07T18:59:00.226000+00:00,,,,,,,7a8b4fcf-0622-47ef-8541-de7f70ffc0c4,AVGO,us_equity,,4,4,334.5451,simple,market,market,sell,day,,,filled,False,,,,
3be461b6-7a36-4518-95dd-74bacbca85c9,267aba2d-3757-453f-b56a-00a84f4b2e9c,2025-10-07T18:59:00.213661+00:00,2025-10-07T18:59:00.240239+00:00,2025-10-07T18:59:00.220397+00:00,2025-10-07T18:59:00.229000+00:00,,,,,,,f801f835-bfe6-4a9d-a6b1-ccbb84bfd75f,AMZN,us_equity,,1,1,221.2668,simple,market,market,buy,day,,,filled,False,,,,
ad7047ea-95e1-4a17-a208-6a6c92c7523b,6d583ad1-c328-4f33-8aff-7ba0585fcc4c,2025-10-07T18:59:00.215034+00:00,2025-10-07T18:59:00.232141+00:00,2025-10-07T18:59:00.220364+00:00,2025-10-07T18:59:00.224000+00:00,,,,,,,fc6a5dcd-4a70-4b8d-b64f-d83a6dae9ba4,META,us_equity,,1,1,709.71,simple,market,market,sell,day,,,filled,False,,,,
baa1865e-f8c4-466b-b919-dbf4f0e19f67,ea49fe71-2a8d-4824-992f-3b17cffac7b8,2025-10-07T18:59:00.213115+00:00,2025-10-07T18:59:00.236664+00:00,2025-10-07T18:59:00.220197+00:00,2025-10-07T18:59:00.226000+00:00,,,,,,,b0b6dd9d-8b9b-48a9-ba46-b9d54906e415,AAPL,us_equity,,2,2,256.1287,simple,market,market,buy,day,,,filled,False,,,,
da83b591-add2-4f49-afdc-f10826282d1d,7c09de1a-310c-438d-9e77-0fd723a3bd69,2025-10-07T18:00:36.675080+00:00,2025-10-07T18:00:36.687940+00:00,2025-10-07T18:00:36.677629+00:00,2025-10-07T18:00:36.682000+00:00,,,,,,,7a8b4fcf-0622-47ef-8541-de7f70ffc0c4,AVGO,us_equity,,4,4,330.13,simple,limit,limit,buy,day,330.25,,filled,False,,,,
8a0c8ec9-75e7-41b7-85a9-ae5a02cba4d1,633a9a84-43e2-4936-bc00-33ab49eac1ab,2025-10-07T18:00:36.672840+00:00,2025-10-07T18:01:44.854751+00:00,2025-10-07T18:00:36.675499+00:00,2025-10-07T18:01:44.848000+00:00,,,,,,,f801f835-bfe6-4a9d-a6b1-ccbb84bfd75f,AMZN,us_equity,,1,1,220.73,simple,limit,limit,sell,day,220.73,,filled,False,,,,
ddbc31ba-ca04-4646-945a-9f03bf271ed3,a8d2972c-bf13-481d-b9c0-8cbf68c546cc,2025-10-07T18:00:36.670492+00:00,2025-10-07T18:00:36.684421+00:00,2025-10-07T18:00:36.673258+00:00,2025-10-07T18:00:36.678000+00:00,,,,,,,80e04a93-e1a8-4503-ab61-2ef1992650b4,PLTR,us_equity,,4,4,183.6026,simple,limit,limit,buy,day,183.74,,filled,False,,,,
959cc773-34d9-407b-a346-b5abc0fa70b0,63b2c07f-b318-4391-8fff-3e7549912b89,2025-10-07T18:00:36.666198+00:00,2025-10-07T18:00:36.680058+00:00,2025-10-07T18:00:36.668885+00:00,2025-10-07T18:00:36.674000+00:00,,,,,,,69b15845-7c63-4586-b274-1cfdfe9df3d8,GOOGL,us_equity,,1,1,246.5866,simple,limit,limit,buy,day,246.78,,filled,False,,,,
a5f8f99a-60be-4066-ac99-795d25b05335,811784ae-a261-4e75-8a38-2eba6928b2ff,2025-10-07T18:00:36.662826+00:00,2025-10-07T18:21:21.406931+00:00,2025-10-07T18:00:36.665538+00:00,2025-10-07T18:21:21.401000+00:00,,,,,,,bb2a26c0-4c77-4801-8afc-82e8142ac7b8,NFLX,us_equity,,2,2,1189.42,simple,limit,limit,sell,day,1189.42,,filled,False,,,,
5dd2715a-6c2d-44b5-8cdb-0a17c2f411e7,a8b37df8-fc6a-4135-8b51-2a75966a7e82,2025-10-07T18:00:36.655027+00:00,2025-10-07T18:00:36.669366+00:00,2025-10-07T18:00:36.657505+00:00,2025-10-07T18:00:36.662000+00:00,,,,,,,b6d1aa75-5c9c-4353-a305-9e2caa1925ab,MSFT,us_equity,,1,1,522.0049,simple,limit,limit,buy,day,522.07,,filled,False,,,,
c99ef5be-fee8-49af-bfbd-a458deb3d25b,97722444-93a7-4bc2-8ef8-896316ffb9f9,2025-10-07T18:00:36.647380+00:00,2025-10-07T18:05:40.946072+00:00,2025-10-07T18:00:36.649981+00:00,2025-10-07T18:05:40.941000+00:00,,,,,,,b0b6dd9d-8b9b-48a9-ba46-b9d54906e415,AAPL,us_equity,,2,2,255.86,simple,limit,limit,sell,day,255.86,,filled,False,,,,
e8ea44c9-c4d0-434a-bf1b-7cbb4ef4a6ae,3744a619-3f20-41e6-aee3-5ae7730c359e,2025-10-07T18:00:36.645541+00:00,2025-10-07T18:00:36.665080+00:00,2025-10-07T18:00:36.647819+00:00,2025-10-07T18:00:36.657000+00:00,,,,,,,fc6a5dcd-4a70-4b8d-b64f-d83a6dae9ba4,META,us_equity,,1,1,707.4283,simple,limit,limit,buy,day,707.66,,filled,False,,,,
2e7a6c79-f59e-4afa-8021-33df8febcc88,8401c816-9407-44bc-a363-46ea58e0f200,2025-10-07T18:00:36.643665+00:00,2025-10-07T18:00:36.658954+00:00,2025-10-07T18:00:36.646048+00:00,2025-10-07T18:00:36.651000+00:00,,,,,,,4ce9353c-66d1-46c2-898f-fce867ab0247,NVDA,us_equity,,2,2,185.3076,simple,limit,limit,buy,day,185.39,,filled,False,,,,
50a4a03b-c35a-4498-a464-bc979ea18733,95215257-dc03-4ff4-a8c9-134f461a4559,2025-10-07T18:00:36.641474+00:00,2025-10-07T18:00:36.661819+00:00,2025-10-07T18:00:36.644202+00:00,2025-10-07T18:00:36.653000+00:00,,,,,,,8ccae427-5dd0-45b3-b5fe-7ba5e422c766,TSLA,us_equity,,1,1,447.0208,simple,limit,limit,buy,day,447.43,,filled,False,,,,
c2c9b663-1898-4492-82f1-7eb2f362e7ad,5bd36700-7f5e-417a-96ca-7d8e81ebb301,2025-10-07T17:59:00.224092+00:00,2025-10-07T17:59:00.252669+00:00,2025-10-07T17:59:00.230911+00:00,2025-10-07T17:59:00.240000+00:00,,,,,,,8ccae427-5dd0-45b3-b5fe-7ba5e422c766,TSLA,us_equity,,2,2,447.3392,simple,market,market,sell,day,,,filled,False,,,,
f15555b3-d6dc-43a8-a81f-25e95f445c60,14f0f226-cd5f-4813-8f57-ff621ecc1cb6,2025-10-07T17:59:00.223675+00:00,2025-10-07T17:59:00.251666+00:00,2025-10-07T17:59:00.230685+00:00,2025-10-07T17:59:00.240000+00:00,,,,,,,80e04a93-e1a8-4503-ab61-2ef1992650b4,PLTR,us_equity,,1,1,183.7937,simple,market,market,buy,day,,,filled,False,,,,
427d3432-4f8e-4aa6-a45d-0eba27f3d5ab,a86ee4ad-1a40-47c3-8622-b6f75aa9dbfc,2025-10-07T17:59:00.222403+00:00,2025-10-07T17:59:00.250711+00:00,2025-10-07T17:59:00.230538+00:00,2025-10-07T17:59:00.240000+00:00,,,,,,,b6d1aa75-5c9c-4353-a305-9e2caa1925ab,MSFT,us_equity,,1,1,522.0228,simple,market,market,sell,day,,,filled,False,,,,
856f8f27-655c-446e-afc9-d3e112c4912f,3f7e5904-f584-4e70-b83b-0800138bb790,2025-10-07T17:59:00.222013+00:00,2025-10-07T17:59:00.249785+00:00,2025-10-07T17:59:00.230330+00:00,2025-10-07T17:59:00.239000+00:00,,,,,,,fc6a5dcd-4a70-4b8d-b64f-d83a6dae9ba4,META,us_equity,,1,1,707.6981,simple,market,market,sell,day,,,filled,False,,,,
24f94e8c-07c5-4306-8add-3fda5a787cd8,58d050e9-05e0-4a20-a751-0de7bdfb586e,2025-10-07T17:59:00.221649+00:00,2025-10-07T17:59:00.248038+00:00,2025-10-07T17:59:00.230171+00:00,2025-10-07T17:59:00.239000+00:00,,,,,,,69b15845-7c63-4586-b274-1cfdfe9df3d8,GOOGL,us_equity,,1,1,246.763,simple,market,market,sell,day,,,filled,False,,,,
ebfbaae0-e31c-4299-9c18-6f7cf497fd77,6a44e273-4a2b-4823-a4bc-baf357822c40,2025-10-07T17:59:00.220825+00:00,2025-10-07T17:59:00.243817+00:00,2025-10-07T17:59:00.230121+00:00,2025-10-07T17:59:00.236000+00:00,,,,,,,f801f835-bfe6-4a9d-a6b1-ccbb84bfd75f,AMZN,us_equity,,1,1,220.73,simple,market,market,sell,day,,,filled,False,,,,
957c0e0c-8d58-4b44-98db-47aafa4feb80,59abde29-ad51-4d7b-87c1-20ff1e25f938,2025-10-07T17:59:00.221279+00:00,2025-10-07T17:59:00.248924+00:00,2025-10-07T17:59:00.229924+00:00,2025-10-07T17:59:00.239000+00:00,,,,,,,7a8b4fcf-0622-47ef-8541-de7f70ffc0c4,AVGO,us_equity,,7,7,330.0588,simple,market,market,sell,day,,,filled,False,,,,
840720d4-1446-404f-bfa7-1a5fe4e40558,d2bd7a03-f19c-41f2-bc69-2e8ab96b936c,2025-10-07T17:59:00.220284+00:00,2025-10-07T17:59:00.242488+00:00,2025-10-07T17:59:00.229866+00:00,2025-10-07T17:59:00.234000+00:00,,,,,,,b0b6dd9d-8b9b-48a9-ba46-b9d54906e415,AAPL,us_equity,,1,1,255.86,simple,market,market,sell,day,,,filled,False,,,,
47280fd6-8c4e-4bc3-b018-a19e52fe0dae,e3c20294-d276-49ea-b2e9-3fdc6bb55929,2025-10-07T17:59:00.223264+00:00,2025-10-07T17:59:00.274918+00:00,2025-10-07T17:59:00.229863+00:00,2025-10-07T17:59:00.252000+00:00,,,,,,,4ce9353c-66d1-46c2-898f-fce867ab0247,NVDA,us_equity,,16,16,185.38,simple,market,market,sell,day,,,filled,False,,,,
756ecc00-320d-40fd-84e3-7ba844080574,b7862af9-16e2-4adf-a65b-38589831a740,2025-10-07T17:59:00.222849+00:00,2025-10-07T17:59:00.243559+00:00,2025-10-07T17:59:00.229823+00:00,2025-10-07T17:59:00.235000+00:00,,,,,,,bb2a26c0-4c77-4801-8afc-82e8142ac7b8,NFLX,us_equity,,1,1,1189.08,simple,market,market,buy,day,,,filled,False,,,,
d0aff38b-23ba-4f56-a2d3-8fae300b7851,a6ca8bbd-321d-4bc8-8bd4-e25204be6c36,2025-10-07T17:00:36.692564+00:00,2025-10-07T17:00:38.925226+00:00,2025-10-07T17:00:36.695518+00:00,2025-10-07T17:00:38.919000+00:00,,,,,,,f801f835-bfe6-4a9d-a6b1-ccbb84bfd75f,AMZN,us_equity,,1,1,220.52,simple,limit,limit,buy,day,220.52,,filled,False,,,,
9b6f6051-5c79-42c7-9114-2980db323493,217f868c-2d24-4893-942f-16f2ef552df0,2025-10-07T17:00:36.683134+00:00,2025-10-07T17:00:36.697853+00:00,2025-10-07T17:00:36.685668+00:00,2025-10-07T17:00:36.691000+00:00,,,,,,,7a8b4fcf-0622-47ef-8541-de7f70ffc0c4,AVGO,us_equity,,7,7,330.1,simple,limit,limit,buy,day,330.17,,filled,False,,,,
38baa409-0a46-46da-a112-2e5730c68c81,a6e38dc0-6f93-4d83-b775-43bede10636a,2025-10-07T17:00:36.680800+00:00,2025-10-07T17:00:36.695903+00:00,2025-10-07T17:00:36.683489+00:00,2025-10-07T17:00:36.689000+00:00,,,,,,,8ccae427-5dd0-45b3-b5fe-7ba5e422c766,TSLA,us_equity,,2,2,445.985,simple,limit,limit,buy,day,446.18,,filled,False,,,,
1d09b903-cb32-44bf-8599-1cdfcfd32bc1,a3ccf321-ecc7-4b5c-b8c3-409c2d419366,2025-10-07T17:00:36.675710+00:00,2025-10-07T17:00:38.096074+00:00,2025-10-07T17:00:36.678381+00:00,2025-10-07T17:00:38.088000+00:00,,,,,,,69b15845-7c63-4586-b274-1cfdfe9df3d8,GOOGL,us_equity,,1,1,245.94,simple,limit,limit,buy,day,245.94,,filled,False,,,,
8f4693aa-3f5d-4c22-86cc-5034be9e0519,5b9477ce-de56-49b1-a26e-233907bd3ecc,2025-10-07T17:00:36.673474+00:00,2025-10-07T17:00:55.559990+00:00,2025-10-07T17:00:36.676122+00:00,2025-10-07T17:00:55.554000+00:00,,,,,,,bb2a26c0-4c77-4801-8afc-82e8142ac7b8,NFLX,us_equity,,1,1,1186.13,simple,limit,limit,sell,day,1186.13,,filled,False,,,,
45211cfc-b42c-4a7d-8232-a9f4c5fb21d7,71b9074b-dd5b-4627-93c5-b92e26881ca1,2025-10-07T17:00:36.670975+00:00,2025-10-07T17:01:00.622739+00:00,2025-10-07T17:00:36.673868+00:00,2025-10-07T17:01:00.617000+00:00,,,,,,,80e04a93-e1a8-4503-ab61-2ef1992650b4,PLTR,us_equity,,1,1,184.16,simple,limit,limit,sell,day,184.16,,filled,False,,,,
70a99125-669b-4d54-a8f5-a75d79427543,3e1bd02d-70c5-434b-ab5d-68e1297bf2cd,2025-10-07T17:00:36.665810+00:00,2025-10-07T17:00:36.685231+00:00,2025-10-07T17:00:36.668268+00:00,2025-10-07T17:00:36.677000+00:00,,,,,,,b6d1aa75-5c9c-4353-a305-9e2caa1925ab,MSFT,us_equity,,1,1,522.2305,simple,limit,limit,buy,day,522.36,,filled,False,,,,
aa6cacbf-48d1-461f-a831-f91882a1e10d,a4af9b7c-0f4f-41ce-a1c4-7878130279bd,2025-10-07T17:00:36.663110+00:00,2025-10-07T17:00:36.678829+00:00,2025-10-07T17:00:36.665625+00:00,2025-10-07T17:00:36.671000+00:00,,,,,,,fc6a5dcd-4a70-4b8d-b64f-d83a6dae9ba4,META,us_equity,,1,1,706.08,simple,limit,limit,buy,day,706.08,,filled,False,,,,
d4b7f848-40b7-4e6b-9899-64f02edad210,d6646eaf-2f1e-4311-a444-5af4d16c8547,2025-10-07T17:00:36.654394+00:00,2025-10-07T17:00:36.669782+00:00,2025-10-07T17:00:36.656938+00:00,2025-10-07T17:00:36.662000+00:00,,,,,,,b0b6dd9d-8b9b-48a9-ba46-b9d54906e415,AAPL,us_equity,,1,1,255.9988,simple,limit,limit,buy,day,256.05,,filled,False,,,,
412d0724-f16d-4020-b0d1-e53e4e729acb,16c19931-2160-48ab-978f-d78296c9c762,2025-10-07T17:00:36.648859+00:00,2025-10-07T17:00:37.036474+00:00,2025-10-07T17:00:36.651354+00:00,2025-10-07T17:00:37.028000+00:00,,,,,,,4ce9353c-66d1-46c2-898f-fce867ab0247,NVDA,us_equity,,16,16,185.75,simple,limit,limit,buy,day,185.75,,filled,False,,,,
39c029e8-e69e-4a99-afe7-5afeeca06588,f4d4a3e5-6505-4ab9-a3ba-def7fc5edfdd,2025-10-07T16:59:00.214418+00:00,2025-10-07T16:59:00.272767+00:00,2025-10-07T16:59:00.219647+00:00,2025-10-07T16:59:00.262000+00:00,,,,,,,bb2a26c0-4c77-4801-8afc-82e8142ac7b8,NFLX,us_equity,,1,1,1186.3,simple,market,market,buy,day,,,filled,False,,,,
8df34e4f-af02-4823-be4c-6ecd31b1ec47,8870dfb2-aead-4bed-b3ff-243b72744b8b,2025-10-07T16:59:00.215229+00:00,2025-10-07T16:59:00.244666+00:00,2025-10-07T16:59:00.219539+00:00,2025-10-07T16:59:00.238000+00:00,,,,,,,8ccae427-5dd0-45b3-b5fe-7ba5e422c766,TSLA,us_equity,,37,37,446.22,simple,market,market,sell,day,,,filled,False,,,,
751e902a-e6ef-413d-83bc-f2b3cfc412cf,1010f04f-ec21-4eec-a828-fe64f1de767d,2025-10-07T16:59:00.214816+00:00,2025-10-07T16:59:00.236202+00:00,2025-10-07T16:59:00.219368+00:00,2025-10-07T16:59:00.228000+00:00,,,,,,,4ce9353c-66d1-46c2-898f-fce867ab0247,NVDA,us_equity,,54,54,185.6932,simple,market,market,sell,day,,,filled,False,,,,
a5d52709-7e23-44ef-b5f3-190668b7d86a,c77c1989-0bc6-4caf-b114-12b00a1555c4,2025-10-07T16:59:00.213011+00:00,2025-10-07T16:59:00.243590+00:00,2025-10-07T16:59:00.219299+00:00,2025-10-07T16:59:00.238000+00:00,,,,,,,69b15845-7c63-4586-b274-1cfdfe9df3d8,GOOGL,us_equity,,6,6,245.9715,simple,market,market,sell,day,,,filled,False,,,,
8c45b693-7c14-4b41-bf2a-a33cbb86e826,3e6f62b1-9554-4d1f-826f-c5b731978b80,2025-10-07T16:59:00.213488+00:00,2025-10-07T16:59:00.237143+00:00,2025-10-07T16:59:00.219207+00:00,2025-10-07T16:59:00.228000+00:00,,,,,,,fc6a5dcd-4a70-4b8d-b64f-d83a6dae9ba4,META,us_equity,,2,2,706.4012,simple,market,market,sell,day,,,filled,False,,,,
9180ae95-cea7-4bcd-b643-da5b4a4f763b,2304e727-29c5-4f5a-a829-7daf326e52bb,2025-10-07T16:59:00.212533+00:00,2025-10-07T16:59:00.235269+00:00,2025-10-07T16:59:00.219132+00:00,2025-10-07T16:59:00.224000+00:00,,,,,,,f801f835-bfe6-4a9d-a6b1-ccbb84bfd75f,AMZN,us_equity,,3,3,220.4899,simple,market,market,buy,day,,,filled,False,,,,
169fc301-4c88-4c6d-b574-0ae15512ef74,85f4dfbe-8e76-48a5-a6a1-a969aab9609e,2025-10-07T16:59:00.213988+00:00,2025-10-07T16:59:00.234292+00:00,2025-10-07T16:59:00.219087+00:00,2025-10-07T16:59:00.224000+00:00,,,,,,,b6d1aa75-5c9c-4353-a305-9e2caa1925ab,MSFT,us_equity,,1,1,522.325,simple,market,market,buy,day,,,filled,False,,,,
f703a1f5-531a-46b6-b6ee-cdffa5d19dbe,e883f5b7-ba40-4148-b317-7112f25fcf11,2025-10-07T16:59:00.211947+00:00,2025-10-07T16:59:00.233201+00:00,2025-10-07T16:59:00.218929+00:00,2025-10-07T16:59:00.224000+00:00,,,,,,,b0b6dd9d-8b9b-48a9-ba46-b9d54906e415,AAPL,us_equity,,3,3,255.9675,simple,market,market,buy,day,,,filled,False,,,,
99cd1bcb-a7fa-4fea-9f1c-98c5a253cad3,5acefc76-db11-4128-a074-3c8b0f58eb73,2025-10-07T16:00:36.686047+00:00,2025-10-07T16:12:18.937367+00:00,2025-10-07T16:00:36.688418+00:00,2025-10-07T16:12:18.928000+00:00,,,,,,,69b15845-7c63-4586-b274-1cfdfe9df3d8,GOOGL,us_equity,,6,6,246.61,simple,limit,limit,buy,day,246.61,,filled,False,,,,
415681c5-2c6d-46f0-bcc2-aee17e642e76,4995989d-71e8-48f6-bc29-336e7fa07f72,2025-10-07T16:00:36.682869+00:00,2025-10-07T16:01:02.767647+00:00,2025-10-07T16:00:36.685398+00:00,2025-10-07T16:01:02.761000+00:00,,,,,,,b6d1aa75-5c9c-4353-a305-9e2caa1925ab,MSFT,us_equity,,1,1,522.93,simple,limit,limit,sell,day,522.93,,filled,False,,,,
2ad4b649-b0d4-4a46-84a9-cb7768015eb9,813643be-0a5c-4295-8631-74869440b071,2025-10-07T16:00:36.679798+00:00,2025-10-07T16:59:00.225083+00:00,2025-10-07T16:00:36.682215+00:00,,,2025-10-07T16:59:00.218000+00:00,,,,,7a8b4fcf-0622-47ef-8541-de7f70ffc0c4,AVGO,us_equity,,8,0,,simple,limit,limit,buy,day,328.69,,canceled,False,,,,
7b98de8f-4219-4831-8890-5dd9ce16cbd8,ef384a9f-a35f-4042-97f3-4d59ebc1400d,2025-10-07T16:00:36.676293+00:00,2025-10-07T16:00:36.699400+00:00,2025-10-07T16:00:36.678673+00:00,2025-10-07T16:00:36.692000+00:00,,,,,,,bb2a26c0-4c77-4801-8afc-82e8142ac7b8,NFLX,us_equity,,1,1,1193,simple,limit,limit,sell,day,1192.91,,filled,False,,,,
c6ab61ac-bbf2-4bed-9dc6-2c642192c6ce,8e99bb6b-3c55-41e5-8f2e-4885499f4f0d,2025-10-07T16:00:36.674242+00:00,2025-10-07T16:00:36.693403+00:00,2025-10-07T16:00:36.677099+00:00,2025-10-07T16:00:36.686000+00:00,,,,,,,f801f835-bfe6-4a9d-a6b1-ccbb84bfd75f,AMZN,us_equity,,3,3,220.6865,simple,limit,limit,sell,day,220.68,,filled,False,,,,
9102b424-b6db-40a2-85f5-42a089f6fc36,b3ad2821-954d-4dd8-8bb7-f83239cba6a9,2025-10-07T16:00:36.672636+00:00,2025-10-07T16:29:04.871114+00:00,2025-10-07T16:00:36.674753+00:00,2025-10-07T16:29:04.865000+00:00,,,,,,,fc6a5dcd-4a70-4b8d-b64f-d83a6dae9ba4,META,us_equity,,2,2,708.8,simple,limit,limit,buy,day,708.8,,filled,False,,,,
69cb06e1-b8fb-4a0a-a906-30f1dcca56f9,42fab656-a1be-4321-aa71-c77e47cbd29f,2025-10-07T16:00:36.668466+00:00,2025-10-07T16:59:00.224139+00:00,2025-10-07T16:00:36.671033+00:00,,,2025-10-07T16:59:00.218000+00:00,,,,,80e04a93-e1a8-4503-ab61-2ef1992650b4,PLTR,us_equity,,18,0,,simple,limit,limit,buy,day,181.81,,canceled,False,,,,
